4
2043
-0.188268768908549
1.300000000000000
-2.132635000000000
-0.105244800000000
-0.136245395677114,0.978785584524591,0.447671715100327,0.048845814344656
0.828398400044917,0.064932916199299,0.382499219547345,0.084752869104240
-2.225432357453764,0.326712809421585,-0.459913919062396,0.025328766778434,-1,1.000000000000000
-2.213759230128221,0.326712809421585,-1.056716966844157,-0.149235235082121,-1,1.000000000000000
-2.205067759937538,0.326712809421585,-0.560489287674981,0.086578610646437,-1,0.754416830616974
-2.138276225819413,0.326712809421585,-0.376407866323780,-0.440807665150610,-1,0.891610024660617
-2.131624836826266,0.326712809421585,-1.170385956944196,0.444433162599092,1,1.000000000000000
-2.097052099845548,0.326712809421585,-1.170385956944196,0.659024127981408,1,1.000000000000000
-2.070362043468325,0.326712809421585,-1.170385956944196,2.601707623421472,-1,0.727412338945113
-2.053160175382598,0.326712809421585,-1.170385956944196,1.042645359258088,-1,1.000000000000000
-2.031757430038041,0.326712809421585,-0.132922402195998,1.935169716244314,-1,0.204164818202352
-1.958024791253746,0.326712809421585,-1.170385956944196,3.201628316813739,-1,0.264171693861250
-1.937599836305641,0.326712809421585,-1.170385956944196,0.666752479917133,-1,1.000000000000000
-1.937298049146242,0.326712809421585,-1.170385956944196,0.953114466909567,-1,1.000000000000000
-1.916667878929746,0.326712809421585,-1.170385956944196,0.088376779860184,1,1.000000000000000
-1.889205247424462,0.326712809421585,-1.170385956944196,0.830027188446235,1,1.000000000000000
-1.884183509092067,0.326712809421585,-1.170385956944196,0.258708476622503,1,1.000000000000000
-1.870144370436839,0.326712809421585,-1.170385956944196,0.239046605377172,1,1.000000000000000
-1.863613696307450,0.326712809421585,-1.170385956944196,0.452718427834613,-1,1.000000000000000
-1.833881625363488,0.326712809421585,-1.170385956944196,0.586296206612530,-1,1.000000000000000
-1.826167945569257,0.326712809421585,-1.170385956944196,0.041258610974499,-1,1.000000000000000
-1.808326288705605,0.326712809421585,-1.170385956944196,-0.436399554794600,1,1.000000000000000
-1.795578799092603,0.326712809421585,-1.122770173514485,0.495437925572759,-1,1.000000000000000
-1.787973762675755,0.326712809421585,-1.170385956944196,0.911511155573130,1,1.000000000000000
-1.781358588141735,0.326712809421585,-0.170768231050580,-0.287690724837486,1,1.000000000000000
-1.777580212906063,0.326712809421585,-1.170385956944196,0.764165111339034,1,1.000000000000000
-1.769262958793034,0.326712809421585,1.443998462410736,-0.455440798082955,1,1.000000000000000
-1.768961171633636,0.326712809421585,-1.170385956944196,0.952548114401300,-1,1.000000000000000
-1.767633308132282,0.326712809421585,-1.170385956944196,0.750029896653540,1,1.000000000000000
-1.760728417925239,0.326712809421585,1.443127872399091,-0.186929534210457,-1,1.000000000000000
-1.759002195373478,0.326712809421585,-1.170385956944196,0.777368204188005,1,1.000000000000000
-1.758978052400726,0.326712809421585,1.443998462410736,-0.459842772953460,1,1.000000000000000
-1.756624112557416,0.326712809421585,1.196319525674308,-0.091606507563849,-1,1.000000000000000
-1.753244096372151,0.326712809421585,-1.170385956944196,-0.381352450793178,1,1.000000000000000
-1.751988661789052,0.326712809421585,-1.170385956944196,0.325838947368010,-1,1.000000000000000
-1.751952447329924,0.326712809421585,-1.170385956944196,-0.037688568875785,-1,1.000000000000000
-1.742959189979842,0.326712809421585,1.443998462410736,-0.452276303443014,1,1.000000000000000
-1.740122390681494,0.326712809421585,1.443998462410736,-0.421616574427776,1,1.000000000000000
-1.737937451647448,0.326712809421585,0.852925360960876,0.838793853313783,-1,0.050653846789270
-1.736995875710123,0.326712809421585,-1.170385956944196,-0.560805254701135,-1,0.262182486981205
-1.732251781564375,0.326712809421585,-0.243793216652002,3.397397500504653,-1,0.249601884180825
-1.728268191060312,0.326712809421585,-1.170385956944196,0.590050651781916,1,1.000000000000000
-1.725769393380491,0.326712809421585,1.443998462410736,-0.475036476878883,1,1.000000000000000
-1.721713373958172,0.326712809421585,1.443998462410736,-0.480159607276581,1,1.000000000000000
-1.720723512075344,0.326712809421585,-1.170385956944196,0.708025418957081,1,1.000000000000000
-1.717971213181628,-7.023534614167135,0.169486057975207,-0.381352450793178,-1,1.000000000000000
-1.715013699019521,0.326712809421585,-1.170385956944196,0.731009891584244,1,1.000000000000000
-1.711525039456872,0.326712809421585,-1.170385956944196,-0.109292044535541,-1,1.000000000000000
-1.710185104469141,0.326712809421585,-1.170385956944196,0.283177264781750,-1,1.000000000000000
-1.703775145203512,0.326712809421585,-1.170385956944196,-0.179621227051697,-1,1.000000000000000
-1.693973098266242,0.326712809421585,-1.170385956944196,0.127248620245292,1,1.000000000000000
-1.693731668538723,0.326712809421585,-1.170385956944196,-0.011308341001138,-1,1.000000000000000
-1.688951359933847,0.326712809421585,-1.170385956944196,0.431950989297102,-1,1.000000000000000
-1.688444357506058,0.326712809421585,1.443998462410736,-0.491400288684407,-1,1.000000000000000
-1.672847997108331,0.326712809421585,-1.170385956944196,0.369971966574706,1,1.000000000000000
-1.658953716289614,0.326712809421585,1.443998462410736,-0.480058135785516,-1,0.935602371827959
-1.657263708196982,0.326712809421585,-1.170385956944196,-0.146592256710209,1,1.000000000000000
-1.656623919419056,0.326712809421585,-1.170385956944196,0.421054603018260,-1,1.000000000000000
-1.644793862770626,0.326712809421585,1.443998462410736,-0.480474876839516,1,1.000000000000000
-1.628726714404238,0.326712809421585,1.443998462410736,-0.449750135275932,1,1.000000000000000
-1.628569785081351,0.326712809421585,-1.170385956944196,0.315691798261562,-1,1.000000000000000
-1.625189768896086,0.326712809421585,-1.170385956944196,-0.296550601888686,1,1.000000000000000
-1.625105268491454,0.326712809421585,-1.170385956944196,0.893234488170935,-1,1.000000000000000
-1.623246259589558,-5.967413866571013,0.034434802024589,-0.322602817268962,-1,1.000000000000000
-1.615930938845733,0.326712809421585,-1.170385956944196,2.883102226955982,1,1.000000000000000
-1.615798152495597,0.326712809421585,-1.170385956944196,0.174911903420185,-1,1.000000000000000
-1.614941076962905,0.326712809421585,-1.170385956944196,0.076564790359643,-1,1.000000000000000
-1.606563465417996,0.326712809421585,-1.170385956944196,0.129839682970613,-1,1.000000000000000
-1.605054529621003,0.326712809421585,-1.170385956944196,0.107600907812668,-1,1.000000000000000
-1.603569736796761,0.326712809421585,-1.170385956944196,0.948807828044622,-1,0.159251294414295
-1.603497307878506,0.326712809421585,-0.485665605593042,-0.322464768845072,1,1.000000000000000
-1.591631036770948,0.326712809421585,-1.170385956944196,0.648287028345515,-1,1.000000000000000
-1.578955976076202,0.326712809421585,-1.170385956944196,-0.451291086058842,1,1.000000000000000
-1.574489526117100,0.326712809421585,1.443998462410736,-0.524199650279836,1,1.000000000000000
-1.573632450584408,0.326712809421585,-1.170385956944196,0.853554415560488,1,1.000000000000000
-1.563576902433243,-2.654825851275283,0.049660976882912,-0.560182266942042,1,1.000000000000000
-1.560703888675767,0.326712809421585,-1.170385956944196,0.718278759158829,-1,1.000000000000000
-1.553509282795702,0.326712809421585,-1.170385956944196,0.951651389596545,1,1.000000000000000
-1.548970403918345,0.326712809421585,-1.170385956944196,0.479429028005749,-1,1.000000000000000
-1.538806212389796,0.326712809421585,-1.170385956944196,0.627957333100853,1,1.000000000000000
-1.538287138475630,0.326712809421585,-1.170385956944196,0.630423326313931,1,1.000000000000000
-1.537828421993344,0.326712809421585,-1.170385956944196,-0.178274959943504,1,1.000000000000000
-1.533301614602364,0.326712809421585,-1.126812796142133,0.732331380770201,-1,0.041108676355445
-1.530730388004286,-0.475915549976858,-1.030952208391413,-0.562875391108956,1,1.000000000000000
-1.529016236938902,0.326712809421585,-1.170385956944196,0.604949262452511,-1,1.000000000000000
-1.527893588705938,0.326712809421585,0.485389970519121,-0.383134101392101,1,1.000000000000000
-1.523149494560190,0.326712809421585,-1.170385956944196,0.246629829482654,-1,1.000000000000000
-1.522219990109242,0.326712809421585,-1.170385956944196,0.020110064394967,1,1.000000000000000
-1.516667106376306,0.326712809421585,1.443998462410736,-0.493974006864162,1,1.000000000000000
-1.493175993888710,0.326712809421585,1.319504090745474,-0.557217175581053,1,1.000000000000000
-1.487550681237517,0.326712809421585,-1.170385956944196,0.965515227038494,1,1.000000000000000
-1.487224751105367,0.326712809421585,-1.170385956944196,0.025934056021644,1,1.000000000000000
-1.486464247463682,0.326712809421585,-1.170385956944196,0.600085710287769,1,1.000000000000000
-1.486053816926900,0.326712809421585,-1.170385956944196,0.757640258483376,-1,1.000000000000000
-1.485848601658508,0.326712809421585,-1.170385956944196,0.280180316092171,-1,0.572462711931745
-1.485196741394207,0.326712809421585,0.085036212461204,-0.454186563257356,1,1.000000000000000
-1.483108374251168,0.326712809421585,-1.170385956944196,-0.376552613285617,1,1.000000000000000
-1.471242103143611,0.326712809421585,-1.170385956944196,0.663472354973421,-1,1.000000000000000
-1.460136335677738,0.326712809421585,-0.176044058808838,2.026505857212935,-1,0.575162645336880
-1.459653476222700,0.326712809421585,-0.843587904524829,-0.414429797078081,1,1.000000000000000
-1.456708033546968,-0.591388571040417,0.849819472270683,-0.556123643279674,1,1.000000000000000
-1.453195231011567,0.326712809421585,-1.170385956944196,0.475639185804597,-1,1.000000000000000
-1.450696433331746,0.326712809421585,-1.170385956944196,0.715399800575139,-1,1.000000000000000
-1.443043110969394,0.326712809421585,-1.170385956944196,0.866663116324748,-1,1.000000000000000
-1.442391250705093,-5.386383439965789,0.177656009285691,-0.408680139218113,-1,0.857832223211255
-1.442137749491198,0.326712809421585,0.330942596561309,-0.446389777060216,1,1.000000000000000
-1.441956677195559,0.326712809421585,-1.170385956944196,0.778772286448084,1,1.000000000000000
-1.439566522893121,0.326712809421585,-1.170385956944196,3.262369623325360,1,1.000000000000000
-1.437755799936728,0.326712809421585,1.443998462410736,-0.493634431339414,1,1.000000000000000
-1.431973557962649,-1.611810937358155,0.395656454093602,-0.481432248558699,1,1.000000000000000
-1.429124687177925,0.326712809421585,1.443998462410736,-0.459405265640824,-1,1.000000000000000
-1.425370454915005,0.326712809421585,1.443998462410736,-0.462293545442879,-1,1.000000000000000
-1.422014581702491,0.326712809421585,-1.170385956944196,0.527104110191230,1,1.000000000000000
-1.417572274716142,0.326712809421585,1.200800580569083,-0.410403974665151,1,1.000000000000000
-1.414481974203899,0.326712809421585,-1.170385956944196,0.542010980169238,1,1.000000000000000
-1.414325044881012,0.326712809421585,-1.170385956944196,3.090753014309911,-1,1.000000000000000
-1.405392144962810,0.326712809421585,-1.170385956944196,0.553472539055288,1,1.000000000000000
-1.404981714426028,0.326712809421585,1.042781957494432,-0.461748785123989,1,1.000000000000000
-1.393091300345718,0.326712809421585,-1.170385956944196,0.772625001931270,-1,1.000000000000000
-1.392282510758530,0.326712809421585,-1.170385956944196,2.948303559470205,1,1.000000000000000
-1.386415768379818,0.326712809421585,-1.170385956944196,0.665548980837066,-1,1.000000000000000
-1.377989870889406,0.326712809421585,1.443998462410736,-0.473255180250278,-1,1.000000000000000
-1.376662007388052,0.326712809421585,-1.170385956944196,-0.248614761569190,1,1.000000000000000
-1.373619992821313,0.326712809421585,-1.170385956944196,0.564036193235524,1,1.000000000000000
-1.371833412837672,0.226701900007508,1.227770570239148,-0.558116614158244,1,1.000000000000000
-1.367210033555684,0.326712809421585,1.443998462410736,-0.489623475679826,-1,1.000000000000000
-1.366027027890841,0.326712809421585,-1.170385956944196,0.387838028408408,1,1.000000000000000
-1.363407515347260,0.326712809421585,-1.170385956944196,0.139020493109831,1,1.000000000000000
-1.360486215644280,0.326712809421585,0.316223612280341,-0.415818540624394,1,1.000000000000000
-1.360401715239649,0.326712809421585,-1.170385956944196,0.028641928951795,1,1.000000000000000
-1.359496353761453,0.326712809421585,-1.170385956944196,2.563785603388769,-1,0.100023723026970
-1.358265062151106,0.326712809421585,-1.170385956944196,0.558752596293818,-1,1.000000000000000
-1.357613201886805,0.326712809421585,0.164618074186368,-0.560967019136309,1,1.000000000000000
-1.354667759211073,0.326712809421585,-1.170385956944196,0.460243836788209,1,1.000000000000000
-1.353062251523072,0.242087009108934,0.833976302689392,-0.559969058820700,1,1.000000000000000
-1.353001894091192,0.326712809421585,-1.170385956944196,0.807101710872016,1,1.000000000000000
-1.351589530185206,0.326712809421585,-1.170385956944196,0.216578929413802,1,1.000000000000000
-1.345481358078976,0.326712809421585,-1.170385956944196,0.733629271934979,-1,1.000000000000000
-1.342885988508147,0.326712809421585,-1.170385956944196,0.716272927358717,1,1.000000000000000
-1.340025046237047,0.326712809421585,-1.170385956944196,0.848233061784897,-1,1.000000000000000
-1.339988831777919,0.326712809421585,-1.170385956944196,0.668935296876078,-1,1.000000000000000
-1.339868116914160,0.326712809421585,-1.170385956944196,0.698598009496555,-1,1.000000000000000
-1.329064136607685,-0.857940591388255,0.572537860753899,-0.561653131602053,1,1.000000000000000
-1.327965631347474,0.326712809421585,-1.170385956944196,0.037045184293205,1,1.000000000000000
-1.319998450339348,0.326712809421585,1.076350653438949,-0.496792672503743,1,1.000000000000000
-1.319660448720821,0.326712809421585,-1.170385956944196,0.520122635625782,1,1.000000000000000
-1.319298304129543,0.326712809421585,-1.170385956944196,3.257272450750959,-1,0.802528070862552
-1.315532000380247,0.326712809421585,-1.170385956944196,0.911345969424886,1,1.000000000000000
-1.310534405020604,0.326712809421585,1.443998462410736,-0.508512629721691,-1,1.000000000000000
-1.307021602485203,0.326712809421585,1.431057259534929,-0.487313465386732,-1,1.000000000000000
-1.302627581444358,-0.451089928483866,1.182560020475243,-0.560226985192174,-1,0.068452740276156
-1.301420432806763,0.326712809421585,-1.170385956944196,0.659637676532030,-1,1.000000000000000
-1.300599571733198,0.326712809421585,-1.170385956944196,3.213450925423810,-1,0.794695489585983
-1.299488994986611,0.326712809421585,1.443998462410736,-0.491548366267298,1,1.000000000000000
-1.294877687190998,0.326712809421585,1.200800580569083,-0.481825037621203,1,1.000000000000000
-1.293139393152862,0.046700743673700,1.306398181651248,-0.557255994325890,1,1.000000000000000
-1.291280384250966,-1.540013761551497,1.107297121810853,-0.556124941170839,-1,1.000000000000000
-1.288057297388588,0.326712809421585,1.325161618628958,-0.510032106305328,-1,1.000000000000000
-1.286439718214210,0.326712809421585,-1.170385956944196,0.788329485025087,-1,1.000000000000000
-1.277337817486745,0.326712809421585,1.245245115698116,-0.466124330210775,-1,1.000000000000000
-1.276746314654323,0.326712809421585,-1.170385956944196,3.360183421107284,-1,0.393908675162070
-1.274573447106652,0.326712809421585,1.443998462410736,-0.484097055100200,1,1.000000000000000
-1.273945729815103,0.326712809421585,-1.170385956944196,0.175580907320575,1,1.000000000000000
-1.271519361053538,0.326712809421585,1.443998462410736,-0.495387882303029,-1,1.000000000000000
-1.270529499170710,0.326712809421585,-1.170385956944196,1.075293221557555,1,1.000000000000000
-1.269720709583522,0.326712809421585,-1.170385956944196,0.583928145187339,-1,0.789161393202358
-1.269430993910498,0.326712809421585,-0.247662505592647,-0.361062872184518,1,1.000000000000000
-1.266606266098527,0.326712809421585,-1.170385956944196,0.871241132433239,-1,1.000000000000000
-1.264542041928239,0.326712809421585,1.443998462410736,-0.474125829241632,-1,1.000000000000000
-1.261186168715726,0.326712809421585,1.168800515276178,-0.521209780996610,1,1.000000000000000
-1.259134016031814,0.326712809421585,-1.170385956944196,3.114693206794776,-1,1.000000000000000
-1.255753999846548,0.326712809421585,1.443998462410736,-0.460154384823112,-1,1.000000000000000
-1.252880986089072,-0.956657857995006,0.986481189023623,-0.560517358842766,-1,1.000000000000000
-1.252663699334305,0.326712809421585,1.443998462410736,-0.432361933371081,1,1.000000000000000
-1.241992505377967,0.326712809421585,-1.170385956944196,0.794193593287767,-1,1.000000000000000
-1.238805632974716,0.326712809421585,1.236761438257310,-0.516685332396193,-1,1.000000000000000
-1.226866932948903,0.326712809421585,1.129485402377919,-0.485932863157726,1,1.000000000000000
-1.225877071066075,0.326712809421585,-1.170385956944196,3.452770257198328,-1,1.000000000000000
-1.224404349728209,0.326712809421585,-1.170385956944196,0.588222985041696,1,1.000000000000000
-1.222171124748659,0.326712809421585,-1.170385956944196,0.103101945075123,1,1.000000000000000
-1.219322253963935,0.326712809421585,-1.170385956944196,0.865518612297625,-1,1.000000000000000
-1.218139248299092,0.326712809421585,-1.170385956944196,0.249580762030936,1,1.000000000000000
-1.216895885202369,0.326712809421585,1.146910274532919,-0.519954248279846,-1,1.000000000000000
-1.215906023319541,0.326712809421585,1.151344270508145,-0.558215607857085,-1,1.000000000000000
-1.211186072146546,-0.967453615232344,1.117200409991370,-0.560050118023446,-1,1.000000000000000
-1.210908427959899,0.326712809421585,0.972760899590849,0.896974774527614,-1,0.767420493229124
-1.210172067290966,0.326712809421585,1.240939224559439,-0.528610238428070,-1,1.000000000000000
-1.209025276085251,0.326712809421585,1.443998462410736,-0.509228357704013,-1,1.000000000000000
-1.206792051105700,0.326712809421585,-1.170385956944196,3.404948867281544,-1,1.000000000000000
-1.205367615713338,0.326712809421585,-1.170385956944196,0.407399608063734,1,1.000000000000000
-1.204595040585277,0.326712809421585,-1.170385956944196,0.832245402436947,-1,1.000000000000000
-1.202603245333246,-3.369409497227425,-0.026592773476413,-0.494284556822862,1,1.000000000000000
-1.202168671823712,-2.180351550668827,-0.361171233927780,-0.534558945596672,1,1.000000000000000
-1.201456454127531,-0.434534380652000,-0.993139582218957,-0.399695192654671,-1,1.000000000000000
-1.200973594672493,-6.188888595287345,0.046209989449364,-0.563271719874637,1,1.000000000000000
-1.198100580915017,0.326712809421585,-1.170385956944196,0.767221055081557,1,1.000000000000000
-1.193585845010412,-6.188888595287345,0.308668041308405,-0.562792090094199,1,1.000000000000000
-1.191569906785629,0.326712809421585,-1.170385956944196,0.013874287298737,1,1.000000000000000
-1.189674683424605,0.326712809421585,-0.604384802075950,-0.499228578239820,1,1.000000000000000
-1.182962936999577,0.326712809421585,1.443998462410736,-0.513124862960889,1,1.000000000000000
-1.182045504035005,0.326712809421585,-1.170385956944196,0.679117843014293,-1,1.000000000000000
-1.181864431739366,0.051705909297288,1.361002214633895,-0.525971271719758,-1,1.000000000000000
-1.181441929716208,0.326712809421585,-1.170385956944196,1.081936064519102,1,1.000000000000000
-1.181019427693050,0.326712809421585,-0.262818092071647,2.679451304191688,-1,0.166804295016120
-1.180101994728477,-4.945528451840230,0.405933599246086,-0.556596311643865,-1,1.000000000000000
-1.178629273390611,0.326712809421585,1.148029231064403,-0.559202359112634,-1,1.000000000000000
-1.178605130417860,0.326712809421585,-1.170385956944196,0.840150739531505,-1,1.000000000000000
-1.175575187337497,0.326712809421585,-1.170385956944196,3.466716687714400,1,1.000000000000000
-1.173848964785736,0.326712809421585,1.443998462410736,-0.487889965044106,-1,1.000000000000000
-1.173366105330698,0.326712809421585,-1.170385956944196,-0.290771446502246,1,1.000000000000000
-1.171712311697193,0.326712809421585,1.388254557821251,-0.482765772735455,-1,1.000000000000000
-1.169756730904289,0.326712809421585,-1.170385956944196,3.107920574716751,1,1.000000000000000
-1.169346300367507,0.326712809421585,-1.170385956944196,3.500650642168056,1,1.000000000000000
-1.168308152539175,0.326712809421585,1.047880007112174,-0.555271990695368,-1,1.000000000000000
-1.162731125833487,0.326712809421585,1.008266854390108,-0.496720226578727,1,1.000000000000000
-1.160920402877095,0.326712809421585,1.348351208428636,-0.440566965334597,1,1.000000000000000
-1.159640825321244,0.326712809421585,-1.170385956944196,1.369371761475125,1,1.000000000000000
-1.159447681539229,0.326712809421585,-1.170385956944196,0.869683663035504,-1,1.000000000000000
-1.157093741695919,0.326712809421585,0.989921718919494,-0.506237662490046,-1,0.029992971669334
-1.156164237244971,0.326712809421585,-1.170385956944196,0.614258681807148,1,1.000000000000000
-1.155729663735437,0.326712809421585,0.166291280214755,1.661338278497284,1,1.000000000000000
-1.155705520762685,-1.927013167567260,0.870582913329200,-0.510789248814817,-1,1.000000000000000
-1.155608948871677,0.326712809421585,-1.170385956944196,-0.186377340514897,1,1.000000000000000
-1.152120289309028,0.326712809421585,-1.170385956944196,-0.453537617674967,1,1.000000000000000
-1.149609420142831,0.326712809421585,-1.170385956944196,0.719435062196540,1,1.000000000000000
-1.149536991224575,0.326712809421585,1.422029790134897,-0.514020053894268,-1,1.000000000000000
-1.148088412859461,-2.408910513806235,0.527617507660542,-0.560353824556004,-1,0.109111003926207
-1.146060403148302,0.326712809421585,-1.170385956944196,0.738667449456436,-1,1.000000000000000
-1.137827649439904,0.326712809421585,0.790402357572003,-0.558804614465682,1,1.000000000000000
-1.135002921627933,-0.386269183531009,-1.045891585278933,-0.540578092858490,1,1.000000000000000
-1.132540338407239,-0.418471649127687,1.219448984632341,-0.558848034824650,-1,1.000000000000000
-1.132407552057104,0.326712809421585,-1.170385956944196,-0.560461785502893,-1,1.000000000000000
-1.129957040322786,0.326712809421585,1.443998462410736,-0.517202247050093,-1,1.000000000000000
-1.128448104525793,0.326712809421585,-1.170385956944196,0.100934466829943,1,1.000000000000000
-1.123595367002661,-1.512939665655292,-0.768173371564117,-0.559114220503535,1,1.000000000000000
-1.123366008761518,0.326712809421585,-1.170385956944196,0.951863771787145,1,1.000000000000000
-1.122508933228826,0.326712809421585,1.199378355444954,-0.503688250272104,-1,1.000000000000000
-1.122388218365066,0.326712809421585,1.443998462410736,-0.509831995085741,-1,1.000000000000000
-1.118392556374627,-2.306527925912058,0.759740857101809,-0.536155351729349,1,1.000000000000000
-1.118163198133484,0.326712809421585,0.872101870676845,-0.436005467840931,-1,1.000000000000000
-1.114070964252037,0.326712809421585,0.433894440611087,-0.557264253633302,1,1.000000000000000
-1.113189745746593,-0.277233575484863,0.965756963731397,-0.560273119323576,1,1.000000000000000
-1.112006740081750,0.326712809421585,-0.124632189202223,-0.106993597272825,1,1.000000000000000
-1.111041021171674,0.326712809421585,-1.170385956944196,-0.194470281877819,1,1.000000000000000
-1.110727162525900,-2.281440495755678,0.442744131870604,-0.560072536143565,-1,1.000000000000000
-1.110630590634892,0.326712809421585,0.136806252733270,-0.509553656425949,1,1.000000000000000
-1.107021216208483,0.326712809421585,1.367851901812605,-0.561353672713307,-1,1.000000000000000
-1.102482337331127,0.326712809421585,-1.170385956944196,-0.398826785475329,1,1.000000000000000
-1.102011549362465,0.326712809421585,1.443998462410736,-0.513326626041959,-1,1.000000000000000
-1.099669681005530,0.326712809421585,1.443998462410736,-0.507111261234048,-1,1.000000000000000
-1.099536894655395,0.326712809421585,1.420861160299445,-0.507149726008567,-1,1.000000000000000
-1.095191159560054,0.326712809421585,-1.170385956944196,0.197603760584744,1,1.000000000000000
-1.091630071079149,0.326712809421585,-1.170385956944196,0.237642523117094,1,1.000000000000000
-1.091424855810758,0.326712809421585,-1.170385956944196,0.036316005438812,1,1.000000000000000
-1.089493417990606,0.326712809421585,-1.170385956944196,0.821708885981065,-1,1.000000000000000
-1.088008625166364,0.326712809421585,-1.170385956944196,0.173888929202128,1,1.000000000000000
-1.085702971268558,0.326712809421585,0.607395448217158,-0.188206187156176,1,1.000000000000000
-1.081333093200464,0.326712809421585,-1.170385956944196,0.308923885787773,1,1.000000000000000
-1.081164092391201,-5.173471394593196,0.098359115462237,-0.560302970820366,-1,1.000000000000000
-1.079124011193666,-2.486837092438085,-0.574123302421917,-0.557645597655535,-1,1.000000000000000
-1.076757999863980,0.326712809421585,-1.170385956944196,0.992652951392948,-1,1.000000000000000
-1.075212849607858,-2.130808111250119,-0.654873793982532,-0.548714454580379,-1,1.000000000000000
-1.072919267196428,0.326712809421585,1.262445150793053,-0.512849592043850,-1,1.000000000000000
-1.072182906527495,-0.893130755849475,1.130272332088145,-0.557020368084430,1,1.000000000000000
-1.072110477609239,0.326712809421585,-1.170385956944196,0.969739272829318,1,1.000000000000000
-1.070794685594261,0.326712809421585,-1.170385956944196,-0.017941744754213,1,1.000000000000000
-1.065869519152874,0.326712809421585,-1.170385956944196,0.993384490049459,-1,1.000000000000000
-1.064408869301384,-0.893130755849475,0.823636412310843,-0.561323939206623,1,1.000000000000000
-1.063539722282316,0.326712809421585,-1.170385956944196,1.452200815809155,1,1.000000000000000
-1.063491436336812,0.326712809421585,1.410764407671897,-0.559959737602335,-1,1.000000000000000
-1.062260144726465,0.326712809421585,-1.170385956944196,0.972582834381241,-1,1.000000000000000
-1.061656570407668,0.326712809421585,-1.170385956944196,-0.269655937152363,-1,0.745547582810663
-1.061318568789141,0.326712809421585,-1.143525771419743,-0.455077388556818,-1,1.000000000000000
-1.056852118830040,-0.008078869012759,1.029521799719463,-0.564925433801745,-1,1.000000000000000
-1.055174182223783,0.326712809421585,-1.170385956944196,1.025619386978315,-1,0.812250620665414
-1.049452297681583,0.082260520365586,1.034789784324464,-0.562098544251784,-1,1.000000000000000
-1.047653646211567,0.326712809421585,-0.862811473160346,-0.561386591952850,1,1.000000000000000
-1.046893142569882,-0.368050380661150,1.117200409991370,-0.557216113670100,1,1.000000000000000
-1.045891209200679,0.326712809421585,-1.170385956944196,-0.492747853683765,1,1.000000000000000
-1.043066481388707,0.326712809421585,-1.170385956944196,-0.280640816010623,-1,1.000000000000000
-1.041031228785722,-1.485110944788147,0.781688614302293,-0.538419109900934,1,1.000000000000000
-1.041023985893896,0.326712809421585,-1.170385956944196,-0.452449748898671,1,1.000000000000000
-1.040064302727008,0.326712809421585,1.402827136574735,-0.509297971866487,1,1.000000000000000
-1.037017459565719,0.326712809421585,0.714815275239613,-0.559131093088677,-1,1.000000000000000
-1.036617893366675,0.326712809421585,1.148826618312306,-0.532092126452852,-1,1.000000000000000
-1.035314172838072,0.326712809421585,1.153511595191791,-0.411150852035428,1,1.000000000000000
-1.032861246806480,0.326712809421585,0.845680901734844,-0.530288411704128,-1,1.000000000000000
-1.032489445026100,-1.294391033765059,0.471204320659701,-0.558030009420522,1,1.000000000000000
-1.032326479960025,0.326712809421585,-1.170385956944196,3.435059942304399,1,1.000000000000000
-1.031749462911255,0.326712809421585,-1.009355040141564,-0.534693808287703,-1,1.000000000000000
-1.031155545781558,0.326712809421585,-1.170385956944196,0.813803548886507,-1,1.000000000000000
-1.030845308581696,0.326712809421585,-1.170385956944196,1.102324754816709,1,1.000000000000000
-1.030783744001179,0.326712809421585,1.443998462410736,-0.497590875570082,-1,1.000000000000000
-1.027724829353513,0.146588449010890,-0.987060092690189,-0.561472960710361,-1,1.000000000000000
-1.027308363073543,0.326712809421585,-1.170385956944196,0.914272124050931,1,1.000000000000000
-1.026733760322048,0.326712809421585,1.443998462410736,-0.501707904334864,-1,1.000000000000000
-1.023329601164030,0.326712809421585,-1.170385956944196,1.025902563232449,-1,1.000000000000000
-1.023088171436511,-2.193364981290154,-0.617344305642692,-0.557274046812091,-1,1.000000000000000
-1.020181357517183,0.326712809421585,0.843395929752328,-0.518247403408057,-1,1.000000000000000
-1.018820901002613,0.326712809421585,-1.170385956944196,0.982777179530045,-1,1.000000000000000
-1.017150207288182,0.326712809421585,-0.930514356399287,-0.559546890221830,-1,1.000000000000000
-1.015716114706719,-5.005867648496274,0.216837788578563,-0.559038234875343,1,1.000000000000000
-1.011032377992851,0.326712809421585,0.771727809664551,-0.355860688415875,1,1.000000000000000
-1.010934598953206,0.326712809421585,-1.170385956944196,0.029733337431268,1,1.000000000000000
-1.010930977507293,0.326712809421585,-1.170385956944196,1.371495583381126,1,1.000000000000000
-1.010840441359474,0.326712809421585,-1.170385956944196,-0.517919508903791,-1,1.000000000000000
-1.010834405616286,-2.896644653187794,0.500663204296993,-0.560202207269937,-1,1.000000000000000
-1.009434113196676,0.326712809421585,-1.170385956944196,-0.172125315624573,-1,1.000000000000000
-1.008707409716843,0.326712809421585,-1.170385956944196,0.961822136724171,1,1.000000000000000
-1.008564966177607,0.100232915081667,1.105095810129756,-0.554433435012815,-1,1.000000000000000
-1.008494951556627,0.326712809421585,0.740125130803389,-0.384551162563827,-1,1.000000000000000
-1.008091763911670,0.326712809421585,0.563907777785608,-0.562257594914522,1,1.000000000000000
-1.006034782633209,0.326712809421585,-1.170385956944196,1.023613555178203,1,1.000000000000000
-1.004711747726405,0.326712809421585,0.136806252733270,-0.555411219020317,1,1.000000000000000
-1.003778621829544,0.326712809421585,-1.170385956944196,1.577423715189077,1,1.000000000000000
-1.003696535722187,0.326712809421585,-1.170385956944196,0.793355863535955,-1,1.000000000000000
-1.002205707154757,0.326712809421585,-1.170385956944196,-0.273792670264829,-1,1.000000000000000
-1.002130863939227,0.326712809421585,-0.757587729050149,-0.556501447598731,-1,0.893343742742989
-1.002106720966475,0.326712809421585,-1.170385956944196,-0.452539421379147,-1,1.000000000000000
-1.001679390348766,-0.314980224541516,0.373044643250601,-0.560985661573039,-1,0.747789785200561
-1.001372774594817,0.326712809421585,1.350628337257894,-0.529231692315787,-1,1.000000000000000
-1.001147037799587,-6.031064172793432,0.223951528583628,-0.560759946500474,1,1.000000000000000
-1.001133759164573,0.326712809421585,0.737408785391679,-0.546887141810477,1,1.000000000000000
-1.001046844462666,0.287318305836552,0.315384394881728,-0.560098493966860,-1,1.000000000000000
-0.999391843680524,0.326712809421585,0.824802427761875,-0.367775329308539,-1,1.000000000000000
-0.997309512280673,-3.985429881668927,0.505502429857219,-0.531557395292963,-1,0.564384805577288
-0.995446881932864,0.326712809421585,0.755262416591454,-0.497275370026935,-1,1.000000000000000
-0.995352724339131,-0.892499334955423,-0.874416725597863,-0.460644161752657,1,1.000000000000000
-0.994457020050036,0.326712809421585,1.327370773463313,-0.534095126490423,-1,1.000000000000000
-0.993189513980561,0.326712809421585,-1.170385956944196,-0.257809730521115,-1,1.000000000000000
-0.992455567608904,-1.919189708684852,0.726323795453614,-0.556541092274309,-1,1.000000000000000
-0.992303466880567,0.326712809421585,-1.170385956944196,-0.137672204705005,-1,1.000000000000000
-0.992099458760813,0.326712809421585,-1.170385956944196,1.136530086513910,1,1.000000000000000
-0.991398105402371,0.326712809421585,-1.157443446876179,-0.550899749331548,-1,1.000000000000000
-0.989875890970363,0.326712809421585,-1.170385956944196,-0.180361025015621,-1,1.000000000000000
-0.989665847107422,0.326712809421585,-0.917606617644048,-0.548641418704833,-1,1.000000000000000
-0.989609111121455,-0.401500287536325,0.387120488964408,-0.557804412338062,-1,1.000000000000000
-0.989265073759740,0.326712809421585,0.932188267786879,-0.383204895455634,-1,1.000000000000000
-0.987115142036184,-2.522982088495190,0.736904209198743,-0.563354784909183,1,1.000000000000000
-0.986285830922156,-0.983962961535376,-0.166885870187837,-0.564230389484985,-1,0.588099222783573
-0.986105965775155,0.326712809421585,-1.170385956944196,-0.415059864243528,-1,1.000000000000000
-0.986034744005536,0.326712809421585,0.821526604084424,-0.558862783587886,1,1.000000000000000
-0.985864536047635,0.326712809421585,-1.170385956944196,-0.227358843993299,-1,1.000000000000000
-0.984662216004591,0.326712809421585,-1.170385956944196,0.993018720721203,1,1.000000000000000
-0.982731985333077,0.326712809421585,0.972763513975268,-0.523494069446620,1,1.000000000000000
-0.982369840741798,0.326712809421585,-1.170385956944196,0.994257616833037,1,1.000000000000000
-0.980862112093442,-1.598350891958107,0.828849494843037,-0.538951599248811,1,1.000000000000000
-0.978902909854626,-1.873357792082405,-0.236676862262517,-0.509238150882802,-1,1.000000000000000
-0.975099184497564,0.326712809421585,-1.170385956944196,0.611131944001091,1,1.000000000000000
-0.974685132514869,0.326712809421585,-1.170385956944196,0.537969819042542,1,1.000000000000000
-0.974022407912830,0.326712809421585,1.343444008873507,-0.464759184685640,-1,1.000000000000000
-0.973628877456974,0.044775679972322,0.482979508084476,-0.559948292562064,-1,1.000000000000000
-0.973325883148938,-1.027176791503947,0.572537860753899,-0.557716745689386,1,1.000000000000000
-0.972992710124961,0.105653894464753,1.086371588918336,-0.562623010272460,-1,1.000000000000000
-0.971558617543499,0.326712809421585,-1.170385956944196,-0.502402630078338,1,1.000000000000000
-0.970137803597049,0.326712809421585,-1.170385956944196,0.877353019918285,-1,1.000000000000000
-0.968929447810817,0.326712809421585,-1.170385956944196,0.912490473452008,-1,1.000000000000000
-0.967962521752104,0.326712809421585,-1.170385956944196,-0.412629268062216,-1,1.000000000000000
-0.966956966936987,0.326712809421585,1.268029475912794,-0.494079725999039,-1,1.000000000000000
-0.965807761433997,-1.154107791718118,0.452336308305217,-0.561180463237862,-1,1.000000000000000
-0.964803413767518,0.326712809421585,1.443998462410736,-0.419381841822239,-1,1.000000000000000
-0.963040976756629,-4.806785260754391,0.327175268613019,-0.557386963343427,-1,1.000000000000000
-0.961431847622715,0.326712809421585,1.443998462410736,-0.494739526671170,1,1.000000000000000
-0.960209006052832,0.326712809421585,-1.170385956944196,-0.208586618146371,1,1.000000000000000
-0.958590219729817,0.326712809421585,1.089966367494949,-0.325092408503218,1,1.000000000000000
-0.957885244925461,0.326712809421585,-1.170385956944196,-0.127038936362295,-1,1.000000000000000
-0.956498231140865,0.326712809421585,1.157054086080017,-0.560219079855079,-1,1.000000000000000
-0.955259696638693,0.326712809421585,-1.170385956944196,-0.157878010338485,-1,1.000000000000000
-0.953510538262818,-3.997411478146313,0.517641016716284,-0.560268989669870,-1,1.000000000000000
-0.952109038694570,-4.429334170697472,-0.244457270294518,-0.407499058258165,-1,1.000000000000000
-0.949744234513522,0.326712809421585,-1.170385956944196,3.750836862694944,-1,0.446298110867267
-0.947688460383698,-1.073332118808227,0.870109709749296,-0.560519600654778,-1,1.000000000000000
-0.946186767478529,0.326712809421585,0.572537860753899,-0.488040166448902,1,1.000000000000000
-0.945900673251419,0.326712809421585,0.255643096515049,-0.385301579637281,1,1.000000000000000
-0.945775129793110,-0.915261288160537,0.943372604332880,-0.560165748327217,-1,1.000000000000000
-0.945282613148971,0.326712809421585,-1.170385956944196,0.591893657235901,1,1.000000000000000
-0.945131719569272,-0.691846095233216,0.223951528583628,-0.561380810437661,-1,1.000000000000000
-0.944637995776495,0.326712809421585,-0.049936611956833,-0.479005310070669,-1,1.000000000000000
-0.943393425531135,-0.319461772838328,0.374477325912408,-0.556936241138931,-1,1.000000000000000
-0.943241324802798,0.326712809421585,-0.585150775902756,-0.535966095599503,-1,1.000000000000000
-0.942640164781276,0.326712809421585,1.206327389231599,-0.508211165001144,1,1.000000000000000
-0.941375073009076,0.326712809421585,1.159825333564533,-0.558199797182896,1,1.000000000000000
-0.941227800875290,-0.141739891926954,0.790402357572003,-0.559868649240589,-1,1.000000000000000
-0.941207279348451,0.326712809421585,0.231530629015338,-0.561341873702718,-1,1.000000000000000
-0.940922392269978,0.326712809421585,-0.677106519084727,-0.556405639632749,-1,1.000000000000000
-0.938461016197922,0.326712809421585,-1.170385956944196,0.936277278799217,-1,1.000000000000000
-0.937945563729669,0.326712809421585,-1.170385956944196,0.895051535801625,-1,1.000000000000000
-0.937345610856785,0.326712809421585,-1.170385956944196,0.824163080183555,1,1.000000000000000
-0.937328710775858,0.326712809421585,0.707552515322645,-0.556680910549788,1,1.000000000000000
-0.936763765213464,0.326712809421585,1.098703640224434,-0.566074563041018,-1,1.000000000000000
-0.935427451671646,0.326712809421585,0.983866804604268,-0.560510043456201,-1,1.000000000000000
-0.934587276219880,0.326712809421585,-1.170385956944196,1.037253211418964,-1,1.000000000000000
-0.933052990301497,0.326712809421585,-0.275623346957648,-0.506389397766219,-1,1.000000000000000
-0.933016775842369,-1.709650374917075,-0.275991975160777,-0.558739129956914,-1,1.000000000000000
-0.931827734434338,-0.553318511281934,1.257974553435955,-0.557083374800975,1,1.000000000000000
-0.931271238912407,0.326712809421585,1.008266854390108,-0.476278322743364,-1,1.000000000000000
-0.928986106541440,0.326712809421585,0.177656009285691,-0.559942275066664,1,1.000000000000000
-0.928634826287900,-1.397220236437958,-0.808393061471473,-0.527953623488798,-1,1.000000000000000
-0.927727050512429,-0.905327959461417,1.051840799507496,-0.558725679084843,1,1.000000000000000
-0.925674897828517,0.326712809421585,-0.999882602513358,-0.553361258920603,-1,1.000000000000000
-0.923611880806868,-1.277512075231362,-0.138391694401288,-0.556048719562435,-1,1.000000000000000
-0.923488751645833,0.326712809421585,-0.221116046198517,-0.559673493605448,-1,1.000000000000000
-0.922858620057008,0.326712809421585,-1.170385956944196,-0.351445498653511,-1,1.000000000000000
-0.920684545360700,0.326712809421585,-1.170385956944196,-0.437395391288302,1,1.000000000000000
-0.920667645279774,0.326712809421585,1.122933755023015,-0.529196295284020,-1,1.000000000000000
-0.920242728959340,0.326712809421585,0.717779987171162,-0.561145184196201,-1,1.000000000000000
-0.919285460089728,0.326712809421585,1.443998462410736,-0.491432028022891,-1,1.000000000000000
-0.918643257014527,0.326712809421585,1.443998462410736,-0.504683378825171,-1,1.000000000000000
-0.917630459307585,0.326712809421585,-1.170385956944196,0.496206041162096,1,1.000000000000000
-0.917003949164673,-1.633356250303995,0.965307289611268,-0.557555689194848,-1,1.000000000000000
-0.914744166915096,0.326712809421585,0.957004004695396,-0.556667105707399,1,1.000000000000000
-0.913987284719324,-0.579206767938087,1.192614942952082,-0.560727499221354,-1,1.000000000000000
-0.913409060521916,0.326712809421585,0.370234179999795,-0.452868613774577,-1,1.000000000000000
-0.912787378973554,0.326712809421585,0.225342381094725,-0.561040173001960,-1,1.000000000000000
-0.912683564190721,0.326712809421585,1.262803321458504,-0.540692307280990,-1,1.000000000000000
-0.911242228717433,0.326712809421585,-1.170385956944196,1.073334585799799,-1,1.000000000000000
-0.910322381455586,0.039739713329511,-0.239842881794356,-0.467664927023366,-1,1.000000000000000
-0.909293890816355,0.326712809421585,0.265381678477146,-0.565441923691263,-1,1.000000000000000
-0.906967715391709,0.326712809421585,-1.170385956944196,-0.419821944917205,-1,1.000000000000000
-0.906910979405743,0.326712809421585,0.364145278687117,-0.556640911903891,-1,1.000000000000000
-0.906518656098524,-0.956657857995006,-0.346956825839747,-0.561232260894347,1,1.000000000000000
-0.904116430309710,0.326712809421585,0.157556621869690,-0.054959960575806,1,1.000000000000000
-0.903827921785325,-1.225273546630722,-0.843587904524829,-0.465353500849002,-1,1.000000000000000
-0.903017925049499,-2.052234711214607,0.822757979145940,-0.555809553617798,-1,1.000000000000000
-0.901534339373895,0.326712809421585,0.006087031765524,-0.453614311243795,1,1.000000000000000
-0.901003193973353,-5.386383439965789,0.037274023504009,-0.162656609626987,-1,1.000000000000000
-0.901001986824716,0.326712809421585,-0.675265992453501,-0.559768711620901,-1,1.000000000000000
-0.901001986824716,0.326712809421585,1.367104187868669,-0.509520383216088,1,1.000000000000000
-0.899677744769274,0.268160071880421,-0.846824512435991,-0.560722543636907,-1,1.000000000000000
-0.899660844688348,0.326712809421585,-1.170385956944196,-0.014109426114941,-1,1.000000000000000
-0.899363886123499,0.326712809421585,-0.059272578718350,-0.470273570274465,1,1.000000000000000
-0.899299907245707,-0.537594590969063,-0.414418401396782,-0.559706294854886,-1,1.000000000000000
-0.898650461278681,0.326712809421585,0.107757827449818,-0.528994060242526,-1,1.000000000000000
-0.897344326452803,0.326712809421585,-0.973403071360363,-0.484822458271205,-1,1.000000000000000
-0.897193432873104,-2.622315375486383,0.055106739628429,-0.556712885868483,-1,1.000000000000000
-0.897143939778962,0.326712809421585,-1.170385956944196,0.823396144495277,1,1.000000000000000
-0.896989424753350,0.326712809421585,-0.510444741119688,-0.546523968264551,-1,1.000000000000000
-0.894874500340284,0.326712809421585,-1.170385956944196,0.791279237672310,1,1.000000000000000
-0.894670492220530,0.326712809421585,1.443998462410736,-0.557341301172448,-1,1.000000000000000
-0.894473726992602,0.326712809421585,-1.170385956944196,-0.511666623242208,1,1.000000000000000
-0.894420612452548,0.326712809421585,-0.140888431521772,-0.559763402066136,1,1.000000000000000
-0.892502453267410,0.112075906972556,1.399180070309735,-0.563598788448161,-1,1.000000000000000
-0.890758123486085,-0.876452003940722,0.032693622001299,-0.561200875526181,-1,1.000000000000000
-0.889936055263883,0.326712809421585,1.443998462410736,-0.459553107243502,1,1.000000000000000
-0.889713939914566,0.326712809421585,0.449395125833443,-0.560262854184364,-1,1.000000000000000
-0.886682789685565,0.326712809421585,-1.170385956944196,0.857743064319545,-1,1.000000000000000
-0.886080422515405,0.326712809421585,-1.170385956944196,-0.483899775643154,-1,1.000000000000000
-0.885562555749877,0.326712809421585,0.593536596410158,-0.490940245261546,-1,1.000000000000000
-0.885115910753967,-3.179089999454223,-0.231889924390678,-0.398098786521994,-1,1.000000000000000
-0.884334885585443,0.326712809421585,-0.922699961369835,5.697555619756409,-1,0.254442642624936
-0.884241935140348,0.326712809421585,1.178771777451598,-0.560123979829733,-1,1.000000000000000
-0.882454148008070,0.326712809421585,-1.170385956944196,0.195569611159219,1,1.000000000000000
-0.882235654104665,-0.443312671130292,1.149420083575500,-0.475362601531560,1,1.000000000000000
-0.879909478680020,0.326712809421585,1.443998462410736,-0.481190840802050,1,1.000000000000000
-0.879542505494191,0.326712809421585,-1.170385956944196,-0.307310119644698,-1,1.000000000000000
-0.878439171639430,0.326712809421585,-1.170385956944196,1.072414262973865,-1,1.000000000000000
-0.878317249627033,0.326712809421585,-1.170385956944196,1.099257012063597,1,1.000000000000000
-0.875828109136312,-4.713458172511505,0.485389970519121,-0.551058799994286,1,1.000000000000000
-0.875499764706886,0.326712809421585,1.443998462410736,-0.502540678502228,1,1.000000000000000
-0.875216084777051,0.326712809421585,0.332885084184890,-0.560892331399281,-1,1.000000000000000
-0.874104300881826,0.326712809421585,0.680880565476386,-0.425900795172603,-1,1.000000000000000
-0.873471754995727,0.326712809421585,-0.240269026454711,-0.561142588413872,-1,1.000000000000000
-0.872225977601729,-2.869616758820424,0.701275378331774,-0.558981127664092,1,1.000000000000000
-0.871548767216038,0.326712809421585,-1.170385956944196,-0.560489159207459,-1,1.000000000000000
-0.870758084858413,0.326712809421585,0.875654819102748,-0.560176957387277,-1,1.000000000000000
-0.870461126293565,0.326712809421585,1.443998462410736,-0.557846770786076,-1,1.000000000000000
-0.870374211591658,0.326712809421585,0.065504146464203,-0.560307336454284,-1,1.000000000000000
-0.869217763196842,0.326712809421585,0.228168530652048,-0.424256013096511,-1,1.000000000000000
-0.868774739646845,0.326712809421585,-1.170385956944196,-0.101120049801674,-1,1.000000000000000
-0.867184924891133,0.326712809421585,-1.170385956944196,-0.038718622500195,-1,1.000000000000000
-0.866586179166886,-2.598521588137329,-0.599427929216853,-0.560334592168744,-1,1.000000000000000
-0.864365025673711,0.326712809421585,0.921121578539750,-0.409666536503345,1,1.000000000000000
-0.864186367675347,0.326712809421585,-0.952520675810765,-0.385923387495315,1,1.000000000000000
-0.863719201152598,0.084185584066967,1.356853186560379,-0.557670493567878,1,1.000000000000000
-0.862804182485301,0.326712809421585,0.823636412310843,-0.560570572380522,-1,1.000000000000000
-0.862400994840344,0.326712809421585,0.072518539861332,-0.560073008103988,1,1.000000000000000
-0.862372023273042,0.175726213194973,0.738530356307582,-0.536991665599890,1,1.000000000000000
-0.861393025727952,-0.639376558988410,0.527267180148349,-0.562058781586099,-1,1.000000000000000
-0.860690465220872,-4.620608500066559,0.302913781201405,-0.560191234190089,1,1.000000000000000
-0.857812622868846,-1.073332118808227,-0.112883145621642,-0.561364409812943,-1,1.000000000000000
-0.856836039621032,0.326712809421585,1.443998462410736,-0.519052921860961,-1,1.000000000000000
-0.856715324757272,0.326712809421585,-1.170385956944196,0.239643635312970,1,1.000000000000000
-0.856703253270896,0.326712809421585,1.149880215233306,-0.557346846707425,1,1.000000000000000
-0.856595817042150,-5.307625233814943,-0.199746067954710,-0.560558065429298,1,1.000000000000000
-0.856052600155233,-4.137201903885701,0.539960016504317,-0.561274973312679,-1,1.000000000000000
-0.853742117662876,0.326712809421585,1.028073430751141,-0.557208444313217,1,1.000000000000000
-0.852250081946809,0.326712809421585,1.381749969385895,-0.507717730378317,-1,1.000000000000000
-0.851010340295999,0.326712809421585,1.369302885165347,-0.512869060411322,-1,1.000000000000000
-0.849757320010175,0.326712809421585,0.880554175504619,-0.364565998428360,-1,1.000000000000000
-0.849171852920942,0.326712809421585,1.443998462410736,-0.425619978720587,1,1.000000000000000
-0.847071414291527,0.326712809421585,-1.170385956944196,-0.032036842803705,-1,1.000000000000000
-0.846820327374907,0.326712809421585,0.020978565418169,-0.211025473635095,-1,1.000000000000000
-0.846520954512783,0.326712809421585,-1.170385956944196,-0.319176384593947,-1,1.000000000000000
-0.846362818041258,-2.715365254556271,-0.610159977258305,-0.561078873756692,1,1.000000000000000
-0.845823222600254,0.186706776547644,0.282050993534953,-0.561973238759330,-1,1.000000000000000
-0.845166533741402,0.326712809421585,1.443998462410736,-0.563208359187775,1,1.000000000000000
-0.845158083700939,-3.150814663808357,-0.560363797222851,-0.560757350718144,-1,1.000000000000000
-0.844103035791681,0.326712809421585,-0.128715857665255,-0.282090914411998,-1,1.000000000000000
-0.843899027671927,-5.699568203415849,0.178304376621691,-0.561443699164100,1,1.000000000000000
-0.843540504526562,0.326712809421585,1.443998462410736,-0.504540138836622,1,1.000000000000000
-0.843126452543867,-0.326438203692127,1.075059147535788,-0.566700901719119,-1,1.000000000000000
-0.840718191011865,0.326712809421585,-1.170385956944196,-0.059760977984427,-1,1.000000000000000
-0.840593854702193,-2.473377047038039,-0.114577266725384,-0.564192278680783,-1,1.000000000000000
-0.838538080572368,-1.363585523447450,0.406887849559151,-0.561695608040173,-1,1.000000000000000
-0.837880184564879,0.326712809421585,0.738530356307582,-0.453190726763654,-1,1.000000000000000
-0.836481099293907,0.326712809421585,-1.170385956944196,-0.056340444814707,1,1.000000000000000
-0.836143097675380,0.326712809421585,0.622334040789352,-0.478650041861838,1,1.000000000000000
-0.835892010758761,0.326712809421585,-0.268873006386873,-0.559674791496613,-1,1.000000000000000
-0.835292057885876,0.326712809421585,1.393721235642122,-0.421930428109440,1,1.000000000000000
-0.834842998592691,-3.128530126401186,0.434482677105442,-0.555654042658236,-1,1.000000000000000
-0.834833341403590,-3.523414593337800,-0.140477973167933,-0.560576471885817,-1,1.000000000000000
-0.832922425110277,0.326712809421585,1.368217915631314,-0.558478843783323,-1,1.000000000000000
-0.832519237465320,0.326712809421585,-1.170385956944196,1.145166962264980,-1,0.709001116151371
-0.832423872722950,0.046700743673700,0.581520885618802,-0.518221917545185,-1,1.000000000000000
-0.831788912539575,0.326712809421585,1.443998462410736,-0.467751413770983,1,1.000000000000000
-0.831277081517235,0.326712809421585,1.243917008413084,-0.557880751936572,-1,1.000000000000000
-0.830625221252934,0.326712809421585,-1.170385956944196,-0.301880214971689,-1,1.000000000000000
-0.829903346367652,0.326712809421585,0.653602078444837,-0.515131992652165,-1,1.000000000000000
-0.829521887398172,-0.333306830978651,-0.402669357816201,-0.559137110584077,-1,1.000000000000000
-0.827992430074340,0.326712809421585,1.443998462410736,-0.444460638828932,1,1.000000000000000
-0.825713333446561,0.326712809421585,0.307308561410341,-0.531218173738533,1,1.000000000000000
-0.824045054029404,0.254746228009206,1.361977380022314,-0.562931554399360,-1,1.000000000000000
-0.823547708790715,-5.212065071678455,-0.036435930815284,-0.561699619703773,-1,1.000000000000000
-0.822783583703118,-0.073300027215504,0.777586645148325,-0.478103039730936,-1,1.000000000000000
-0.822114823357890,-3.375338693427673,0.208108359002337,-0.497146524831304,-1,1.000000000000000
-0.820907674720295,0.326712809421585,-1.170385956944196,-0.243760648612920,-1,1.000000000000000
-0.820244950118256,0.326712809421585,-1.170385956944196,-0.153964278526149,-1,1.000000000000000
-0.818731185726712,0.326712809421585,0.413510085293377,-0.556552183344263,-1,1.000000000000000
-0.818336448122218,-4.562332971698393,0.248056152930081,-0.561278277035644,-1,1.000000000000000
-0.818023796625081,-3.864566682241503,-0.268873006386873,-0.554306005698455,-1,1.000000000000000
-0.817951367706825,0.326712809421585,1.313279241442990,-0.507657319444102,1,1.000000000000000
-0.817641130506964,0.326712809421585,0.136806252733270,-0.560568212578404,-1,1.000000000000000
-0.817499894116365,0.326712809421585,0.717779987171162,-0.559287076008662,-1,1.000000000000000
-0.816513653679450,0.326712809421585,-1.170385956944196,-0.418964156847393,-1,1.000000000000000
-0.816330167086535,-0.561773391058392,0.849819472270683,-0.555944888269252,1,1.000000000000000
-0.816295159776045,0.326712809421585,-0.738256970653438,-0.330435000497869,-1,1.000000000000000
-0.815718142727275,-0.276155539812090,1.036332271131883,-0.559768475640689,-1,1.000000000000000
-0.815170097245807,-3.145948102771270,0.344958311433471,-0.563830756996339,1,1.000000000000000
-0.814801916911340,0.326712809421585,-1.170385956944196,-0.186395039030780,1,1.000000000000000
-0.814075213431508,0.326712809421585,-0.242700403964711,-0.406562216817407,1,1.000000000000000
-0.810426003100059,0.326712809421585,-1.170385956944196,0.124788526537508,1,1.000000000000000
-0.810305288236299,0.326712809421585,-1.170385956944196,1.090266165994861,-1,1.000000000000000
-0.810101280116546,0.326712809421585,1.201425418445308,-0.557331390003553,1,1.000000000000000
-0.809095725301429,0.326712809421585,-0.563325894769981,-0.561594608509532,-1,1.000000000000000
-0.807275345155936,-1.159297763457038,0.627003331362320,-0.558319203170055,1,1.000000000000000
-0.807024258239317,0.326712809421585,-1.170385956944196,1.031743073473951,-1,1.000000000000000
-0.806803350038637,0.326712809421585,-0.617077638431918,-0.560701069437635,-1,1.000000000000000
-0.806623484891635,-0.964943332165745,-0.133646586680159,-0.556124469210415,-1,1.000000000000000
-0.806489491392862,0.326712809421585,-1.170385956944196,0.401998021016138,1,1.000000000000000
-0.805249749742052,0.115741228259982,1.366343402002637,-0.558978649871869,-1,1.000000000000000
-0.804245402075573,-0.270210943102230,-0.381137287738393,-0.558721667421243,-1,1.000000000000000
-0.802930817209232,0.326712809421585,-1.170385956944196,-0.251163347856391,-1,1.000000000000000
-0.802475722172859,0.326712809421585,-1.170385956944196,1.131539105034808,-1,1.000000000000000
-0.801429124304064,-2.525230562898402,-0.193983964694451,-0.525728802052156,-1,1.000000000000000
-0.800820721390716,0.209145319050924,1.387164359518380,-0.560906962172411,-1,1.000000000000000
-0.800372869246169,0.202507699408568,-0.363819605344586,-0.486848348389318,-1,1.000000000000000
-0.800247325787859,-2.355963561763487,-0.072571952259608,-0.459772568840456,-1,1.000000000000000
-0.799279192580508,0.326712809421585,-1.170385956944196,0.188027683590798,1,1.000000000000000
-0.799162099162661,0.326712809421585,-1.170385956944196,1.105215512410988,-1,1.000000000000000
-0.798582667816615,0.326712809421585,-1.170385956944196,-0.031169615525421,-1,1.000000000000000
-0.798219316076699,0.023261168045701,0.319204010518406,-0.559196341617234,1,1.000000000000000
-0.797819749877656,-1.743947309820856,0.147263790410690,-0.562604957786259,-1,1.000000000000000
-0.796934909926299,0.326712809421585,0.433894440611087,-0.564984063085361,-1,1.000000000000000
-0.796782809197962,-3.377879777513496,0.130170945076947,-0.415484628624728,-1,1.000000000000000
-0.795603424979031,0.326712809421585,0.744373505484840,-0.556712177927848,-1,1.000000000000000
-0.794996229214321,-0.285226439972991,-0.088571984906060,-0.556059810632388,-1,1.000000000000000
-0.794146396573454,0.326712809421585,-0.265406332646809,-0.532164100417444,-1,1.000000000000000
-0.793651465632040,0.326712809421585,-1.170385956944196,-0.248227754021875,-1,1.000000000000000
-0.792834226004389,0.326712809421585,-0.413963498507814,-0.518887853702822,-1,1.000000000000000
-0.791548612705350,0.326712809421585,-1.170385956944196,1.187147841940261,1,1.000000000000000
-0.791157496546769,0.326712809421585,-1.170385956944196,0.134651319488764,-1,1.000000000000000
-0.791112832047178,0.326712809421585,-1.170385956944196,0.715187418384539,1,1.000000000000000
-0.789389023792693,-1.746426791868234,-0.131335470853449,-0.555498531698675,-1,1.000000000000000
-0.788396747612590,0.326712809421585,-1.170385956944196,-0.545907823931599,1,1.000000000000000
-0.788136003506869,0.326712809421585,0.618404621007062,-0.559341941407901,-1,1.000000000000000
-0.787388778500198,0.326712809421585,-1.069832810599176,-0.423486717606115,1,1.000000000000000
-0.787345321149245,0.326712809421585,-1.170385956944196,0.996853399162594,1,1.000000000000000
-0.787074919854423,0.326712809421585,0.881764635490781,-0.560576471885817,-1,1.000000000000000
-0.786241987294483,0.326712809421585,-1.170385956944196,-0.377252294613538,1,1.000000000000000
-0.785854492581815,0.326712809421585,0.941231423493428,-0.416935906927162,-1,1.000000000000000
-0.785836385352251,-1.289663077314472,-0.250509570225324,-0.556930695603954,1,1.000000000000000
-0.785743434907156,0.326712809421585,0.212806407803918,-0.565385689606796,-1,1.000000000000000
-0.784621993822831,-0.881164559881700,0.608849045954319,-0.559602227581492,1,1.000000000000000
-0.783985826490818,0.326712809421585,-0.338535893625005,-0.524137705474244,1,1.000000000000000
-0.783776989776514,0.326712809421585,1.443998462410736,-0.558880128133451,1,1.000000000000000
-0.783359316347906,0.326712809421585,-1.170385956944196,0.134188798273679,-1,1.000000000000000
-0.782841449582378,-3.437849361938875,0.463604305152637,-0.565338741343663,1,1.000000000000000
-0.780516481306371,0.326712809421585,1.364170848550153,-0.548834096547750,-1,1.000000000000000
-0.780400595037161,0.326712809421585,-1.170385956944196,0.943049910877242,-1,1.000000000000000
-0.778297742110471,0.326712809421585,-0.305952820606584,-0.561412667766251,1,1.000000000000000
-0.777335644646308,0.326712809421585,1.280599436201053,-0.539703668183747,-1,1.000000000000000
-0.775745829890596,0.219017045711600,0.136806252733270,-0.528607288675423,-1,1.000000000000000
-0.775027576451227,-0.042160196781985,0.062813944896687,-0.558591406344341,-1,1.000000000000000
-0.773003188185980,-3.138401853061861,-0.109100131366835,-0.560693990031282,1,1.000000000000000
-0.772676050905192,0.326712809421585,-1.170385956944196,0.530374795926471,1,1.000000000000000
-0.772118348234623,0.326712809421585,-1.170385956944196,1.025088431501815,-1,1.000000000000000
-0.771951761722635,0.326712809421585,-1.170385956944196,-0.038954602711973,-1,1.000000000000000
-0.771943311682172,0.326712809421585,1.280599436201053,-0.510793496458629,1,1.000000000000000
-0.771618588698659,0.326712809421585,-1.170385956944196,0.925174409835069,-1,1.000000000000000
-0.771524431104926,0.326712809421585,-1.170385956944196,0.057544785290348,-1,1.000000000000000
-0.771064507474003,0.326712809421585,-0.924326369917116,-0.457393534335417,-1,1.000000000000000
-0.771037950203975,0.326712809421585,1.273208571447537,-0.442031222548678,1,1.000000000000000
-0.770232782062700,0.326712809421585,-1.170385956944196,0.151382316503814,1,1.000000000000000
-0.769561607420197,0.326712809421585,-1.170385956944196,-0.164235317243780,1,1.000000000000000
-0.769399849502759,0.326712809421585,0.639573291650579,-0.555318006836665,-1,1.000000000000000
-0.769002697600991,-3.405308085130752,0.580318268785899,-0.561964507491494,-1,1.000000000000000
-0.767552912087239,0.326712809421585,-1.170385956944196,0.893328880255646,1,1.000000000000000
-0.767289753684243,0.326712809421585,1.443998462410736,-0.516110130629985,1,1.000000000000000
-0.767099024199503,-1.693033225046767,0.751955220300970,-0.559441761037483,-1,1.000000000000000
-0.766192455572670,0.326712809421585,-1.170385956944196,0.973455961164819,-1,1.000000000000000
-0.765487480768314,-1.102208074328922,-0.004665931351283,-0.560383086102265,-1,1.000000000000000
-0.764654548208374,-2.463228111204364,-0.170768231050580,-0.555206152216282,-1,1.000000000000000
-0.763082840682225,-2.753389112785922,-0.351971215156070,-0.558926852215383,1,1.000000000000000
-0.762077285867109,0.326712809421585,-1.170385956944196,1.169048159696899,-1,1.000000000000000
-0.761660819587138,0.326712809421585,-1.170385956944196,1.096307259416373,-1,1.000000000000000
-0.760657679069297,0.326712809421585,1.443998462410736,-0.466153709747141,1,1.000000000000000
-0.759822332212081,0.326712809421585,0.474618706711379,-0.558059388956888,-1,1.000000000000000
-0.759236865122848,0.326712809421585,-1.170385956944196,-0.098256429931749,-1,1.000000000000000
-0.759181336285519,0.070032515734423,-0.686724839363533,-0.561111675006129,1,1.000000000000000
-0.758950770895738,-0.691507284021772,-0.069591554021544,-0.557733854254740,1,1.000000000000000
-0.758528268872580,0.326712809421585,0.797139626220681,-0.558082397027536,1,1.000000000000000
-0.757807601135936,0.326712809421585,1.284745849890150,-0.558591996294871,1,1.000000000000000
-0.757488913895611,-2.423371592331000,0.572537860753899,-0.554360281147164,-1,1.000000000000000
-0.757236619830353,-3.605329903958908,-0.059272578718350,-0.560784842412816,-1,1.000000000000000
-0.756738067443027,-0.170076829611264,-0.952520675810765,-0.562799641460976,1,1.000000000000000
-0.756688574348885,0.326712809421585,0.681468801970741,-0.560605025491442,-1,1.000000000000000
-0.756041542679134,0.326712809421585,-1.170385956944196,1.081888868476746,1,1.000000000000000
-0.754923723040722,0.326712809421585,-1.170385956944196,0.932761173643727,-1,1.000000000000000
-0.754712472029142,0.326712809421585,1.335064906809474,-0.492215836296311,-1,1.000000000000000
-0.753980939954760,0.326712809421585,-1.170385956944196,-0.475086976644204,-1,1.000000000000000
-0.753887989509665,0.326712809421585,0.447661788963410,-0.561115686669729,-1,1.000000000000000
-0.753068335584738,0.326712809421585,0.251473153366178,-0.557679460815926,-1,1.000000000000000
-0.752749648344413,0.326712809421585,0.087663668802656,-0.557712262065363,-1,1.000000000000000
-0.751853944055318,0.326712809421585,-0.728518388691341,-0.561299279274492,1,1.000000000000000
-0.751729607745645,-2.240043925921209,0.477813484471831,-0.556917480712095,1,1.000000000000000
-0.751524392477254,-1.913368316051880,0.410767596037474,-0.561565582943483,-1,1.000000000000000
-0.751247955439245,0.326712809421585,-0.436523021662428,-0.446873536494360,-1,1.000000000000000
-0.751212948128755,0.326712809421585,1.407687277210316,-0.548330868746134,-1,1.000000000000000
-0.749524147184760,0.326712809421585,-1.100668951948584,-0.522499294863870,-1,1.000000000000000
-0.749260988781764,0.326712809421585,-1.170385956944196,1.104377782659176,-1,1.000000000000000
-0.747369386866653,0.326712809421585,-0.346457478415650,-0.567591467440348,-1,1.000000000000000
-0.747212457543765,0.326712809421585,0.752838882234711,-0.545973662410685,1,1.000000000000000
-0.746536454306712,0.326712809421585,-1.170385956944196,-0.434039752676821,1,1.000000000000000
-0.746385560727013,0.326712809421585,-1.170385956944196,-0.284514431186956,-1,1.000000000000000
-0.742105011658102,0.326712809421585,-1.170385956944196,-0.111917324391570,-1,1.000000000000000
-0.741525580312056,0.326712809421585,0.659683136604256,-0.519819385588815,-1,1.000000000000000
-0.741373479583719,0.326712809421585,0.851678299592844,-0.558505391557148,1,1.000000000000000
-0.741366236691893,-0.597317767240668,-0.407856296504201,-0.536001020670846,1,1.000000000000000
-0.741135671302113,0.326712809421585,-1.170385956944196,-0.312469826975221,-1,1.000000000000000
-0.740722826468055,0.326712809421585,-1.170385956944196,0.244165016170634,1,1.000000000000000
-0.739031611226785,0.326712809421585,0.292116373549469,-0.560707794873671,1,1.000000000000000
-0.738141942680877,0.326712809421585,0.456480107609895,-0.562421129201284,-1,1.000000000000000
-0.737352467471890,0.326712809421585,-1.170385956944196,0.957763277081591,-1,1.000000000000000
-0.737203988189466,0.326712809421585,0.264335924709404,-0.558203926836602,-1,1.000000000000000
-0.736652321262085,0.326712809421585,0.231138471352435,-0.557941634831211,1,1.000000000000000
-0.735359465071221,0.326712809421585,-0.979089618910902,-0.529412807128326,-1,1.000000000000000
-0.734781240873813,0.326712809421585,1.249540549299117,-0.507158929236827,1,1.000000000000000
-0.731938405832277,0.326712809421585,1.257255597720633,-0.486278810148192,1,1.000000000000000
-0.731564189754623,0.326712809421585,0.838227291755263,-0.476409527741113,1,1.000000000000000
-0.730651585384601,0.326712809421585,-1.170385956944196,-0.377551989482496,-1,1.000000000000000
-0.730440334373022,-0.789269719032639,0.840679584340618,-0.555273642556850,-1,1.000000000000000
-0.730238740550544,0.326712809421585,-0.242700403964711,-0.560582843351535,1,1.000000000000000
-0.730212183280517,-1.094877431754067,0.441818639786152,-0.559840567595387,1,1.000000000000000
-0.728296438392654,0.326712809421585,0.422754548600216,-0.560287396126389,1,1.000000000000000
-0.728004308422356,0.326712809421585,-1.170385956944196,0.041377780981447,-1,1.000000000000000
-0.727812371788978,0.326712809421585,-1.170385956944196,-0.307944906414380,-1,1.000000000000000
-0.727465920129988,-1.240997466943592,-0.308195962438391,-0.559744287668982,-1,1.000000000000000
-0.726843031432989,0.326712809421585,0.708098921666291,-0.539576946810022,-1,1.000000000000000
-0.726571422989531,0.326712809421585,1.206327389231599,-0.464685558859565,1,1.000000000000000
-0.725816955091034,0.326712809421585,-0.353390825895780,-0.413854005361343,-1,1.000000000000000
-0.725564661025776,0.326712809421585,-1.170385956944196,-0.416492264129020,-1,1.000000000000000
-0.725544139498937,0.326712809421585,0.136806252733270,-0.556257680039964,1,1.000000000000000
-0.724970743896080,0.326712809421585,-1.170385956944196,-0.276054540594720,-1,1.000000000000000
-0.724755871438588,-0.204342963495823,0.854287455243360,-0.456977029261629,1,1.000000000000000
-0.724461327171015,0.015591714259404,-0.101521030935125,-0.560062742964776,1,1.000000000000000
-0.723941046108211,0.326712809421585,-1.170385956944196,0.891028073190812,1,1.000000000000000
-0.723665816218840,0.326712809421585,1.414288597869187,-0.475150927281595,1,1.000000000000000
-0.723280735803447,-0.877237429930886,-0.131335470853449,-0.562354228811245,-1,1.000000000000000
-0.723225206966118,0.326712809421585,1.443998462410736,-0.467325351498618,1,1.000000000000000
-0.723146742304674,0.326712809421585,0.763168315075583,-0.557845590885017,1,1.000000000000000
-0.719099172922818,-0.223300990827010,0.146633723765625,-0.561046426477572,1,1.000000000000000
-0.717906510068875,-1.849440800656463,0.010304033833943,-0.563568818961266,-1,1.000000000000000
-0.716987869955665,0.326712809421585,-1.170385956944196,0.509674611749318,1,1.000000000000000
-0.716914233888772,0.326712809421585,1.443998462410736,-0.531970006693257,1,1.000000000000000
-0.716735575890407,0.326712809421585,-1.170385956944196,-0.119893455549661,-1,1.000000000000000
-0.716688497093541,0.326712809421585,-0.810908099282893,-0.290810383237190,-1,1.000000000000000
-0.716628139661662,0.326712809421585,1.414288597869187,-0.538627244447722,1,1.000000000000000
-0.716157351692999,0.326712809421585,-1.170385956944196,-0.465924926931822,-1,1.000000000000000
-0.714370771709359,-0.732580443154410,0.297967365879986,-0.559787118077420,-1,1.000000000000000
-0.713181730301328,-2.166706699153447,-0.647509073073209,-0.561758260786400,1,1.000000000000000
-0.712589020320269,0.326712809421585,-0.183827081225257,-0.554667999343322,1,1.000000000000000
-0.709764292508297,-0.414067103378931,0.382712636833376,-0.559768711620901,-1,1.000000000000000
-0.709132953770835,0.326712809421585,1.443998462410736,-0.558665504130839,1,1.000000000000000
-0.709116053689909,-3.304296142591958,0.136806252733270,-0.517312095838675,-1,1.000000000000000
-0.708831166611436,0.326712809421585,-1.170385956944196,-0.066709415320226,-1,1.000000000000000
-0.708664580099448,0.326712809421585,0.572537860753899,-0.557553801353154,-1,1.000000000000000
-0.707467088650954,0.326712809421585,-1.170385956944196,0.180187241054479,-1,1.000000000000000
-0.706191132541016,0.326712809421585,0.461622601762766,-0.560807968473571,-1,1.000000000000000
-0.706012474542652,-7.246888205056012,0.136806252733270,-0.562059961487158,1,0.668153790805776
-0.705673265775488,-1.657396445806825,-0.734654348923567,-0.562303611055819,1,1.000000000000000
-0.705546515168541,-0.328625076056894,0.549604480627317,-0.557431327623241,1,1.000000000000000
-0.705244728009142,-0.182397237300094,1.325161618628958,-0.559340407536524,1,1.000000000000000
-0.704829468877809,0.326712809421585,1.140881504061887,-0.448263459941732,1,1.000000000000000
-0.704706339716774,0.326712809421585,-1.170385956944196,-0.534218662131288,1,1.000000000000000
-0.704340573679583,0.326712809421585,1.044959739715754,-0.557700463054774,1,1.000000000000000
-0.703765970928088,0.326712809421585,-1.170385956944196,1.037005432196597,-1,1.000000000000000
-0.702935452665423,0.326712809421585,-1.170385956944196,0.952642506486012,-1,0.542666228872282
-0.702499672007251,0.326712809421585,-1.170385956944196,0.983107551826534,-1,1.000000000000000
-0.701722268284640,0.326712809421585,-1.170385956944196,1.141709852162434,-1,1.000000000000000
-0.701663118001398,-3.042148667992877,0.033360290028234,-0.561018698802688,-1,1.000000000000000
-0.701384266666113,-5.004235194477503,0.102406182543398,-0.560482315781317,-1,1.000000000000000
-0.700911064400176,0.326712809421585,0.407259092146699,-0.556221221097244,-1,1.000000000000000
-0.700395611931923,-0.435689418872828,0.713508083029936,-0.563961961994088,-1,1.000000000000000
-0.698710432433841,-2.584830535093117,0.829618123862327,-0.562283316757606,-1,1.000000000000000
-0.698116515304144,0.326712809421585,-1.170385956944196,0.185572309487250,1,1.000000000000000
-0.697928200116679,0.326712809421585,0.192040352360982,-0.564336580580285,1,1.000000000000000
-0.696159727362603,0.326712809421585,-1.170385956944196,1.183395756572993,-1,1.000000000000000
-0.693747844384688,-3.155142207009060,-0.049936611956833,-0.558098915642361,-1,1.000000000000000
-0.691888835482792,0.326712809421585,0.108994431280172,-0.559602109591386,-1,1.000000000000000
-0.691810370821348,-3.733415942393908,-0.331199930944295,-0.534277657184233,-1,1.000000000000000
-0.691717420376254,0.326712809421585,0.527617507660542,-0.557984701219860,1,1.000000000000000
-0.690988302599146,-0.773330191585215,-0.124632189202223,-0.556222990948833,-1,1.000000000000000
-0.690697379777486,-3.759134793444341,0.586822857221254,-0.557289621506069,1,1.000000000000000
-0.688633155607199,-0.415483950263147,-0.214378777549839,-0.563532006048228,1,1.000000000000000
-0.688252903786356,0.326712809421585,-1.170385956944196,0.045923939761347,-1,1.000000000000000
-0.687508093076960,0.326712809421585,-1.170385956944196,-0.042593417577587,-1,1.000000000000000
-0.685985878644953,-2.316661461236120,0.300205278942953,-0.559059827064720,-1,1.000000000000000
-0.684866851857903,0.326712809421585,0.663900138672676,-0.442376933558933,1,1.000000000000000
-0.683930104515129,0.326712809421585,-1.170385956944196,4.735747472592203,-1,0.062027313857711
-0.683217886818948,0.326712809421585,1.443998462410736,-0.487929373739473,1,1.000000000000000
-0.682762791782575,-2.273370628719493,0.931375194232460,-0.450976052476118,-1,1.000000000000000
-0.681929859222634,0.326712809421585,1.443998462410736,-0.526472493689574,1,1.000000000000000
-0.679589198014338,0.326712809421585,-1.170385956944196,0.756153583149176,1,1.000000000000000
-0.678872151723606,-1.639316247523467,0.572537860753899,-0.557132576675130,-1,1.000000000000000
-0.677738639152905,0.326712809421585,0.598169285601255,-0.348039124296498,-1,1.000000000000000
-0.675343656255917,0.326712809421585,-1.170385956944196,1.012758465436422,-1,1.000000000000000
-0.673716419892439,-1.617047110625908,1.044578039590529,-0.562046982575510,-1,1.000000000000000
-0.671664267208527,0.326712809421585,-1.170385956944196,-0.496588785600767,1,1.000000000000000
-0.671554416682506,0.326712809421585,-1.170385956944196,-0.261505180637556,-1,1.000000000000000
-0.670324332220797,0.326712809421585,0.499303724398928,-0.487935155254661,1,1.000000000000000
-0.670120324101044,0.326712809421585,-1.170385956944196,0.990127963126925,1,1.000000000000000
-0.670046688034150,0.326712809421585,1.443998462410736,-0.477586243067143,1,1.000000000000000
-0.669911487386740,0.326712809421585,1.443998462410736,-0.465964335627189,1,1.000000000000000
-0.669702650672436,0.326712809421585,0.003420359657782,-0.471856643525177,-1,1.000000000000000
-0.669233069852411,0.326712809421585,1.322398214297700,-0.499066459834329,1,1.000000000000000
-0.668823846464267,0.172707713311210,1.408667671367574,-0.556298858586919,1,1.000000000000000
-0.667505640152013,-2.148364692206703,0.539018838113349,-0.560081975352036,-1,1.000000000000000
-0.667249724640843,-3.342104393687055,0.664268766875805,-0.561973592729647,1,1.000000000000000
-0.667249724640843,-0.857940591388255,-0.284154083318003,-0.558015732617709,-1,1.000000000000000
-0.665146871714153,-0.561773391058392,-0.665365318657404,-0.556715717631025,-1,1.000000000000000
-0.664922342067560,0.326712809421585,0.931375194232460,-0.560513701149484,1,1.000000000000000
-0.664597619084047,-0.373317354948126,-0.219701664227646,-0.557835797706228,-1,1.000000000000000
-0.662620309615667,0.326712809421585,1.144301118882403,-0.408730874963646,1,1.000000000000000
-0.662325765348094,0.326712809421585,-1.170385956944196,-0.006476646164986,1,1.000000000000000
-0.661238124425620,0.326712809421585,-1.170385956944196,-0.470775854155234,1,1.000000000000000
-0.661209152858318,0.326712809421585,1.072821234472820,-0.423135107090566,-1,1.000000000000000
-0.659810067587346,-1.761488490267827,1.023830284838528,-0.562121552322432,1,1.000000000000000
-0.659438265806966,0.041510771934782,-0.779117184743537,-0.559266309750026,1,1.000000000000000
-0.658832277190894,0.326712809421585,0.390720496309860,-0.560919823093953,-1,1.000000000000000
-0.657826722375777,0.326712809421585,-1.170385956944196,1.145426540497935,1,1.000000000000000
-0.657607021323735,0.326712809421585,1.367104187868669,-0.536451034934707,-1,1.000000000000000
-0.654006096937790,-4.040594507095663,-0.136791691136643,-0.556772588862063,1,1.000000000000000
-0.653805710263949,-0.058299930854353,0.639573291650579,-0.541466440365728,1,1.000000000000000
-0.653107978351419,0.326712809421585,-1.170385956944196,-0.335784671898873,1,1.000000000000000
-0.652864134326625,0.326712809421585,-1.170385956944196,-0.560293177641577,1,1.000000000000000
-0.652818262678396,0.326712809421585,-0.166080639786676,-0.558547867995268,1,1.000000000000000
-0.652300395912868,0.326712809421585,0.764938253327486,-0.560599361966359,-1,1.000000000000000
-0.652107252130853,-1.831314400844272,-0.182729039769128,-0.558302448575019,1,1.000000000000000
-0.651577313878949,0.326712809421585,-1.170385956944196,0.218872657072283,-1,1.000000000000000
-0.651536270825270,0.326712809421585,0.826052103514327,-0.554239341288628,-1,1.000000000000000
-0.650017677839176,0.326712809421585,-0.265406332646809,-0.560815401850242,1,1.000000000000000
-0.649577068586454,0.326712809421585,0.553693377859188,-0.371788172809822,-1,1.000000000000000
-0.649538439830051,0.326712809421585,-1.170385956944196,-0.178648988579172,1,1.000000000000000
-0.649522746897762,0.326712809421585,-1.143152698763101,-0.440450155129767,1,1.000000000000000
-0.649475668100896,-2.675077521413796,-0.561555956518077,-0.560704963111130,1,1.000000000000000
-0.649094209131416,0.326712809421585,0.547638463543962,-0.561307774562116,1,1.000000000000000
-0.649060408969563,-4.398440748417731,0.458678804906572,-0.558304100436502,1,1.000000000000000
-0.648441141718477,0.326712809421585,-0.367396083230264,-0.418473318006895,1,1.000000000000000
-0.648222647815073,0.326712809421585,-1.170385956944196,1.382551256302919,1,1.000000000000000
-0.647295557661400,-1.012469304825405,-0.682957511415243,-0.560114186650944,1,1.000000000000000
-0.646605068640695,0.326712809421585,-0.042611106813801,-0.560299549107295,1,1.000000000000000
-0.646071508942878,0.326712809421585,-1.170385956944196,-0.495706337598824,1,1.000000000000000
-0.645744371662090,0.326712809421585,1.109229151896757,-0.559785348225831,-1,1.000000000000000
-0.644950067858553,-1.660445746709811,0.411154524931538,-0.558198381301625,1,1.000000000000000
-0.644114721001337,0.326712809421585,0.498142937716735,-0.561807698640767,-1,1.000000000000000
-0.644071263650384,-2.704877507511154,0.327238013839084,-0.560173299693994,1,1.000000000000000
-0.643808105247388,0.326712809421585,-1.170385956944196,0.256010042900824,1,1.000000000000000
-0.643798448058287,-0.154553115923338,1.153511595191791,-0.559796557285891,1,1.000000000000000
-0.643432682021096,0.080304655644985,-0.516789852105463,-0.562509267810383,1,1.000000000000000
-0.643227466752705,0.326712809421585,1.443998462410736,-0.496886592628031,1,1.000000000000000
-0.643140552050798,0.326712809421585,-1.170385956944196,-0.465063009208304,1,1.000000000000000
-0.642444027286906,-0.483846812426543,0.007381152053104,-0.561229311141700,1,1.000000000000000
-0.642083089844265,0.326712809421585,0.427293119952216,-0.554719443029490,1,1.000000000000000
-0.642020318115110,0.326712809421585,-1.170385956944196,0.210649926592883,-1,1.000000000000000
-0.640705733248769,-1.470018445369331,0.313454979180244,-0.563313370382016,1,1.000000000000000
-0.640339967211578,-0.773330191585215,1.035500896886528,-0.556851996203326,-1,1.000000000000000
-0.638736873820852,0.326712809421585,1.013056406646366,-0.421679109183897,-1,1.000000000000000
-0.638474922566494,0.326712809421585,-1.170385956944196,-0.464388105802619,-1,1.000000000000000
-0.637964298692791,-1.163656107676962,0.136806252733270,-0.558784910117999,-1,1.000000000000000
-0.637465746305464,-4.144409342383667,0.618404621007062,-0.557394750690416,-1,1.000000000000000
-0.637171202037891,0.326712809421585,-1.170385956944196,1.070337637110220,1,1.000000000000000
-0.636959951026312,0.326712809421585,-1.170385956944196,-0.504164222359260,1,1.000000000000000
-0.636952708134487,0.231060244227432,0.471983407216669,-0.561371135248978,-1,1.000000000000000
-0.636328612288850,0.326712809421585,-1.170385956944196,-0.402985936707914,-1,1.000000000000000
-0.635967674846209,-0.109152413590000,0.537677658906220,-0.558480495644806,1,1.000000000000000
-0.633433869855898,0.326712809421585,-1.170385956944196,-0.180667799290932,-1,1.000000000000000
-0.631659361358633,0.326712809421585,1.188936504074050,-0.545986759312438,1,1.000000000000000
-0.631122180214903,0.326712809421585,1.236037253773148,-0.557239239730854,1,1.000000000000000
-0.630285626209050,0.326712809421585,-1.170385956944196,-0.520175361738282,-1,1.000000000000000
-0.630056267967907,-2.795016690264557,-0.395754311027007,-0.560278428878341,1,1.000000000000000
-0.629604794377447,0.326712809421585,-1.170385956944196,-0.189511157727307,-1,1.000000000000000
-0.629379057582216,0.326712809421585,0.975992278733171,-0.565307414970550,-1,1.000000000000000
-0.629024155882764,-1.754435056865973,0.087663668802656,-0.501258008061110,1,1.000000000000000
-0.628276930876092,-1.025528936975566,1.107864443229853,-0.557989892784519,1,1.000000000000000
-0.628129658742306,0.326712809421585,1.443998462410736,-0.458198226857580,1,1.000000000000000
-0.628043951189036,0.326712809421585,0.368325679373666,-0.500281993905196,1,1.000000000000000
-0.627971522270781,0.326712809421585,1.325598220826990,-0.388337465061803,-1,1.000000000000000
-0.627931686365740,0.267713457101700,1.343872767918281,-0.561373259070884,1,1.000000000000000
-0.627318454857842,0.326712809421585,1.294604693535537,-0.556187357936854,1,1.000000000000000
-0.626829559659616,0.326712809421585,0.949385688497396,-0.558106467009138,1,1.000000000000000
-0.626584508486184,0.326712809421585,0.921121578539750,-0.419783008182262,1,1.000000000000000
-0.625617582427471,0.326712809421585,1.085574201670433,-0.562389035892482,1,1.000000000000000
-0.624741192516577,0.326712809421585,-1.170385956944196,-0.325101847711689,-1,1.000000000000000
-0.624580641747777,0.326712809421585,1.443998462410736,-0.496282365295773,1,1.000000000000000
-0.624200389926934,0.326712809421585,0.623256918489384,-0.305195736947168,-1,1.000000000000000
-0.623962581645328,0.326712809421585,0.724096339928323,-0.557466724655008,1,1.000000000000000
-0.623566636892197,-1.983363632234046,-0.261035081897647,-0.473976689747789,1,1.000000000000000
-0.622614196617135,0.326712809421585,1.443998462410736,-0.558007001349873,1,1.000000000000000
-0.621979236433760,-4.718278532019760,-0.291212921250261,-0.557822936784687,1,1.000000000000000
-0.621695556503925,0.326712809421585,-0.374303286866200,-0.554043359722746,-1,1.000000000000000
-0.621554320113326,0.326712809421585,-0.542933696299012,-0.514879729805775,-1,1.000000000000000
-0.620575322568237,0.326712809421585,0.088390467671236,-0.557990836705366,-1,1.000000000000000
-0.617982367294683,0.326712809421585,0.616109191486868,-0.558602379424189,1,1.000000000000000
-0.617952188578743,0.326712809421585,-1.170385956944196,0.210914224430074,-1,1.000000000000000
-0.616895933520848,0.326712809421585,1.443998462410736,-0.437803637054678,1,1.000000000000000
-0.616528960335019,0.326712809421585,-1.170385956944196,-0.497941542164784,-1,1.000000000000000
-0.615301290170585,0.326712809421585,-0.202857185413742,0.072973171536384,-1,1.000000000000000
-0.614784630553694,-1.020831781544200,0.956570016881783,-0.496917860006091,-1,1.000000000000000
-0.614574586690753,-1.983363632234046,0.786391891872713,-0.552550430912934,1,1.000000000000000
-0.614356092787348,-5.596554194627619,0.173117437933691,-0.558034139074228,1,0.521392955536187
-0.613070479488310,0.326712809421585,1.127103698171886,-0.554661863857816,1,1.000000000000000
-0.613059615150571,0.326712809421585,-1.170385956944196,0.267268658804745,-1,1.000000000000000
-0.612395683399894,-2.753389112785922,0.043436127580428,-0.560945544937037,1,1.000000000000000
-0.610769654185054,0.326712809421585,1.207522162911244,-0.558228822748944,1,1.000000000000000
-0.609222089631657,0.326712809421585,-1.170385956944196,1.157426134266839,-1,1.000000000000000
-0.609044638781931,-0.195333665373365,0.517382192658768,-0.560988493335581,1,1.000000000000000
-0.606211460929496,0.326712809421585,-1.170385956944196,-0.308245781184397,1,1.000000000000000
-0.605745501555384,0.326712809421585,-1.170385956944196,0.186393520624237,1,1.000000000000000
-0.603649891520519,0.326712809421585,-1.170385956944196,1.088390123311226,1,1.000000000000000
-0.602679344015893,0.326712809421585,0.691372090151258,-0.560228873033868,1,1.000000000000000
-0.600082767296426,0.326712809421585,-1.170385956944196,-0.547806638705669,1,1.000000000000000
-0.598782668213736,0.326712809421585,0.746828412454615,-0.560957225957520,1,1.000000000000000
-0.598710239295481,-3.227247393007937,-0.347338525964973,-0.558183042587859,1,1.000000000000000
-0.597012988311022,-0.522964106838578,-0.444167481704621,-0.560956989977308,1,1.000000000000000
-0.596594107733777,0.326712809421585,-0.255351410169970,-0.555486024747450,-1,1.000000000000000
-0.595778075254763,0.326712809421585,0.657973329193999,-0.561162056781343,-1,1.000000000000000
-0.593164598454370,-2.423371592331000,0.572537860753899,-0.559233508500589,1,1.000000000000000
-0.592301487178490,0.326712809421585,0.220244331476983,-0.559932363897769,1,1.000000000000000
-0.592220608219771,-1.719506701068139,-0.639929972641500,-0.544619843935715,-1,1.000000000000000
-0.591765513183398,0.326712809421585,0.490838347649057,-0.557669313666819,1,1.000000000000000
-0.590688736598663,0.326712809421585,-1.170385956944196,-0.258803207212699,-1,1.000000000000000
-0.590498007113923,0.326712809421585,-0.815347324026957,-0.561986571641295,-1,1.000000000000000
-0.589325865786818,0.326712809421585,-1.074066544727880,-0.563105943775863,1,1.000000000000000
-0.589106164734776,0.326712809421585,0.083451895503075,-0.555610858279481,-1,1.000000000000000
-0.588350489687642,0.326712809421585,-1.170385956944196,0.786536035415575,1,1.000000000000000
-0.587929194813121,0.326712809421585,-0.081058244084834,-0.320582826656143,1,1.000000000000000
-0.587855558746228,0.326712809421585,0.745102918737840,-0.557455043634525,1,1.000000000000000
-0.587746915368844,-0.406644057746411,1.084520604749433,-0.557131868734495,1,1.000000000000000
-0.587738465328381,0.058405130978089,0.223951528583628,-0.559407897877093,-1,1.000000000000000
-0.587507899938600,0.226932907651673,0.572537860753899,-0.559971064652500,-1,1.000000000000000
-0.587056426348140,-0.642549063968285,0.744373505484840,-0.557184020361298,-1,1.000000000000000
-0.586456473475255,0.326712809421585,-1.170385956944196,-0.174972416879673,-1,1.000000000000000
-0.586024314262996,0.326712809421585,-1.170385956944196,0.547381889789302,1,1.000000000000000
-0.586019485668446,-1.873357792082405,0.516312909431252,-0.554186127750872,1,1.000000000000000
-0.584255841508920,0.326712809421585,0.486618731196218,-0.557414573028205,-1,1.000000000000000
-0.583927497079494,0.326712809421585,-1.170385956944196,1.101498824075486,-1,1.000000000000000
-0.583710210324727,0.326712809421585,-1.170385956944196,0.302113496875864,1,1.000000000000000
-0.583214072234675,-1.773362283177939,-0.088571984906060,-0.562189042663001,-1,1.000000000000000
-0.583197172153749,0.326712809421585,-1.170385956944196,-0.352482631684275,-1,1.000000000000000
-0.582966606763968,0.326712809421585,-1.170385956944196,-0.324927222354974,-1,1.000000000000000
-0.582837441859746,0.326712809421585,0.440260466672217,-0.560532697556532,-1,1.000000000000000
-0.582289396378278,0.326712809421585,0.756002287382131,-0.558203454876178,1,1.000000000000000
-0.581985194921604,-0.921975910350949,0.046654434800654,-0.562014771276603,-1,1.000000000000000
-0.580367615747227,-0.677662225881449,0.631419026646611,-0.558395660758671,1,1.000000000000000
-0.579485190093145,0.326712809421585,1.099665733690756,-0.403962894784674,1,1.000000000000000
-0.578867129990696,0.326712809421585,-1.170385956944196,-0.230098574252040,1,1.000000000000000
-0.578730722194648,0.326712809421585,0.650347169842740,-0.556059456662071,-1,1.000000000000000
-0.578575000020398,-1.464043047640249,0.172137043776433,-0.560482669751635,1,1.000000000000000
-0.578057133254870,0.326712809421585,-1.170385956944196,-0.330833807055774,-1,1.000000000000000
-0.577779489068223,-4.641198981416516,0.416919242576216,-0.556434075248268,1,1.000000000000000
-0.577174707600788,0.326712809421585,1.176617524690049,-0.557177530905474,1,1.000000000000000
-0.576333325000384,0.326712809421585,-1.170385956944196,0.939651795827640,1,1.000000000000000
-0.574669874177779,0.326712809421585,-1.170385956944196,-0.459979995446609,1,1.000000000000000
-0.574102514318109,0.214135084164900,0.610843821266287,-0.560979054127109,1,1.000000000000000
-0.573782619929147,0.326712809421585,-0.447257684088299,-0.551586451747821,1,1.000000000000000
-0.573719848199992,0.326712809421585,-1.170385956944196,1.088472716385349,-1,1.000000000000000
-0.573267167460894,0.326712809421585,-1.170385956944196,1.026657699910138,1,1.000000000000000
-0.573210431474927,0.326712809421585,1.011869476119979,-0.560663902554280,1,1.000000000000000
-0.573188702799450,0.326712809421585,-1.170385956944196,-0.182515524349152,1,1.000000000000000
-0.572736022060352,-1.559064191940351,1.003953120098172,-0.557373276491144,1,1.000000000000000
-0.571519216233656,0.326712809421585,1.013783205514947,-0.561383760190309,-1,1.000000000000000
-0.570798548497012,0.326712809421585,-1.170385956944196,-0.245301599395829,-1,1.000000000000000
-0.570363974987478,-2.741807929558422,-0.199327766447613,-0.554779735973599,1,1.000000000000000
-0.569337898645522,0.326712809421585,-1.170385956944196,-0.160804164964530,-1,1.000000000000000
-0.568559287774273,-0.771143319220448,0.910664040862330,-0.560359724061299,-1,1.000000000000000
-0.568218871858472,0.326712809421585,0.534647587364188,-0.557398172403486,1,1.000000000000000
-0.567997963657792,0.326712809421585,-1.170385956944196,-0.318018901655177,1,1.000000000000000
-0.567736012403434,-2.151537197186575,0.572537860753899,-0.559871834973448,1,1.000000000000000
-0.567727562362971,0.326712809421585,1.301396864257022,-0.280713969876274,1,0.000482092756868
-0.566981544504937,0.326712809421585,-1.170385956944196,-0.422179387232866,1,1.000000000000000
-0.563594285427846,-0.728114295367209,-0.113887069238674,-0.563156679521396,-1,1.000000000000000
-0.563115047418721,-0.735398736413229,0.205606393113015,-0.562915389754853,1,1.000000000000000
-0.561173952409468,-0.078567001502479,-1.051163230022121,-0.553952389351106,1,1.000000000000000
-0.560389305795031,0.326712809421585,0.973409266926848,-0.557879926005831,-1,1.000000000000000
-0.560137011729774,-2.781217833653067,0.264963376970049,-0.562192582366177,1,1.000000000000000
-0.557923101128425,-4.916021075425481,-0.182729039769128,-0.562604367835730,-1,1.000000000000000
-0.557432998781562,-2.810432600385206,-0.466512625336848,-0.559721987538969,1,1.000000000000000
-0.557326769701453,0.326712809421585,0.372540067057666,-0.559251442996684,-1,1.000000000000000
-0.557197604797230,0.326712809421585,0.525852798177478,-0.426591037292053,-1,1.000000000000000
-0.556274136089470,-1.846360698734256,0.099457156918366,-0.562661239066768,1,1.000000000000000
-0.555768340810318,0.326712809421585,-0.716871306103115,-0.555543013968595,-1,1.000000000000000
-0.553915367651610,0.326712809421585,-1.170385956944196,-0.351427800137628,1,1.000000000000000
-0.553491658479814,0.326712809421585,0.154006287828206,-0.558621139851025,-1,1.000000000000000
-0.553442165385673,-1.595270790035900,0.023138046948556,-0.560725257409342,1,1.000000000000000
-0.553346800643303,0.326712809421585,0.305057576425276,-0.564612925207287,1,1.000000000000000
-0.552739604878593,-0.198675575958960,1.146157331820145,-0.558004051597226,-1,1.000000000000000
-0.552394360368241,-5.947562609682386,0.319530808570825,-0.559780864601807,-1,1.000000000000000
-0.551177554541545,0.326712809421585,-0.960301606719650,-0.559738860124111,1,1.000000000000000
-0.550249257239234,-4.916021075425481,-0.152394337351353,-0.560985897553251,-1,1.000000000000000
-0.550041627673568,-2.137368728344422,0.953801383781687,-0.559238110114718,-1,1.000000000000000
-0.549767604932834,-3.047030629539576,0.594323526120383,-0.555944652289041,1,1.000000000000000
-0.549747083405995,-1.731426695507083,-0.712868683557083,-0.561385766022109,1,1.000000000000000
-0.549170066357225,0.326712809421585,0.659683136604256,-0.558161568388588,1,1.000000000000000
-0.548360069621398,0.326712809421585,-1.170385956944196,-0.555940404645229,1,1.000000000000000
-0.548209176041699,0.326712809421585,1.206327389231599,-0.559296751197345,1,1.000000000000000
-0.547544037142384,-3.873421975267851,0.459361159240024,-0.558590108453176,1,1.000000000000000
-0.546830612297566,0.326712809421585,0.249773803493597,-0.560788618096205,-1,1.000000000000000
-0.546691790204242,0.326712809421585,0.795803675782391,-0.560685376753552,1,1.000000000000000
-0.546682133015141,0.326712809421585,-1.170385956944196,-0.559899090687908,-1,1.000000000000000
-0.546307916937487,0.326712809421585,0.963192252616009,-0.556321748667462,1,1.000000000000000
-0.545449634256157,0.139658219685924,0.210798560569854,-0.559632669028811,-1,1.000000000000000
-0.544743452303164,-3.690818132809779,0.354670749551375,-0.564389676127935,-1,1.000000000000000
-0.544026406012433,-1.808013429802773,0.572537860753899,-0.561292081878033,1,1.000000000000000
-0.542539198890916,0.326712809421585,1.418367037563380,-0.560098729947072,-1,1.000000000000000
-0.541655566088196,0.326712809421585,0.516312909431252,-0.557418230721488,1,1.000000000000000
-0.541275314267354,0.326712809421585,-1.094606717356984,-0.484804051814687,1,1.000000000000000
-0.541058027512587,0.326712809421585,1.184719502005630,-0.564006326273902,1,1.000000000000000
-0.540604139624851,0.326712809421585,-0.067442530028834,-0.471549987239971,1,1.000000000000000
-0.539488734283714,0.326712809421585,0.145133067108916,-0.563942139656298,1,1.000000000000000
-0.538345564523911,-0.757483067195458,-0.108292286581255,-0.561428714420652,1,1.000000000000000
-0.538203120984675,0.043266430030439,0.836002450614392,-0.561137632829424,1,1.000000000000000
-0.537609203854978,-0.143526351041834,0.612148399091545,-0.561515555138586,1,1.000000000000000
-0.537173423196807,-2.922933323093835,-0.574123302421917,-0.512196516807755,1,1.000000000000000
-0.536449134014250,-3.666007911826397,0.488741611344734,-0.557418702681911,-1,1.000000000000000
-0.535834695357714,-4.546870860048911,0.208432542670337,-0.563842909977246,-1,1.000000000000000
-0.534720497165214,-3.711223808044402,0.024761579672976,-0.562067748834147,1,1.000000000000000
-0.534600989450092,0.326712809421585,-1.170385956944196,1.169248742876910,-1,0.590675267511154
-0.533793407011541,0.326712809421585,0.552033243752898,-0.560500958218048,1,1.000000000000000
-0.533590606040425,-1.569444135418190,0.684982534630354,-0.560666852306927,1,1.000000000000000
-0.532148063418499,0.326712809421585,-0.112182490597255,-0.564312628588790,1,1.000000000000000
-0.531870419231852,0.326712809421585,-0.501589821091333,-0.471370760269126,1,1.000000000000000
-0.530902286024501,-1.930262675095189,-0.423419726952621,-0.549493661239669,1,1.000000000000000
-0.530816578471232,-1.167105821829835,0.737408785391679,-0.560020148536550,1,1.000000000000000
-0.530759842485265,-0.598241797817329,0.136806252733270,-0.550000782714780,1,1.000000000000000
-0.530045210491809,-5.393483074896478,0.151428504790722,-0.561142588413872,1,1.000000000000000
-0.529108463149035,-0.873325700489683,-0.580042268747336,-0.559786056166466,1,1.000000000000000
-0.529033619933504,-4.073428393586395,0.039977296993622,-0.561044066675454,-1,1.000000000000000
-0.528908076475195,-1.191654234149828,-0.310862634546133,-0.559270439403732,1,1.000000000000000
-0.528344338061438,0.326712809421585,-1.170385956944196,0.383860581938892,1,1.000000000000000
-0.527819228404084,0.326712809421585,-1.170385956944196,-0.556669937469940,-1,1.000000000000000
-0.527635741811170,0.326712809421585,0.255643096515049,-0.562688140810911,-1,1.000000000000000
-0.527274804368529,-0.284718223155827,0.359985793075923,-0.562009461721838,-1,1.000000000000000
-0.526627772698778,-5.108758453207615,0.330464164212567,-0.561605345609168,-1,1.000000000000000
-0.526534822253683,-0.232387291497521,0.814608942910811,-0.560642546345114,1,1.000000000000000
-0.526165434770579,-1.193071081034043,-0.016982296350864,-0.539771748474845,1,1.000000000000000
-0.525372338115679,-1.255535548016412,-0.143306737109675,-0.563224405842176,1,1.000000000000000
-0.525346987994290,0.326712809421585,-1.170385956944196,0.001589157473581,-1,1.000000000000000
-0.524763935202331,0.326712809421585,-0.680188878315146,-0.417603730926493,-1,1.000000000000000
-0.524579241460779,0.326712809421585,-1.170385956944196,-0.182804600108580,1,1.000000000000000
-0.522752825572098,0.326712809421585,0.389070819741247,-0.559150207485831,-1,1.000000000000000
-0.522309802022101,0.186706776547644,1.200800580569083,-0.557373984431779,1,0.993076993819551
-0.521849878391177,-3.061399305006674,-0.178723802838677,-0.564882957363625,1,1.000000000000000
-0.520928823980692,-5.320145848128717,-0.039842473713704,-0.558665268150628,1,1.000000000000000
-0.520774308955080,0.326712809421585,-1.170385956944196,-0.195606526597529,1,1.000000000000000
-0.520257649338190,-4.018756584467211,0.438466998960539,-0.561939139618728,1,1.000000000000000
-0.519456102642827,0.326712809421585,0.259946373269307,-0.507788406451744,1,1.000000000000000
-0.519130172510676,-2.309146012545934,0.293669317894566,-0.557695389480221,1,1.000000000000000
-0.518553155461906,-0.553318511281934,1.120311527450402,-0.555423372001223,1,1.000000000000000
-0.518113753357821,-0.814064539506409,0.312775239231212,-0.560031239606504,-1,1.000000000000000
-0.517161313082759,0.326712809421585,-1.170385956944196,-0.341862342253212,1,1.000000000000000
-0.516790718451017,0.326712809421585,-0.532732368294689,-0.491519812661673,1,1.000000000000000
-0.516323551928268,0.326712809421585,-0.457372737406783,-0.559596800036621,-1,1.000000000000000
-0.516049529187534,-1.302969117618408,0.716281944898872,-0.559334272051018,-1,1.000000000000000
-0.514032383814113,0.326712809421585,-1.170385956944196,0.325817709148950,1,1.000000000000000
-0.513553145804988,-2.544573602969865,0.828849494843037,-0.560782600600804,1,1.000000000000000
-0.512319439897366,0.326712809421585,1.039712670186109,-0.468243432512540,1,1.000000000000000
-0.511904180766033,0.326712809421585,-0.647509073073209,-0.558676359220581,1,1.000000000000000
-0.510884140167265,-1.128450542706130,1.159587424582371,-0.561718852091033,-1,1.000000000000000
-0.510835854221761,-0.113295150675368,1.047880007112174,-0.560211410498196,1,1.000000000000000
-0.507852989938265,0.326712809421585,0.202165863217144,-0.558381265965753,1,1.000000000000000
-0.507482395306523,0.174232363762702,0.949385688497396,-0.562913737893370,1,1.000000000000000
-0.505747722714299,-4.283306538565614,0.347643284232149,-0.560388631637241,1,1.000000000000000
-0.505304699164302,-3.130547593160232,-0.093873956508512,-0.560183564833206,1,1.000000000000000
-0.505261241813348,0.326712809421585,1.031200234516689,-0.541822888475618,1,1.000000000000000
-0.505039126464031,0.326712809421585,0.925443155984943,-0.559340407536524,1,1.000000000000000
-0.503230817804914,0.326712809421585,1.087490545449820,-0.559364005557702,1,1.000000000000000
-0.502693636661184,0.326712809421585,-1.170385956944196,0.286510485273112,-1,1.000000000000000
-0.502647765012955,-3.523414593337800,-0.261035081897647,-0.560627207631349,-1,1.000000000000000
-0.502271134638026,0.326712809421585,-1.148416343489965,-0.495963792009873,1,1.000000000000000
-0.501249886890621,0.326712809421585,-1.170385956944196,-0.190436200157476,-1,1.000000000000000
-0.501032600135854,-1.400454343456274,1.029017223526528,-0.559202713082952,1,1.000000000000000
-0.498404637551810,0.326712809421585,-1.170385956944196,6.547190573252009,-1,0.528055705518916
-0.497950749664074,0.326712809421585,-0.370345108855296,3.360006435948451,-1,0.132512853748256
-0.497690005558353,0.326712809421585,-1.170385956944196,-0.361737775590202,1,1.000000000000000
-0.497242153413806,0.326712809421585,-1.108138771111565,-0.187348399086363,1,1.000000000000000
-0.497222839035604,0.326712809421585,0.750386589649357,-0.440991729715797,-1,1.000000000000000
-0.496988652199911,0.326712809421585,0.499638365604606,-0.560726437310401,-1,1.000000000000000
-0.496919844727568,0.326712809421585,-1.010321578061400,-0.560394413152430,1,1.000000000000000
-0.496836551471574,0.326712809421585,-0.041447705747188,-0.553917464279763,1,1.000000000000000
-0.496577014514491,0.326712809421585,0.011459591747298,-0.556973644002498,1,1.000000000000000
-0.496545628649913,-0.791071578657130,0.831252114124424,-0.562918457497606,-1,1.000000000000000
-0.494894249313684,-0.216832776790374,0.123046747534205,-0.558330412230115,1,1.000000000000000
-0.493614671757833,0.326712809421585,-1.170385956944196,-0.253852342369600,-1,1.000000000000000
-0.493568800109604,0.326712809421585,-1.170385956944196,-0.098604500744122,1,1.000000000000000
-0.493168026761923,-3.573158239381451,0.337912545423310,-0.561830706711416,-1,1.000000000000000
-0.492962811493532,0.326712809421585,-0.879899089725250,-0.453967101660403,1,1.000000000000000
-0.492886761129363,-0.783232719265113,0.943372604332880,-0.558673173487722,1,1.000000000000000
-0.492447359025279,0.326712809421585,1.080889224790949,-0.554796844538953,1,1.000000000000000
-0.492094871623101,0.326712809421585,-1.170385956944196,-0.543249860816239,-1,1.000000000000000
-0.491838956111931,-0.236714834698223,0.749552601019582,-0.559248729224248,1,1.000000000000000
-0.491574590560298,0.326712809421585,1.024070808205108,-0.560719711874366,-1,1.000000000000000
-0.491337989427329,0.326712809421585,-0.115458314274707,-0.554967222251857,-1,1.000000000000000
-0.490363820476790,0.326712809421585,-1.170385956944196,-0.196923296179250,-1,1.000000000000000
-0.488957492313992,-0.669007139480047,0.982635429542752,-0.559323534951382,1,1.000000000000000
-0.488860920422984,-0.616167991004576,1.212515637152212,-0.558843669190732,1,0.647644922257951
-0.487839672675579,0.326712809421585,-1.170385956944196,-0.560362673813946,1,1.000000000000000
-0.487709300622719,0.326712809421585,0.931375194232460,-0.561593900568897,1,1.000000000000000
-0.486697710064414,0.326712809421585,-1.170385956944196,0.174078893272609,1,1.000000000000000
-0.486411615837304,-3.077616041627097,-0.526261766856786,-0.553926785498128,1,1.000000000000000
-0.485514704399571,0.326712809421585,-1.170385956944196,0.172133236426500,-1,1.000000000000000
-0.485287760455703,0.326712809421585,-1.170385956944196,-0.484616093576005,-1,1.000000000000000
-0.485187567118783,-1.117084966613184,0.245739808334532,-0.558911749481830,1,0.239743282309857
-0.484870087027096,0.326712809421585,0.480804340247573,-0.555762947525972,-1,1.000000000000000
-0.483751060240045,-1.478026710367072,0.904522851861265,-0.561400042824921,1,0.674546279475219
-0.483484280391137,-2.220747087378578,-0.393137312223233,-0.560198903546972,1,0.892616945281643
-0.483327351068249,0.326712809421585,-1.170385956944196,-0.348016706176379,1,1.000000000000000
-0.482110545241554,0.326712809421585,-1.065510971715540,-0.559506773585827,1,1.000000000000000
-0.481802722338967,0.326712809421585,-0.660262040270823,-0.557589198384921,1,1.000000000000000
-0.481793065149866,0.212918443905629,0.670355053804063,-0.558979003842186,1,1.000000000000000
-0.480093399868133,-0.635819041268261,0.079972149840913,-0.560397244914971,1,1.000000000000000
-0.479174759754923,0.326712809421585,-1.170385956944196,0.147855592238794,-1,1.000000000000000
-0.479074566418003,0.326712809421585,0.410895700874022,-0.415917652313340,1,1.000000000000000
-0.478346655789533,0.326712809421585,-1.170385956944196,-0.315839624399408,1,1.000000000000000
-0.477099671246897,0.326712809421585,0.982635429542752,-0.559749833203959,1,1.000000000000000
-0.476347617645676,0.326712809421585,-1.065285088901708,-0.551760959114431,1,1.000000000000000
-0.475256355277290,-0.401500287536325,0.935647098373686,-0.528699320958016,-1,1.000000000000000
-0.474756595741326,0.326712809421585,0.199054745758111,-0.558364511370717,1,1.000000000000000
-0.474592423526613,-4.675372712243408,0.290594801817405,-0.561261286460396,1,1.000000000000000
-0.474418594122799,-0.594684280097180,0.278892817156372,-0.560591574619370,1,1.000000000000000
-0.473633947508363,-0.113295150675368,1.044578039590529,-0.559380996132950,-1,1.000000000000000
-0.473440803726347,0.326712809421585,-0.236676862262517,-0.527092177725703,-1,1.000000000000000
-0.473136602269673,0.326712809421585,0.524122075691865,-0.560781302709640,1,1.000000000000000
-0.472499227789023,0.326712809421585,1.047880007112174,-0.560786494274299,1,1.000000000000000
-0.471832881741071,0.326712809421585,1.353846644478120,-0.557046797868149,-1,1.000000000000000
-0.470972184762466,-0.216832776790374,0.582441148934415,-0.566791647909558,1,1.000000000000000
-0.470315495903614,-0.905327959461417,-0.016982296350864,-0.559799035078114,1,1.000000000000000
-0.470094587702934,0.326712809421585,-0.895188009809638,-0.459740829501972,-1,1.000000000000000
-0.469837465043127,0.326712809421585,-0.284154083318003,-0.560485265533964,-1,1.000000000000000
-0.469830222151301,0.326712809421585,0.771727809664551,-0.557183312420663,-1,1.000000000000000
-0.469752964638495,0.326712809421585,1.000486446358108,-0.555149870935773,1,1.000000000000000
-0.469162668954711,-4.623457594344600,-0.318507094588327,-0.560998168524264,1,1.000000000000000
-0.468454072704443,0.326712809421585,0.586822857221254,-0.559629601286058,1,1.000000000000000
-0.466730264449957,0.326712809421585,-1.170385956944196,0.237211859230599,-1,1.000000000000000
-0.466680771355816,-1.213338151682168,1.168800515276178,-0.554944686141632,1,1.000000000000000
-0.466469520344237,0.326712809421585,-1.170385956944196,0.154290772613976,-1,1.000000000000000
-0.465830938714949,0.154966326239294,0.562744376718995,-0.558509757191066,1,1.000000000000000
-0.465437408259093,-2.606714659250401,-0.516789852105463,-0.560048938122387,-1,1.000000000000000
-0.465138035396970,0.326712809421585,-1.170385956944196,0.263974375048326,-1,1.000000000000000
-0.464557396902287,0.326712809421585,0.591481690256545,-0.561321343424293,-1,1.000000000000000
-0.462950682065648,-2.411158988209447,0.103572197994430,-0.564603214621573,1,0.252963574670405
-0.462687523662652,0.326712809421585,-1.170385956944196,-0.381051576023161,1,1.000000000000000
-0.462380907908703,0.326712809421585,0.724757779186420,-0.555924947941357,1,1.000000000000000
-0.462216735693990,0.326712809421585,-1.170385956944196,0.386157849300549,1,1.000000000000000
-0.462062220668378,0.326712809421585,-0.583634432939530,-0.560283266472682,-1,1.000000000000000
-0.461321031404895,-1.761488490267827,0.167206314761529,-0.484012102223960,-1,1.000000000000000
-0.460349276751631,0.326712809421585,0.065702839680074,-0.190929398800092,-1,1.000000000000000
-0.457962743895106,0.326712809421585,-0.908947515008703,-0.407154527148970,-1,1.000000000000000
-0.456661437663778,0.326712809421585,-0.709022924076212,-0.223246888803070,1,1.000000000000000
-0.456265492910647,0.326712809421585,0.539018838113349,-0.561869171485936,1,1.000000000000000
-0.456257042870184,0.326712809421585,0.628621635317901,-0.560638888651832,-1,1.000000000000000
-0.455862305265691,0.326712809421585,-0.735924939751374,-0.563285642707132,1,1.000000000000000
-0.455687268713239,0.326712809421585,0.114897711299076,-0.563309358718416,1,1.000000000000000
-0.455620875538172,0.326712809421585,0.189093941120369,-0.477851956785605,1,1.000000000000000
-0.455520682201251,-0.151565417058796,0.367486461975053,-0.560926784510201,1,1.000000000000000
-0.455473603404385,0.326712809421585,-1.170385956944196,0.344211186755976,1,1.000000000000000
-0.455158537609973,-0.308358005408769,0.323549117423374,-0.561023418406924,1,1.000000000000000
-0.455090937286268,0.326712809421585,-1.170385956944196,0.978753716919232,1,1.000000000000000
-0.453801702541316,-0.553318511281934,0.347643284232149,-0.561038639130583,1,1.000000000000000
-0.453584415786549,0.326712809421585,-0.540643495547657,-0.562923767052371,1,1.000000000000000
-0.453173985249767,0.326712809421585,-1.170385956944196,-0.562341603869915,1,1.000000000000000
-0.453002570143228,0.326712809421585,-1.170385956944196,-0.418205480466527,1,1.000000000000000
-0.452956698495000,0.326712809421585,-1.170385956944196,0.841283444548039,1,1.000000000000000
-0.451527434508088,0.326712809421585,1.205422812222502,-0.553706379980328,-1,1.000000000000000
-0.449795176213139,0.326712809421585,0.040798213701299,-0.561051146081808,1,1.000000000000000
-0.449220573461644,0.064211123101451,0.205606393113015,-0.563524100711134,1,1.000000000000000
-0.448682185169276,0.326712809421585,-1.170385956944196,0.216596627929685,-1,1.000000000000000
-0.448621827737397,0.326712809421585,0.853654774213877,-0.555161315976044,1,1.000000000000000
-0.448382812307153,0.326712809421585,-1.170385956944196,-0.458204126362874,-1,1.000000000000000
-0.447816659596121,0.145525813847728,0.539018838113349,-0.556690585738471,-1,1.000000000000000
-0.446500867581142,-1.028532036349718,-0.677820246031211,-0.560075721876424,-1,1.000000000000000
-0.445229740065755,0.326712809421585,-1.170385956944196,0.283757776102723,1,1.000000000000000
-0.444701008962488,0.326712809421585,-1.170385956944196,-0.368885616204954,1,1.000000000000000
-0.443825826200232,0.326712809421585,-0.665333946044371,-0.560366213517122,-1,1.000000000000000
-0.443053251072171,0.051089888912846,-0.680188878315146,-0.549719730282552,1,1.000000000000000
-0.442584877400785,0.326712809421585,-0.976727784026457,-0.097635801974774,1,1.000000000000000
-0.442065803486619,0.326712809421585,0.171146192081497,-0.559019592438612,1,1.000000000000000
-0.441516550856513,0.326712809421585,-0.659056809053500,0.111027340487682,-1,0.189134446307740
-0.441480336397385,0.326712809421585,-1.170385956944196,-0.408668340207525,1,1.000000000000000
-0.441265463939893,-0.186632377443128,0.542485511853414,-0.558554003480774,1,1.000000000000000
-0.441065077266053,-3.413408753186159,0.136806252733270,-0.564861235385131,-1,1.000000000000000
-0.440478403028182,0.326712809421585,-1.170385956944196,0.343802940989600,1,1.000000000000000
-0.440439774271779,0.326712809421585,-0.198276783911032,-0.561324411167046,1,1.000000000000000
-0.440172994422870,-4.659063572565318,0.199054745758111,-0.555996449945526,1,0.377315537848251
-0.439798778345216,0.326712809421585,0.665670076924579,-0.561130553423071,-1,1.000000000000000
-0.439630984684590,0.326712809421585,0.612148399091545,-0.559078705481662,1,1.000000000000000
-0.439336440417017,-2.622315375486383,-0.193929062621645,-0.560887375814834,-1,1.000000000000000
-0.439072074865384,0.326712809421585,0.833976302689392,-0.564445485448020,1,1.000000000000000
-0.438126877482147,0.326712809421585,0.890363345846039,-0.558208882421049,1,1.000000000000000
-0.437844404700950,-4.461675240880651,-0.290546253223326,-0.560637472770561,1,1.000000000000000
-0.436544305618260,0.326712809421585,-1.170385956944196,-0.359777959931387,-1,1.000000000000000
-0.436119389297827,0.326712809421585,-1.170385956944196,0.111848551624669,-1,1.000000000000000
-0.435284042440611,-3.921702572898454,-0.298925355287358,-0.557805002288591,1,1.000000000000000
-0.434327980719636,-0.538487820526504,-0.011479017148122,-0.560750153321685,1,0.895402638432015
-0.434311080638709,0.326712809421585,-0.172791764591160,-0.327920631341376,1,1.000000000000000
-0.434261587544568,0.326712809421585,0.705819178452613,-0.556159866242182,1,1.000000000000000
-0.433451590808742,0.326712809421585,0.480804340247573,-0.559855670328941,1,1.000000000000000
-0.431836425931640,-0.213660271810500,1.193684226179598,-0.561290194036339,-1,1.000000000000000
-0.431593789055483,0.326712809421585,-1.170385956944196,-0.477855850459099,1,1.000000000000000
-0.431259408882869,-0.699992964817455,0.816033782419359,-0.561249723430019,-1,1.000000000000000
-0.429754094531789,0.326712809421585,0.163483431348368,-0.565016380575364,1,1.000000000000000
-0.429379878454134,-3.900881083904331,0.693970788264097,-0.563593360903290,-1,1.000000000000000
-0.428385187976756,0.326712809421585,-1.170385956944196,-0.420211312266639,1,1.000000000000000
-0.427717634780166,0.326712809421585,0.278124188137082,-0.559230440757836,1,1.000000000000000
-0.427353075891612,0.326712809421585,0.543311657329930,-0.561067546706526,-1,1.000000000000000
-0.427226325284665,0.326712809421585,-1.170385956944196,-0.544480025660237,1,0.703054747795457
-0.427066981664502,0.326712809421585,-0.337231315799747,-0.558639428317438,1,1.000000000000000
-0.427042838691751,0.326712809421585,-0.172166926714934,-0.558203808846496,1,1.000000000000000
-0.426375285495161,0.326712809421585,-0.692486942623792,-0.561298453343751,1,1.000000000000000
-0.425367316382769,0.326712809421585,0.666749817689773,-0.563433484309811,1,1.000000000000000
-0.425247808667647,0.326712809421585,-1.170385956944196,-0.560143920157628,-1,1.000000000000000
-0.425054664885632,0.326712809421585,-0.365960786184038,-0.558627039356320,1,1.000000000000000
-0.423977888300897,0.326712809421585,-1.170385956944196,-0.450834464349052,1,1.000000000000000
-0.423229456145588,-2.859606427573249,0.425763705066893,-0.561089256886010,1,1.000000000000000
-0.422208208398183,0.244797498800477,0.713095010291678,-0.561853124831535,-1,1.000000000000000
-0.421109703137972,0.153672683431967,0.805910885947617,-0.561449480679289,-1,1.000000000000000
-0.419844611365772,-4.232654262454912,-0.143306737109675,-0.560812452097594,1,0.692751270297721
-0.419569381476401,0.326712809421585,0.205606393113015,-0.563002466452999,1,1.000000000000000
-0.418750934700111,-2.313381152688970,-0.462324381497042,-0.546964425329834,-1,1.000000000000000
-0.418591591079949,0.326712809421585,0.715942074924355,-0.559481877673485,1,1.000000000000000
-0.417764694263196,0.326712809421585,-0.505712705320656,-0.421773501268608,1,1.000000000000000
-0.417477392887449,0.326712809421585,-1.170385956944196,0.322499827371354,1,1.000000000000000
-0.416559959922877,0.326712809421585,-0.333782942750618,-0.500864865028288,-1,1.000000000000000
-0.414622486359537,0.326712809421585,-1.170385956944196,0.307653132347349,-1,1.000000000000000
-0.414179462809540,0.005873992694841,-0.372776486365296,-0.555993972153302,-1,1.000000000000000
-0.413385159006002,0.326712809421585,-1.170385956944196,0.401896549525074,1,1.000000000000000
-0.412535326365135,0.326712809421585,-1.114463228460426,-0.462421446717662,-1,1.000000000000000
-0.412384432785436,-0.056051456451142,0.300205278942953,-0.560832864385913,1,1.000000000000000
-0.410623202923185,0.326712809421585,0.255643096515049,-0.563208123207563,1,1.000000000000000
-0.410292444196484,0.221943142537697,-0.197591815193161,-0.556552773294792,1,1.000000000000000
-0.409764920241855,0.326712809421585,-1.170385956944196,0.266143033194565,1,1.000000000000000
-0.409008038046083,-3.206348901465758,0.071446642249397,-0.559938381393169,1,1.000000000000000
-0.408830587196357,0.326712809421585,-1.170385956944196,-0.190118806772635,-1,1.000000000000000
-0.407803303705763,0.326712809421585,0.337912545423310,-0.557510498984293,1,1.000000000000000
-0.406759120134244,-4.020204232370650,0.191271723341691,-0.559174631437750,1,1.000000000000000
-0.403179924423775,0.326712809421585,-0.072344500815124,-0.557065322314774,1,1.000000000000000
-0.402313191701982,-4.062432429724114,0.427293119952216,-0.557596631761591,1,1.000000000000000
-0.401945011367515,0.326712809421585,0.174155348548175,-0.561056219656361,1,1.000000000000000
-0.400325017895863,0.326712809421585,0.545303818257478,-0.562256886973887,1,1.000000000000000
-0.399537956984151,0.326712809421585,-0.576206966804142,-0.555610740289375,1,0.191350759933242
-0.399225305487014,0.326712809421585,0.421834285284603,-0.557022491906336,-1,1.000000000000000
-0.398736410288788,0.326712809421585,1.117200409991370,-0.561656789295335,-1,1.000000000000000
-0.397100723884847,0.326712809421585,0.055106739628429,-0.510264782794141,1,1.000000000000000
-0.396436792134170,0.326712809421585,0.712857101309517,-0.563392659733173,1,0.477736336648444
-0.395588166641941,0.326712809421585,0.881764635490781,-0.560436771600444,-1,1.000000000000000
-0.394967692242217,0.326712809421585,-0.711101359689599,-0.478343503566738,1,1.000000000000000
-0.393385120378330,0.326712809421585,0.572537860753899,-0.488516846476693,1,1.000000000000000
-0.391271403113901,0.326712809421585,-1.170385956944196,-0.334299176465732,1,1.000000000000000
-0.390566428309546,0.326712809421585,-0.069005931911608,-0.561137632829424,1,0.829286232868991
-0.388826927122772,0.326712809421585,-1.170385956944196,0.323691527440832,-1,1.000000000000000
-0.388213695614874,0.145525813847728,0.790402357572003,-0.557031341164278,-1,1.000000000000000
-0.386136192809573,-3.172282974206143,0.730985242873324,-0.518739304159508,1,1.000000000000000
-0.385758355286006,-2.949992018480428,0.708702844467162,-0.556548997611404,1,0.379246175388700
-0.382706683530166,0.326712809421585,-1.170385956944196,0.751398581881852,1,1.000000000000000
-0.382141737967771,0.326712809421585,-0.796902841948408,-0.469948035572317,1,1.000000000000000
-0.381872543821588,-0.114203780742420,0.362184490372601,-0.562619234589072,-1,1.000000000000000
-0.381457284690255,-3.726054498799832,0.648315793148902,-0.561587175132861,1,1.000000000000000
-0.381103590139440,0.326712809421585,0.423144091878700,-0.559817913495057,1,1.000000000000000
-0.380426379753749,0.326712809421585,0.863024727972844,-0.557133520595977,-1,1.000000000000000
-0.379100930549670,0.326712809421585,-0.065497428020834,-0.251586932336532,1,1.000000000000000
-0.377885331871612,-2.944186026357068,0.297041873795534,-0.560495294692965,-1,1.000000000000000
-0.371406565133640,0.326712809421585,-1.170385956944196,1.027023469238394,1,1.000000000000000
-0.371395700795902,0.326712809421585,-0.829308136826313,-0.016258025943178,-1,1.000000000000000
-0.368346443337337,0.326712809421585,-1.170385956944196,0.365078916883492,1,1.000000000000000
-0.368263150081343,0.326712809421585,0.741518597698905,-0.557093639940187,-1,1.000000000000000
-0.367531618006961,0.326712809421585,0.514919442535735,-0.558858889914391,-1,1.000000000000000
-0.366647985204241,0.326712809421585,-1.170385956944196,-0.415678132398386,1,1.000000000000000
-0.365739002280132,0.326712809421585,-0.698272575343824,-0.521325883260805,-1,1.000000000000000
-0.365186128204114,0.326712809421585,-1.170385956944196,-0.351213058144910,1,1.000000000000000
-0.365049720408065,0.326712809421585,1.180965245979437,-0.560386625805441,-1,1.000000000000000
-0.364994191570736,0.326712809421585,-1.170385956944196,-0.367313987994513,1,1.000000000000000
-0.364099694430278,0.326712809421585,-0.492583266766655,-0.446472370134338,1,1.000000000000000
-0.359990560467905,0.326712809421585,-0.353390825895780,-0.497516895773689,1,1.000000000000000
-0.359867431306871,0.326712809421585,-1.170385956944196,0.185804749995851,-1,1.000000000000000
-0.359430443500061,-0.739988088277319,0.679246575214290,-0.560248341401339,-1,1.000000000000000
-0.359263856988073,-0.008078869012759,1.353846644478120,-0.554258809656100,-1,1.000000000000000
-0.356250813988636,0.326712809421585,1.070515347414949,-0.559341587437583,-1,1.000000000000000
-0.353752016308815,0.326712809421585,0.937989586813428,-0.562604131855518,-1,1.000000000000000
-0.346535681753273,0.326712809421585,-0.569801724976723,-0.368636657081528,-1,1.000000000000000
-0.345209025400556,0.326712809421585,0.993241987132075,-0.556839725232314,-1,1.000000000000000
-0.344554750838980,0.326712809421585,0.843976323093424,-0.558160034517211,-1,1.000000000000000
-0.342007667213654,0.326712809421585,-1.170385956944196,-0.399349481644417,1,1.000000000000000
-0.339822728179608,-3.058011192892245,0.564391438903189,-0.558789393742023,-1,1.000000000000000
-0.339697184721298,-3.492613574115725,0.251473153366178,-0.525689511346895,1,1.000000000000000
-0.338969274092828,0.326712809421585,1.443998462410736,-0.556542980116003,-1,1.000000000000000
-0.336476512156195,0.326712809421585,-1.170385956944196,0.199783037840513,-1,1.000000000000000
-0.334937397643261,-0.828325411406230,1.245438580145148,-0.557790489505567,-1,1.000000000000000
-0.330572348169718,0.326712809421585,-1.170385956944196,-0.333947565950183,1,1.000000000000000
-0.326932795027370,0.326712809421585,-1.170385956944196,-0.209899848024914,1,1.000000000000000
-0.320671315044165,0.326712809421585,-1.170385956944196,-0.291491186148169,1,1.000000000000000
-0.313467051974999,-0.067247626938365,-0.361814372494941,-0.561005601900935,-1,1.000000000000000
-0.309312046364397,0.326712809421585,-1.170385956944196,0.067467753195607,-1,1.000000000000000
-0.308547921276800,0.326712809421585,-1.042990141450333,-0.258221515990667,-1,1.000000000000000
-0.305080990389627,0.326712809421585,0.783220643572035,-0.555600475150163,-1,1.000000000000000
-0.303425989607484,0.326712809421585,-1.170385956944196,-0.222555466782561,-1,1.000000000000000
-0.302539942507490,-0.210518567849849,0.865406432178877,-0.559542170617594,-1,1.000000000000000
-0.302422849089643,0.326712809421585,-1.170385956944196,0.749026980753484,1,1.000000000000000
-0.302328691495911,0.326712809421585,0.969762200661848,-0.536231927308071,-1,1.000000000000000
-0.301762538784879,-3.013149508395294,-0.071154955904318,-0.556518438173979,-1,1.000000000000000
-0.301317100937606,0.326712809421585,-1.170385956944196,-0.427953823015070,1,1.000000000000000
-0.300608504687338,0.326712809421585,-1.170385956944196,-0.422147529904276,1,1.000000000000000
-0.300410532310772,0.326712809421585,-1.170385956944196,1.029513060472650,1,1.000000000000000
-0.300149788205052,0.326712809421585,-1.170385956944196,0.349736663414754,1,1.000000000000000
-0.299260119659145,0.326712809421585,-1.170385956944196,-0.355037117476770,1,1.000000000000000
-0.297022066085044,0.326712809421585,-0.042611106813801,-0.452343557803371,1,1.000000000000000
-0.296974987288177,0.326712809421585,-1.170385956944196,-0.176599500439881,1,1.000000000000000
-0.295328436546498,0.326712809421585,-1.170385956944196,0.322493927866059,-1,1.000000000000000
-0.292151221332348,0.326712809421585,-1.170385956944196,-0.374862994969287,1,1.000000000000000
-0.291262759935078,0.326712809421585,-1.170385956944196,-0.425055986014438,1,1.000000000000000
-0.291236202665051,0.326712809421585,-1.170385956944196,0.348844658214234,1,1.000000000000000
-0.290714714453610,0.326712809421585,0.208108359002337,-0.554029908850675,-1,1.000000000000000
-0.288483903771335,0.326712809421585,-1.170385956944196,0.413015937104047,1,1.000000000000000
-0.288026394437687,0.326712809421585,0.165224611371658,-0.561137632829424,-1,1.000000000000000
-0.283884667462099,0.326712809421585,-1.170385956944196,0.267740619228301,-1,1.000000000000000
-0.280667616342908,0.326712809421585,-1.170385956944196,-0.410940829646945,1,1.000000000000000
-0.280365829183509,0.326712809421585,-1.170385956944196,-0.409805764828294,1,1.000000000000000
-0.276245830883398,0.326712809421585,-1.170385956944196,1.045418126746478,1,1.000000000000000
-0.268376428914917,0.326712809421585,-1.170385956944196,0.318799657650677,-1,1.000000000000000
-0.264220216155678,0.326712809421585,-1.007563925375864,0.150170558116335,-1,1.000000000000000
-0.262289985484164,-0.178223699195503,-0.994417754761580,-0.560871919110962,-1,1.000000000000000
-0.260916250334581,0.326712809421585,-0.342496686020328,-0.393264731883725,1,1.000000000000000
-0.259526822252709,0.326712809421585,-1.170385956944196,-0.388369322390393,-1,1.000000000000000
-0.250905366683006,0.326712809421585,-1.170385956944196,0.561718867555866,1,1.000000000000000
-0.248709563311221,0.326712809421585,-1.170385956944196,0.062411877158266,-1,1.000000000000000
-0.247865766413543,0.326712809421585,-1.170385956944196,0.174800992720649,-1,1.000000000000000
-0.246519795682624,-2.987322853777583,0.391598929474763,-0.561008433663476,-1,1.000000000000000
-0.244618536578412,0.326712809421585,-1.170385956944196,0.411110396893940,1,1.000000000000000
-0.242112496006765,0.326712809421585,-0.498964979134301,0.126699966252909,-1,1.000000000000000
-0.240340401806776,0.326712809421585,-1.170385956944196,-0.366346469126224,1,1.000000000000000
-0.239792356325308,0.326712809421585,1.443998462410736,-0.560509689485883,-1,1.000000000000000
-0.232684665147149,0.326712809421585,-1.170385956944196,-0.238246970964730,1,1.000000000000000
-0.231449752090890,0.326712809421585,1.176384844476727,-0.540493729932779,-1,1.000000000000000
-0.224231003238072,-0.142817927599726,0.499915490353057,-0.558191537875483,-1,1.000000000000000
-0.218767448504318,0.326712809421585,-1.170385956944196,1.060143291961416,1,1.000000000000000
-0.216449723120136,0.326712809421585,-1.170385956944196,-0.369671430310174,1,1.000000000000000
-0.210733874321124,0.326712809421585,-1.057804812201050,-0.560878762537104,-1,1.000000000000000
-0.205790600650173,0.326712809421585,0.323549117423374,-0.556282221981989,-1,1.000000000000000
-0.205089247291730,0.326712809421585,1.443998462410736,-0.555381367523527,-1,1.000000000000000
-0.204180264367621,0.326712809421585,-1.170385956944196,-0.159447278746808,1,1.000000000000000
-0.203894170140511,0.326712809421585,-0.443124342321299,0.050577469537607,-1,1.000000000000000
-0.202116040197334,0.326712809421585,-1.170385956944196,-0.065105929781195,-1,1.000000000000000
-0.193027418104882,0.326712809421585,-1.020992449507439,-0.307164991814454,1,1.000000000000000
-0.183512672543359,0.326712809421585,-1.170385956944196,0.066399942737312,-1,1.000000000000000
-0.178972586517365,0.326712809421585,-1.170385956944196,-0.171791403624908,1,1.000000000000000
-0.170077108206928,0.326712809421585,0.753204896053421,-0.561013861208347,-1,1.000000000000000
-0.169883964424913,0.326712809421585,-1.170385956944196,-0.178638369469642,1,1.000000000000000
-0.169235725606525,0.326712809421585,-1.170385956944196,0.294746194664159,1,1.000000000000000
-0.155961919187532,0.326712809421585,-1.170385956944196,0.225201646352165,-1,1.000000000000000
-0.155107257952114,0.326712809421585,-1.170385956944196,-0.363528865397596,1,1.000000000000000
-0.149312944491659,0.326712809421585,-1.170385956944196,-0.447380893949683,-1,1.000000000000000
-0.141292648943479,0.326712809421585,0.207849534944821,-0.423020656687854,-1,1.000000000000000
-0.139223596178641,0.326712809421585,0.730985242873324,-0.556757604118615,-1,1.000000000000000
-0.132125562189583,0.326712809421585,-1.170385956944196,-0.528197863007988,-1,1.000000000000000
-0.129741443630333,0.326712809421585,0.574718257359641,0.442861534388652,-1,1.000000000000000
-0.126903437183348,0.326712809421585,-1.170385956944196,0.060882725385946,1,1.000000000000000
-0.126799622400514,0.326712809421585,0.597889546468383,-0.561934420014492,-1,1.000000000000000
-0.125494694723274,0.326712809421585,-1.170385956944196,0.375841974342680,1,1.000000000000000
-0.123644135861841,0.326712809421585,-1.170385956944196,-0.279748810810102,1,1.000000000000000
-0.122849832058304,0.326712809421585,-1.170385956944196,-0.337267807529897,-1,1.000000000000000
-0.118296467397296,0.326712809421585,-1.170385956944196,-0.252944998455314,1,1.000000000000000
-0.116098249728236,0.326712809421585,-1.170385956944196,0.368573783819922,1,1.000000000000000
-0.113373715253184,0.326712809421585,-1.170385956944196,1.059329160230783,1,1.000000000000000
-0.104723288116179,0.326712809421585,-1.170385956944196,0.085987480215933,1,1.000000000000000
-0.095463250917189,0.326712809421585,1.162769130420726,-0.560431698025891,-1,1.000000000000000
-0.091970969908627,0.326712809421585,-1.170385956944196,-0.171214432007111,1,1.000000000000000
-0.079210201660611,0.326712809421585,-1.170385956944196,0.266609094112826,-1,1.000000000000000
-0.076978183829699,0.326712809421585,-1.170385956944196,1.061382188073250,1,1.000000000000000
-0.068438814367352,0.326712809421585,-0.341393415795360,0.209317818297397,-1,1.000000000000000
-0.063962707219151,0.326712809421585,-1.170385956944196,-0.296040884631246,-1,1.000000000000000
-0.057372882806520,0.326712809421585,0.843395929752328,-0.559547952132783,-1,1.000000000000000
-0.047225591358897,0.326712809421585,1.443998462410736,-0.556335317529639,-1,1.000000000000000
-0.031731838595367,0.326712809421585,-1.170385956944196,-0.554322170342962,-1,1.000000000000000
-0.025703338299218,0.326712809421585,-1.170385956944196,0.295992170182346,-1,1.000000000000000
-0.010263907224380,0.326712809421585,-0.316083560231585,-0.417387809032717,-1,1.000000000000000
0.005559397117214,0.326712809421585,0.528344306529123,-0.498444769966400,-1,1.000000000000000
0.006213671678790,0.326712809421585,-1.170385956944196,0.253053210847247,-1,1.000000000000000
0.008586925900302,0.326712809421585,-1.170385956944196,-0.241863367710226,1,1.000000000000000
0.015604080930641,0.326712809421585,-1.170385956944196,-0.555703126542286,-1,1.000000000000000
0.021423744512486,0.326712809421585,-1.170385956944196,0.224722606522256,-1,1.000000000000000
0.022191491045996,0.326712809421585,-1.170385956944196,-0.557740225720458,-1,1.000000000000000
0.034021547694426,0.326712809421585,-1.170385956944196,-0.250526201284591,1,1.000000000000000
0.034499578554913,0.326712809421585,-1.170385956944196,0.288029017935903,-1,1.000000000000000
0.034600979040471,0.326712809421585,-1.170385956944196,-0.309805610384249,1,1.000000000000000
0.047619352807750,0.326712809421585,-1.170385956944196,1.401583060382803,-1,0.077954717027914
0.049209891852645,0.326712809421585,-1.170385956944196,0.190736736422008,-1,1.000000000000000
0.051086283694922,0.326712809421585,-1.170385956944196,0.318964843798921,1,1.000000000000000
0.058100662283395,0.326712809421585,-0.141978629824643,-0.559119648048406,-1,1.000000000000000
0.059077245531209,0.326712809421585,-1.170385956944196,0.540777983562699,1,1.000000000000000
0.061418751743552,0.326712809421585,-1.170385956944196,1.344393256058439,-1,1.000000000000000
0.061808419323767,0.326712809421585,-1.170385956944196,0.254314525079199,-1,1.000000000000000
0.063178895172029,0.326712809421585,-1.170385956944196,0.241867748808976,-1,1.000000000000000
0.063323149434221,0.326712809421585,-1.170385956944196,0.351641023723802,1,1.000000000000000
0.070546123307270,0.326712809421585,-1.170385956944196,0.337149478918523,1,1.000000000000000
0.071777897777072,0.326712809421585,-1.170385956944196,-0.308388549212522,1,1.000000000000000
0.075472014037840,0.326712809421585,-1.170385956944196,0.209403951074696,-1,1.000000000000000
0.094542427499700,0.326712809421585,-1.170385956944196,1.323603399400809,-1,1.000000000000000
0.106470866762094,0.326712809421585,-1.170385956944196,5.913088146183718,-1,0.015725623873645
0.108042695003106,0.326712809421585,-1.170385956944196,0.183332857277478,-1,1.000000000000000
0.111985363168355,0.326712809421585,-1.170385956944196,0.165878580913328,-1,1.000000000000000
0.116712557233177,0.326712809421585,-1.170385956944196,1.452837962380955,-1,1.000000000000000
0.116929481843352,0.326712809421585,-1.170385956944196,0.242338529331473,-1,1.000000000000000
0.124303228581237,0.326712809421585,-1.170385956944196,0.281246946649407,-1,1.000000000000000
0.125275345379092,0.326712809421585,-1.170385956944196,-0.278390744691321,-1,1.000000000000000
0.125444104758628,0.326712809421585,-1.170385956944196,0.281782621730143,-1,1.000000000000000
0.126697487189043,0.326712809421585,-1.170385956944196,0.109869857548912,-1,1.000000000000000
0.131464758588632,0.326712809421585,-1.170385956944196,0.158337833245967,-1,1.000000000000000
0.134793591671664,0.326712809421585,-1.170385956944196,-0.290989728198141,-1,1.000000000000000
0.135924569230227,0.326712809421585,-1.170385956944196,0.138608707640279,-1,1.000000000000000
0.136658274172157,0.326712809421585,-1.170385956944196,0.170508512668410,-1,1.000000000000000
0.137290216483938,0.326712809421585,-1.170385956944196,1.499172676963538,-1,1.000000000000000
0.137640772448295,0.326712809421585,-1.170385956944196,1.493096186510258,-1,1.000000000000000
0.138068344495731,0.326712809421585,-1.170385956944196,3.911551185926256,-1,0.377671736435173
0.142108670985761,0.326712809421585,-1.170385956944196,0.097601246338581,-1,1.000000000000000
0.143306162434255,0.326712809421585,-1.170385956944196,1.445522575815841,-1,1.000000000000000
0.144003049342739,0.326712809421585,-1.170385956944196,1.504128261410873,-1,1.000000000000000
0.146805082760324,0.326712809421585,-1.170385956944196,0.302239746289165,-1,1.000000000000000
0.151758013620376,0.326712809421585,-1.170385956944196,5.546138916869145,-1,0.238912217933143
0.153623891198020,0.326712809421585,-1.170385956944196,0.118110286544195,-1,1.000000000000000
0.155646673955579,0.326712809421585,-1.170385956944196,4.344633869591576,-1,0.205728890540711
0.198229373292139,0.326712809421585,-1.170385956944196,0.044641387310334,-1,1.000000000000000
0.205850223356139,0.326712809421585,-1.170385956944196,-0.282336333832247,-1,1.000000000000000
0.206452590526299,0.326712809421585,-1.170385956944196,-0.291906511320898,1,1.000000000000000
0.217491723387376,0.326712809421585,-1.170385956944196,-0.009264752367141,-1,1.000000000000000
0.220803294244890,0.326712809421585,-1.170385956944196,-0.002066176006858,-1,1.000000000000000
0.229775305778951,0.326712809421585,-1.170385956944196,-0.308077055332976,1,1.000000000000000
0.229930907238337,0.326712809421585,-1.170385956944196,-0.565978943859206,-1,1.000000000000000
0.239578922009450,0.326712809421585,-1.170385956944196,-0.224813797409275,-1,1.000000000000000
0.260316045595237,0.326712809421585,-1.170385956944196,0.933870280639083,1,1.000000000000000
0.261986015020486,0.326712809421585,-1.170385956944196,-0.237196859022318,-1,1.000000000000000
0.296518433236708,0.326712809421585,-1.170385956944196,-0.203452868639143,1,1.000000000000000
0.305576876613220,0.326712809421585,-1.170385956944196,-0.479021946675600,-1,1.000000000000000
0.307929609307892,0.326712809421585,-1.170385956944196,0.883807078710410,1,1.000000000000000
0.312276551551871,0.326712809421585,-1.170385956944196,1.493426558806747,1,1.000000000000000
0.317906692797614,0.326712809421585,-1.108138771111565,-0.432264001583193,-1,1.000000000000000
0.339760911732632,0.326712809421585,-1.170385956944196,0.063900912294585,-1,1.000000000000000
0.348983527323856,0.326712809421585,-1.170385956944196,1.256868195510030,-1,0.310658150207411
0.355236557266598,0.326712809421585,-1.170385956944196,-0.168140789748704,1,1.000000000000000
0.362055739920371,0.326712809421585,1.443998462410736,-0.558143397912281,-1,1.000000000000000
0.363759026648018,0.326712809421585,-1.170385956944196,-0.285486669659481,1,1.000000000000000
0.367636388071973,0.326712809421585,-1.170385956944196,0.251237343117616,1,1.000000000000000
0.367979218285049,0.326712809421585,-1.170385956944196,-0.143756954465698,1,1.000000000000000
0.377100433390716,0.326712809421585,-1.170385956944196,-0.280087442414004,1,1.000000000000000
0.384269689149392,0.326712809421585,-1.170385956944196,1.461557431206147,-1,1.000000000000000
0.386844537193382,0.326712809421585,-1.170385956944196,1.426325585587712,-1,1.000000000000000
0.405533612400626,0.061192623217688,-0.044747058884414,-0.558165934022506,-1,1.000000000000000
0.406494502716152,0.165731282457409,0.864862640219651,-0.498632374234763,-1,1.000000000000000
0.412235701636553,0.326712809421585,-0.308828643467875,-0.482896623762886,-1,1.000000000000000
0.423409069426131,0.326712809421585,-1.170385956944196,0.811573535885206,1,1.000000000000000
0.425805259471757,-0.993326471378886,-0.473215906988074,-0.560986841474098,-1,1.000000000000000
0.440291043122896,0.326712809421585,-1.170385956944196,-0.563318797926887,-1,1.000000000000000
0.446668409375309,0.326712809421585,-1.170385956944196,-0.305939074614268,1,1.000000000000000
0.450043596966025,0.326712809421585,-1.170385956944196,-0.435738810201622,-1,1.000000000000000
0.454617483153872,0.326712809421585,-1.170385956944196,-0.297529919767564,1,1.000000000000000
0.459198612233544,0.326712809421585,-1.170385956944196,0.262637547148605,-1,1.000000000000000
0.468178590948612,0.326712809421585,-1.170385956944196,-0.562744540081526,-1,1.000000000000000
0.470781203411267,0.326712809421585,-1.170385956944196,0.135818241636006,1,1.000000000000000
0.472088545385782,-0.093305289200241,0.178973659033046,-0.562839404126660,-1,1.000000000000000
0.473945139990403,0.326712809421585,-1.170385956944196,0.328273083252499,1,1.000000000000000
0.479086386037920,0.326712809421585,-1.170385956944196,0.346107287757611,-1,1.000000000000000
0.483739944035848,0.326712809421585,-1.170385956944196,-0.314449700952037,1,1.000000000000000
0.484930192592517,0.326712809421585,-1.170385956944196,-0.298316913773843,1,1.000000000000000
0.488866704299714,0.326712809421585,-1.170385956944196,-0.298804212911165,1,1.000000000000000
0.491583995882940,0.326712809421585,-1.170385956944196,0.113902759368196,1,1.000000000000000
0.494513745626382,0.326712809421585,-1.170385956944196,-0.052337040521895,1,1.000000000000000
0.499294054231258,0.326712809421585,-1.170385956944196,0.289417761482215,-1,1.000000000000000
0.499442533513682,0.326712809421585,-1.170385956944196,-0.204452244836022,1,1.000000000000000
0.500737804001822,0.326712809421585,-1.170385956944196,0.283498197869768,-1,1.000000000000000
0.511393305025872,0.326712809421585,-1.170385956944196,0.240060140386758,-1,1.000000000000000
0.519676758977048,0.326712809421585,-1.170385956944196,0.022171351544847,-1,1.000000000000000
0.524092508693370,0.326712809421585,0.330777890342890,-0.560412465638631,-1,1.000000000000000
0.524378602920480,0.326712809421585,0.136806252733270,-0.466172706154189,-1,1.000000000000000
0.524670732890778,-0.015517315154890,-0.492583266766655,-0.376329611985486,1,0.574344064540695
0.526940172329456,0.326712809421585,-0.983644138007860,-0.559440817116636,-1,1.000000000000000
0.534300157572872,0.326712809421585,-1.170385956944196,0.303954142527732,1,1.000000000000000
0.537589637610318,0.326712809421585,-1.170385956944196,1.046822209006556,1,1.000000000000000
0.544618864127033,0.326712809421585,0.842125338924521,-0.561215742279523,-1,1.000000000000000
0.548841470061340,0.326712809421585,-1.170385956944196,-0.316147578575779,-1,1.000000000000000
0.564202436474735,0.326712809421585,-1.170385956944196,0.920372212525389,1,1.000000000000000
0.566862992071994,0.326712809421585,-1.170385956944196,-0.259133579509188,1,1.000000000000000
0.573951368871951,0.326712809421585,-1.170385956944196,0.038287620108215,-1,1.000000000000000
0.576640896036512,0.326712809421585,-1.170385956944196,0.385871133343239,-1,0.036594114063128
0.581700055976673,0.326712809421585,-1.170385956944196,0.141335458987372,-1,1.000000000000000
0.584672055922431,0.326712809421585,1.242892169720697,-0.561887813922666,-1,1.000000000000000
0.587700791854157,0.326712809421585,-1.170385956944196,0.345015879278138,1,1.000000000000000
0.588194515646933,0.326712809421585,-1.170385956944196,0.088648157103729,-1,1.000000000000000
0.590993893337516,0.326712809421585,-1.170385956944196,-0.269155659103394,1,1.000000000000000
0.593753435123057,-1.682052661694096,1.036562336960786,-0.560487625336082,-1,1.000000000000000
0.597566817669220,0.326712809421585,-1.170385956944196,-0.204813294560043,-1,1.000000000000000
0.598870538197822,0.326712809421585,-1.170385956944196,1.464813958128681,1,1.000000000000000
0.603656882545886,0.326712809421585,0.367486461975053,-0.515039252428937,-1,1.000000000000000
0.603830711949700,0.326712809421585,1.415580103772348,-0.561778437094507,-1,1.000000000000000
0.608758292688362,-0.131637157622113,-0.632131263918564,-0.559190914072363,-1,1.000000000000000
0.617306112191171,0.326712809421585,-1.170385956944196,0.048512642684550,1,1.000000000000000
0.618710026056694,0.326712809421585,-1.170385956944196,-0.148876545160218,1,1.000000000000000
0.619332914753693,0.326712809421585,-0.227492529797324,-0.400022025247984,1,1.000000000000000
0.620462805878482,0.326712809421585,-1.170385956944196,1.065972003192329,1,1.000000000000000
0.622088835093322,0.326712809421585,0.552033243752898,-0.556194909303631,-1,1.000000000000000
0.626290919500790,0.326712809421585,-1.170385956944196,0.279392142184833,-1,1.000000000000000
0.626779814699016,0.326712809421585,-0.703135330363824,-0.561473904631208,-1,1.000000000000000
0.627891598594241,0.326712809421585,-1.170385956944196,-0.013258717451482,1,1.000000000000000
0.629812172076654,-1.958522610231443,0.582273828331576,-0.560722897607225,-1,1.000000000000000
0.641535999644976,-4.881462331858312,0.343204059488084,-0.561852062920582,-1,1.000000000000000
0.642921806280934,0.326712809421585,-1.170385956944196,0.139040551427832,-1,1.000000000000000
0.643211521953957,0.326712809421585,0.347643284232149,-0.554692069324924,-1,1.000000000000000
0.646902982487722,0.326712809421585,0.561220190602511,-0.138276314047157,1,1.000000000000000
0.648236881732265,0.326712809421585,-1.170385956944196,0.356934059873979,-1,1.000000000000000
0.652461901963847,0.326712809421585,-1.170385956944196,-0.290246390531041,1,1.000000000000000
0.653832015667517,0.326712809421585,-0.291508346689648,0.070487120005305,-1,1.000000000000000
0.654096381219150,0.100232915081667,-0.419720372999233,-0.563864384176517,-1,1.000000000000000
0.654512847499121,0.326712809421585,-1.170385956944196,0.400933750261020,-1,1.000000000000000
0.654608212241490,0.326712809421585,-0.608416182850595,-0.383247371893754,1,1.000000000000000
0.666332039809812,0.326712809421585,-0.268713528937293,-0.554936544824326,-1,1.000000000000000
0.666938028425885,0.326712809421585,0.106406190705011,-0.424151001902270,1,0.057900911835410
0.669474247713472,-0.956657857995006,0.926028778094879,-0.558577011551423,-1,1.000000000000000
0.672693713129937,-1.294391033765059,1.130272332088145,-0.558810395980871,-1,1.000000000000000
0.679340273528534,0.326712809421585,-0.000794028026219,-0.403985312904793,1,1.000000000000000
0.685112858313513,0.326712809421585,-1.156553222837545,-0.558824554793578,-1,1.000000000000000
0.685697118254109,0.326712809421585,1.391710774023638,-0.554239695258946,-1,1.000000000000000
0.686775101987481,0.326712809421585,-1.170385956944196,0.286373616750281,1,1.000000000000000
0.690612627506396,0.326712809421585,-1.170385956944196,-0.263089787759644,-1,1.000000000000000
0.690960286314023,0.326712809421585,-1.170385956944196,-0.178195906572559,1,1.000000000000000
0.696165511239332,0.326712809421585,-0.463796279925138,-0.335028355320125,1,1.000000000000000
0.696906700502815,0.326712809421585,-1.170385956944196,-0.144725653235046,1,1.000000000000000
0.698159720788639,0.326712809421585,0.708702844467162,-0.346820286502665,1,0.278133069113091
0.698498929555803,-4.004680518682723,0.618404621007062,-0.561721093903045,1,0.960026348680531
0.702620135004552,0.056526268805543,1.047880007112174,-0.562862058226991,-1,1.000000000000000
0.705274654858623,0.326712809421585,-1.170385956944196,-0.277991938133416,1,1.000000000000000
0.706645975710931,-3.656182386694554,0.090121190156849,-0.555160254065091,-1,1.000000000000000
0.706946555721692,0.326712809421585,-1.170385956944196,-0.058044221943743,1,1.000000000000000
0.709062687283396,0.326712809421585,-1.170385956944196,0.217100445681831,-1,1.000000000000000
0.713148885421654,0.326712809421585,-0.461668171007783,-0.556305348042743,-1,1.000000000000000
0.714398284261565,0.326712809421585,-0.106906662838997,-0.361314191110061,1,1.000000000000000
0.715496789521776,0.326712809421585,-0.033335270893929,-0.410993925194595,1,1.000000000000000
0.716344207865368,-0.828325411406230,0.258291467931855,-0.559159528704196,-1,1.000000000000000
0.716417843932261,-1.235653490108562,1.125579512055402,-0.556111018338344,1,1.000000000000000
0.716457679837302,-3.734955993355011,-0.282480877289616,-0.555537468433618,-1,1.000000000000000
0.717272505167678,0.326712809421585,-0.925635130757445,-0.270662392755596,-1,1.000000000000000
0.717950922702007,0.326712809421585,0.518069775761058,-0.215288456160862,1,1.000000000000000
0.722289414905523,0.326712809421585,-1.170385956944196,0.449591690028556,-1,1.000000000000000
0.729394691786406,-2.837260288127633,0.193640355625627,-0.562107275519619,-1,1.000000000000000
0.732038347302739,0.326712809421585,-1.170385956944196,0.437950786181554,-1,1.000000000000000
0.736955063703663,-5.796375806830831,0.285726818028566,-0.561813126185638,-1,1.000000000000000
0.737457237536902,-5.307625233814943,0.472940271914153,-0.557618105960863,1,1.000000000000000
0.743455559117111,-5.448478294717493,0.326187031302503,-0.561707525040868,-1,1.000000000000000
0.748525583395010,-3.196554177353139,-0.327035216564262,-0.560056489489164,-1,1.000000000000000
0.750201105703991,0.326712809421585,-1.170385956944196,-0.296642634171279,1,1.000000000000000
0.754744813175899,-1.347260983259751,0.893602568141620,-0.557304252279199,-1,1.000000000000000
0.756157177081885,-6.014678030567289,0.016285745385427,-0.557874144490642,-1,1.000000000000000
0.756722122644279,0.326712809421585,0.201287430052240,-0.555284143676274,-1,1.000000000000000
0.757119274546048,-6.233334466024799,0.293669317894566,-0.523934762492115,1,0.235674201673984
0.757190496315666,-0.857940591388255,0.019744575972234,-0.557587546523438,-1,1.000000000000000
0.759098998311703,0.326712809421585,-1.170385956944196,1.477273713310553,-1,1.000000000000000
0.765711758548448,-6.038826029637394,0.115376143647818,-0.558963193167997,-1,1.000000000000000
0.766021995748310,0.326712809421585,-1.170385956944196,1.294223863034466,-1,1.000000000000000
0.766206689489862,-0.731333001875916,1.185148261050404,-0.561055747695937,1,0.839095599276025
0.766268254070379,-3.415472421474037,0.293669317894566,-0.558796237168164,-1,1.000000000000000
0.768187620404155,-0.773330191585215,0.542485511853414,-0.558307522149572,-1,1.000000000000000
0.772900328685326,0.326712809421585,-0.043267317303059,-0.563038217455083,-1,1.000000000000000
0.774522736454253,0.326712809421585,-0.091434735845254,-0.295669215797696,1,1.000000000000000
0.776759582879716,-1.311639604529421,1.130272332088145,-0.559895315004520,1,1.000000000000000
0.781166882555575,0.326712809421585,-1.170385956944196,-0.142841351244000,1,1.000000000000000
0.781277940230234,0.326712809421585,-1.170385956944196,0.536852452739774,1,1.000000000000000
0.789956131785904,-2.466123407011240,-0.611370437244466,-0.559872542914083,-1,1.000000000000000
0.790488484335083,0.326712809421585,-1.170385956944196,0.271336957655796,1,1.000000000000000
0.792275064318724,0.326712809421585,-1.170385956944196,0.080303896815264,-1,1.000000000000000
0.793787621561630,0.326712809421585,-1.170385956944196,1.391754484562256,1,1.000000000000000
0.796998636937632,-3.008436952454316,0.677113237528096,-0.562210280882060,-1,1.000000000000000
0.797794147889807,-1.464043047640249,0.823636412310843,-0.556535192769015,-1,1.000000000000000
0.798998882230127,0.326712809421585,-0.627660666561467,-0.292535398585286,1,1.000000000000000
0.799840264830531,-0.673319282171137,1.250340550931439,-0.555562836306384,1,1.000000000000000
0.803812990996855,-6.844149478217769,0.136806252733270,-0.564471443271316,1,0.600495738396470
0.805055146944941,-2.940058689781309,0.715942074924355,-0.563462155905542,-1,1.000000000000000
0.809810105428427,0.326712809421585,-1.170385956944196,0.630116552038620,1,1.000000000000000
0.812566025768056,0.326712809421585,-0.821802239158345,-0.528578145119268,-1,1.000000000000000
0.812673461996802,0.326712809421585,-0.105267443808061,-0.425872477547190,-1,1.000000000000000
0.814053232889573,0.326712809421585,0.840679584340618,-0.458557270749800,-1,1.000000000000000
0.814454006237254,-0.528877902529217,1.273263473520343,-0.565381666144186,1,1.000000000000000
0.815157773892972,0.326712809421585,-1.170385956944196,-0.228680333179255,1,1.000000000000000
0.815551304348828,-1.444592204001509,1.138316792946500,-0.562046510615087,1,0.120736478318823
0.815920691831932,0.326712809421585,-1.170385956944196,0.588761019924550,-1,0.766442283309692
0.816984189781653,0.326712809421585,-1.170385956944196,1.277327679871171,1,1.000000000000000
0.817312534211079,0.326712809421585,0.247467916435726,-0.424371643400282,1,1.000000000000000
0.818417075214478,0.326712809421585,-1.170385956944196,0.020079386967436,-1,1.000000000000000
0.819426251475508,-2.519039558034765,-0.012587516141929,-0.564175878056064,-1,1.000000000000000
0.820261598332723,0.326712809421585,-1.170385956944196,-0.385812476795780,-1,1.000000000000000
0.820551314005746,0.326712809421585,-0.491325747860946,-0.380745981648909,1,1.000000000000000
0.821943156384893,-5.592349855503805,0.374477325912408,-0.563151605946842,1,1.000000000000000
0.823805786732702,-0.553318511281934,0.821526604084424,-0.557137532259578,-1,1.000000000000000
0.824114816783926,0.326712809421585,-1.170385956944196,0.255928629727760,1,1.000000000000000
0.824929642114303,0.326712809421585,-1.170385956944196,2.023414516438645,-1,0.549181118726364
0.826613614463747,0.326712809421585,0.305763460218502,-0.560828616742101,-1,1.000000000000000
0.828583681040302,-3.266734299650638,0.690700193355484,-0.562024210485074,1,1.000000000000000
0.828605409715779,0.326712809421585,-1.170385956944196,0.930413170536537,1,1.000000000000000
0.831862296740010,0.326712809421585,-1.170385956944196,1.028510144572594,1,1.000000000000000
0.833337432375151,0.326712809421585,0.674574670256902,-0.561575966072802,1,1.000000000000000
0.835518749963285,-2.973400793089205,-0.534455247627044,-0.558013726785909,1,0.560743036844402
0.836224931916278,-3.823478122599255,0.572537860753899,-0.554611246102390,-1,1.000000000000000
0.836597940845295,-0.956657857995006,-0.848063730650765,-0.557120187714012,1,0.380704724653354
0.839485440386422,-1.789394213683028,0.985333474263526,-0.559472910425437,-1,1.000000000000000
0.844566329002058,-1.948358273888158,0.189943616056659,-0.437433148122187,-1,1.000000000000000
0.844777580013638,0.051705909297288,0.824093929584230,-0.564900620482476,1,0.819881447583962
0.846246679905590,0.326712809421585,0.824802427761875,-0.561555317804271,1,1.000000000000000
0.849251272864564,-3.296934698997882,-0.247662505592647,-0.556587344395818,1,1.000000000000000
0.850267692017419,0.326712809421585,0.783801036913132,-0.558785736048740,1,1.000000000000000
0.850550164798616,0.326712809421585,-1.170385956944196,0.967686244986850,1,1.000000000000000
0.850626215162785,-4.542558717357821,-0.221618008007033,-0.554006900780027,-1,1.000000000000000
0.850641908095073,0.326712809421585,-1.170385956944196,1.038574700604920,1,1.000000000000000
0.850691401189215,-4.398440748417731,0.118395757652173,-0.556815301280395,-1,1.000000000000000
0.851154946266051,0.326712809421585,-1.170385956944196,1.321904341876009,1,1.000000000000000
0.852028921879670,0.326712809421585,1.276677859572021,-0.564296581934389,-1,1.000000000000000
0.853143120072170,-3.444841193302286,-0.320711020653843,-0.542932349441292,1,1.000000000000000
0.853500436068898,0.326712809421585,-1.170385956944196,1.510948089531253,1,1.000000000000000
0.854338197223389,-1.797494881738434,0.296869324423856,-0.558390705174224,1,1.000000000000000
0.854921250015347,0.326712809421585,-1.170385956944196,-0.330285153063390,1,0.913028351979923
0.855313573322566,0.326712809421585,-1.170385956944196,0.386616830812457,-1,1.000000000000000
0.856152541625694,0.326712809421585,-1.170385956944196,-0.188137752894760,1,1.000000000000000
0.856927531051030,-4.017016326881165,0.669340672649354,-0.557154404844720,-1,1.000000000000000
0.857750806421870,-3.126066044863421,-0.432996217080718,-0.563553952207924,1,1.000000000000000
0.860466890856458,-1.183137752334924,-0.896678208928670,-0.558844731101685,1,1.000000000000000
0.860667277530299,-0.784664966658939,-0.124632189202223,-0.561333732385412,1,0.870097910769020
0.861000450554275,-0.561773391058392,1.171665880599791,-0.556647991310245,-1,1.000000000000000
0.861115129674847,0.326712809421585,-1.170385956944196,-0.194054956705090,1,1.000000000000000
0.865096305881635,0.326712809421585,0.706608722547258,-0.563524808651769,1,1.000000000000000
0.865422236013785,-3.666007911826397,-0.404102040478007,-0.563241396417424,1,1.000000000000000
0.866162218128631,-0.126246979258251,1.293169396489312,-0.559903338331720,-1,1.000000000000000
0.867462317211321,0.326712809421585,-1.170385956944196,0.551636613007657,-1,1.000000000000000
0.868770866334473,-4.983814118733268,0.265684947069791,-0.558607099028424,1,0.915632941397309
0.869885064526974,0.326712809421585,-1.170385956944196,0.210518957575346,1,1.000000000000000
0.870098729835828,0.326712809421585,-1.170385956944196,-0.144046030225125,-1,1.000000000000000
0.870906312274379,-2.783004292767948,-0.370065369722425,-0.561925570756550,-1,1.000000000000000
0.871453150607209,-0.314980224541516,1.219326108564631,-0.562871969395886,1,1.000000000000000
0.871896174157207,-4.806785260754391,0.271630057239404,-0.555417590486035,-1,1.000000000000000
0.873260252117689,0.326712809421585,1.327284498777474,-0.495518615340354,-1,1.000000000000000
0.874020755759374,-2.260572805232722,-0.075991567080124,-0.563277147419508,1,1.000000000000000
0.874448086377082,0.326712809421585,0.890956811109233,-0.561541984922306,1,1.000000000000000
0.876065665551459,-0.328625076056894,1.233161430911858,-0.557275816663680,1,0.506813110184444
0.877153306473932,0.326712809421585,0.639573291650579,-0.562373107228187,1,1.000000000000000
0.877447850741505,-3.790259223368247,0.268994757744694,-0.559039296786295,1,1.000000000000000
0.883263892877438,0.326712809421585,-1.170385956944196,0.592824599171365,1,1.000000000000000
0.884671428188873,-3.223227859999457,-0.468964917922203,-0.560959703749744,-1,1.000000000000000
0.885555060991593,0.326712809421585,0.883772482724845,-0.560888909686210,1,1.000000000000000
0.886182778283142,-3.348403202117969,-0.231889924390678,-0.560279372799188,1,1.000000000000000
0.886531644239407,0.326712809421585,-0.052511780609898,-0.440621240783306,1,1.000000000000000
0.889496401293340,0.326712809421585,-1.170385956944196,0.270933431493655,-1,1.000000000000000
0.891799640893871,0.326712809421585,-1.170385956944196,0.559243435134316,-1,1.000000000000000
0.892493751360488,0.326712809421585,-1.170385956944196,1.266354600023500,-1,1.000000000000000
0.892531172968253,0.326712809421585,-1.170385956944196,1.008664208762076,1,1.000000000000000
0.892952467842774,-0.101082546553815,1.279838650335021,-0.560329518594191,1,0.855382671160854
0.893965265549716,0.326712809421585,-1.170385956944196,1.000581886508684,1,1.000000000000000
0.894019587238408,0.326712809421585,0.667853087914741,-0.560083155253095,1,1.000000000000000
0.894818719636496,0.326712809421585,0.766195772233196,-0.559508661427522,1,1.000000000000000
0.898861460423801,0.326712809421585,-1.170385956944196,0.525882912595280,-1,1.000000000000000
0.898866289018351,-0.073300027215504,1.293169396489312,-0.560847495159043,1,0.553564227730730
0.899089611516306,0.326712809421585,0.678812587400677,-0.558347874765786,1,0.522343129931666
0.900418682166298,0.326712809421585,-1.170385956944196,1.274248138107470,-1,1.000000000000000
0.903976149201290,-5.561718241887452,0.381904792047795,-0.559627595454258,1,1.000000000000000
0.904063063903197,0.326712809421585,-1.121971479074372,-0.560887493804940,-1,1.000000000000000
0.907280115022388,0.326712809421585,0.219802500510112,-0.404831301964017,1,1.000000000000000
0.909449361124146,0.326712809421585,-1.170385956944196,0.377386464828766,-1,1.000000000000000
0.909990163713788,-3.095619237362400,0.350268126189181,-0.556443514456739,-1,1.000000000000000
0.914331070214579,0.061192623217688,1.389532991802315,-0.556146415370111,-1,1.000000000000000
0.918026152194257,0.326712809421585,-0.304271771424939,-0.469099568720870,-1,1.000000000000000
0.922542095247500,0.263339712372166,0.774914744271745,-0.563898129346802,1,1.000000000000000
0.923094969323518,0.326712809421585,-0.314107085610552,-0.447169691660141,1,1.000000000000000
0.925664988772958,0.326712809421585,0.910449661339943,-0.559607183165939,1,1.000000000000000
0.925931768621866,0.326712809421585,-1.170385956944196,1.086561276669948,-1,0.526452690667156
0.926176819795298,-5.448478294717493,-0.026592773476413,-0.520576646088410,-1,1.000000000000000
0.926470156914234,0.326712809421585,0.766195772233196,-0.563993583342466,1,1.000000000000000
0.926508785670636,-2.538505802183116,0.697032232419161,-0.557923936315327,-1,1.000000000000000
0.927806470456051,0.326712809421585,1.067527106023626,-0.567253083615669,1,0.943836707249943
0.928279672721988,0.326712809421585,0.973409266926848,-0.562660059165709,1,1.000000000000000
0.930523762039277,0.326712809421585,-1.170385956944196,1.014870488331834,1,1.000000000000000
0.931404980544721,0.326712809421585,-1.170385956944196,-0.543026151575473,-1,1.000000000000000
0.935302863495515,0.326712809421585,-1.170385956944196,0.780589334078773,-1,1.000000000000000
0.937087029181880,-3.656182386694554,0.208108359002337,-0.557579287216026,1,1.000000000000000
0.939096931663476,0.326712809421585,0.867029964903296,-0.562456054272627,1,1.000000000000000
0.940328223273823,0.326712809421585,-0.310211652825714,0.111002562565446,-1,1.000000000000000
0.941347056723953,0.052676141402784,0.776496446845454,-0.561452902392359,1,1.000000000000000
0.941496743155015,0.326712809421585,0.410404196603183,-0.353608257294455,1,1.000000000000000
0.944239384859630,0.326712809421585,-1.170385956944196,0.174731378558175,-1,1.000000000000000
0.944308192331973,-2.063015067942332,0.592341822730512,-0.559326012743606,1,0.091483862349701
0.945419976227198,-1.213338151682168,-0.843587904524829,-0.483783909359171,1,1.000000000000000
0.945672270292455,-2.753389112785922,0.586822857221254,-0.554873302127569,1,0.790915597401920
0.947870487961516,-0.522132479319582,-0.682957511415243,-0.528993588282103,-1,1.000000000000000
0.950715737300327,-5.929744220062416,0.084518564346172,-0.484237817296525,1,1.000000000000000
0.951318104470486,0.326712809421585,0.661740657142289,-0.558259264196264,-1,1.000000000000000
0.952520424513531,0.157476609305894,0.152944847753948,-0.555247448753343,-1,1.000000000000000
0.954637763223872,0.326712809421585,-1.170385956944196,0.655154052508251,1,1.000000000000000
0.958430624243195,0.326712809421585,-1.170385956944196,1.404745195220627,1,1.000000000000000
0.962910352837310,0.326712809421585,0.065504146464203,-0.557075941424304,-1,1.000000000000000
0.967217459176249,0.326712809421585,-1.170385956944196,0.347201056039201,1,1.000000000000000
0.967851212210986,0.326712809421585,1.037315279673560,-0.565619286418435,1,0.495219804704546
0.970514182105520,-1.272630113684663,1.087490545449820,-0.559403414253069,-1,1.000000000000000
0.970568503794212,0.326712809421585,-1.170385956944196,2.221272125003793,-1,1.000000000000000
0.971382121975951,-2.921008259392455,0.043436127580428,-0.561242054073136,1,1.000000000000000
0.972837943232890,-1.073332118808227,0.513455387260896,-0.563230541327682,-1,1.000000000000000
0.974471215339556,-4.911554927638280,0.332885084184890,-0.558083104968172,1,1.000000000000000
0.977393722191173,0.326712809421585,-0.161325074527869,-0.557686186251961,-1,1.000000000000000
0.977578415932726,0.326712809421585,-1.170385956944196,0.333026904618764,-1,1.000000000000000
0.977868131605748,0.326712809421585,1.443998462410736,-0.564186733145806,1,1.000000000000000
0.981695999935562,-1.598350891958107,0.675060945758902,-0.561722155813998,1,1.000000000000000
0.981900008055315,-2.450430287717593,-0.427079865139718,-0.488995060375861,1,1.000000000000000
0.982355103091689,-1.514649122222119,-0.550023906844303,-0.528347356472149,1,1.000000000000000
0.983695038079419,0.326712809421585,-1.170385956944196,-0.211603625153951,1,1.000000000000000
0.986988139562778,-1.764707196776534,0.746828412454615,-0.564214932781113,1,1.000000000000000
0.987590506732937,0.326712809421585,-1.170385956944196,0.046786447435395,-1,1.000000000000000
0.988313588766857,-0.147145470800429,0.863024727972844,-0.544581497151301,-1,1.000000000000000
0.989322765027886,-2.843974910318046,0.136806252733270,-0.519257634694678,1,1.000000000000000
0.991000701634143,0.326712809421585,1.443998462410736,-0.562623600222989,1,1.000000000000000
0.991338703252669,-2.753389112785922,-0.218232380183968,-0.560904484380188,1,1.000000000000000
0.992795731658247,-0.566070133239872,-0.703817684697276,-0.559416275174611,1,1.000000000000000
0.992981632548436,-3.123278552623824,-0.501589821091333,-0.559600221749691,1,1.000000000000000
0.993900272661646,0.326712809421585,-0.332964640427359,-0.453729941547566,1,1.000000000000000
1.001232493486397,-3.390646799981046,0.785654635466455,-0.560082801282777,1,1.000000000000000
1.001309750999203,0.124072903959553,0.474618706711379,-0.560757586698356,-1,1.000000000000000
1.002098019059553,0.326712809421585,-1.170385956944196,0.213911173119653,-1,1.000000000000000
1.003499518627800,0.326712809421585,-1.170385956944196,-0.045833425885298,-1,1.000000000000000
1.005204012504084,-1.598350891958107,-0.734654348923567,-0.557957091535082,1,1.000000000000000
1.008237577030360,0.326712809421585,-1.170385956944196,0.023413787359857,1,1.000000000000000
1.008265341449025,0.326712809421585,-1.170385956944196,-0.031476389800732,-1,1.000000000000000
1.008288277273139,0.326712809421585,1.443998462410736,-0.560144510108157,1,1.000000000000000
1.016230108159876,0.326712809421585,-1.170385956944196,0.050736756180557,1,1.000000000000000
1.016254251132628,0.326712809421585,-1.170385956944196,0.317746006005089,-1,1.000000000000000
1.017719729578668,-1.754435056865973,0.493314169694186,-0.554359101246105,-1,1.000000000000000
1.017992545170765,-0.213660271810500,-0.359024824319490,-0.510052518593647,-1,1.000000000000000
1.019617367236967,0.326712809421585,1.423574891326735,-0.563614245152033,1,1.000000000000000
1.019838275437647,0.326712809421585,1.443998462410736,-0.562106095618561,1,1.000000000000000
1.020155755529335,0.326712809421585,-0.939704963387088,0.433250060362939,-1,1.000000000000000
1.021186660465841,0.291153032729700,0.285350346672179,-0.410504266255156,1,1.000000000000000
1.022143929335453,-1.644552420791220,-0.211777465052581,-0.484114871606189,1,1.000000000000000
1.024219017843479,-0.674951736189908,0.398244694668763,-0.562723419852571,1,1.000000000000000
1.025977833408455,-3.453419277155634,0.599983668388287,-0.561388951754968,-1,1.000000000000000
1.028517674141954,0.326712809421585,0.796872959009907,-0.563401862961433,-1,1.000000000000000
1.031562103005969,0.326712809421585,0.790402357572003,-0.556950045981320,-1,1.000000000000000
1.032174127365229,0.326712809421585,-0.037486913351865,-0.292520059871520,1,1.000000000000000
1.032847716305007,0.326712809421585,1.443998462410736,-0.519223417563970,-1,1.000000000000000
1.033897935619715,-1.576728576464211,0.828849494843037,-0.555945596209888,1,1.000000000000000
1.036995479023783,-1.006016491298381,0.241381629507468,-0.526661985799632,1,1.000000000000000
1.037911704839718,0.326712809421585,-0.212640211910968,-0.412886486493054,1,1.000000000000000
1.040627789274306,0.326712809421585,-1.170385956944196,0.666268720482988,-1,1.000000000000000
1.045498634027001,0.326712809421585,1.443998462410736,-0.557460117209078,1,0.001516221632864
1.045548127121143,-2.437478459134709,0.122118641065334,-0.560281496621094,-1,1.000000000000000
1.046871162027947,-3.992945330359112,-0.001601872811799,-0.558186582291036,1,1.000000000000000
1.048412690838156,0.326712809421585,-1.170385956944196,0.935120975761505,1,1.000000000000000
1.052263494992083,0.326712809421585,-1.170385956944196,0.997089379374372,1,1.000000000000000
1.052484403192763,-2.778230134788527,0.148798434064851,-0.561313556077305,1,1.000000000000000
1.055089429952693,-0.956657857995006,-0.901988023684380,-0.491235338516374,1,1.000000000000000
1.055894598093969,0.326712809421585,-1.170385956944196,0.133896182811075,-1,1.000000000000000
1.055970648458137,0.326712809421585,-0.869880768630282,-0.399266888570295,1,1.000000000000000
1.056746845032111,0.326712809421585,-1.170385956944196,-0.113894838566268,1,1.000000000000000
1.057664277996683,-2.973400793089205,0.790402357572003,-0.556303224220837,1,1.000000000000000
1.060717156901160,0.326712809421585,-1.170385956944196,0.007961803092643,1,1.000000000000000
1.060771478589852,0.326712809421585,0.094638846433494,-0.436406634200953,-1,1.000000000000000
1.060853564697208,-1.450274992047981,0.549604480627317,-0.564573138943582,1,1.000000000000000
1.062798281152374,-2.012609199985406,-0.383532063866523,-0.536766540477854,-1,1.000000000000000
1.064074237262312,0.326712809421585,1.408667671367574,-0.566173957906219,1,1.000000000000000
1.064485874947731,-4.546870860048911,-0.132613904834514,-0.547986455627044,1,1.000000000000000
1.065897031705080,0.326712809421585,-1.170385956944196,0.288965859376661,1,1.000000000000000
1.068139913873731,-1.536256037206403,-0.088571984906060,-0.561813480155956,1,1.000000000000000
1.068405486574002,0.326712809421585,-0.164854493493999,-0.558231300541168,-1,1.000000000000000
1.071599601869078,0.124072903959553,-0.856659826621604,-0.551973931255560,-1,1.000000000000000
1.073063873166481,0.326712809421585,-0.634102509770757,-0.285107921419578,-1,1.000000000000000
1.074332586384593,-0.288075534251032,0.401902218471441,-0.564014231610996,1,0.234783991099922
1.074421915383775,0.326712809421585,-1.170385956944196,0.046532768707734,1,1.000000000000000
1.078821972167808,0.326712809421585,-1.170385956944196,0.445871461989878,-1,1.000000000000000
1.079844427063851,0.326712809421585,-0.448622392755202,-0.052386596366369,1,1.000000000000000
1.080813767419840,-1.574587905628277,0.866080943359070,-0.558025171826180,1,0.060358199715391
1.082717440821327,0.326712809421585,-1.170385956944196,0.490064656150577,-1,1.000000000000000
1.083853367689304,0.326712809421585,-1.170385956944196,0.435967372501562,-1,1.000000000000000
1.084470220643115,-1.294391033765059,-0.259312202565292,-0.559387249608562,-1,1.000000000000000
1.089458158813657,0.326712809421585,-1.170385956944196,1.043447691978132,1,1.000000000000000
1.091324410607378,-6.467622418737514,0.026709296065395,-0.563872289513612,1,1.000000000000000
1.091697419536395,0.326712809421585,0.572537860753899,-0.563416965694987,-1,1.000000000000000
1.094383325255044,0.124072903959553,1.350928991466120,-0.565453651907788,1,0.396072881843622
1.095746196066888,-2.645308336335661,0.403868235554796,-0.558006647379556,1,1.000000000000000
1.099885508745201,0.326712809421585,-1.170385956944196,0.492282870141289,-1,1.000000000000000
1.100328532295198,0.326712809421585,1.443998462410736,-0.558995404466905,1,0.145343358091280
1.102954080581967,0.326712809421585,-1.170385956944196,0.053059981365510,-1,1.000000000000000
1.105907973298162,-0.723324736878176,0.074557759708429,-0.562326737116573,-1,1.000000000000000
1.106124052904292,-1.873357792082405,0.266526778852823,-0.560940943322907,-1,1.000000000000000
1.108575771787247,0.326712809421585,1.443998462410736,-0.562307622719419,1,1.000000000000000
1.110689489051675,-2.290372791330078,-0.585995222070207,-0.523272720007972,1,1.000000000000000
1.110891082874154,0.326712809421585,-1.170385956944196,-0.174557091706944,1,1.000000000000000
1.111483792855213,-1.808013429802773,-0.710714430795534,-0.562070108636264,1,1.000000000000000
1.113187079582859,0.326712809421585,1.433982755700187,-0.563039751326460,1,1.000000000000000
1.114114169736532,0.326712809421585,-1.170385956944196,0.218759386570629,-1,1.000000000000000
1.121009402754474,-2.439850137614811,0.673868786463677,-0.559568364421101,1,1.000000000000000
1.121815778044387,0.326712809421585,-1.170385956944196,-0.284195857901056,1,1.000000000000000
1.122409695174084,0.326712809421585,-1.170385956944196,1.029288879271461,-1,1.000000000000000
1.126184448963843,-2.617495015978128,0.452336308305217,-0.555631860518329,1,1.000000000000000
1.127343311655934,-1.551394738154054,0.623800710448610,-0.560734932598025,1,1.000000000000000
1.127636648774870,0.326712809421585,-0.683987578876469,-0.403280911972636,1,1.000000000000000
1.128091743811243,-4.435294167916944,-0.061254282108221,-0.564089627288659,1,1.000000000000000
1.130474655221855,-2.309407821209321,0.682527627660580,-0.563092846874110,1,1.000000000000000
1.130770406638066,-0.814064539506409,-0.324556780134714,-0.560743073915332,1,1.000000000000000
1.131563503292966,-2.180351550668827,0.022139352100363,-0.533916843440424,-1,1.000000000000000
1.132843080848817,0.326712809421585,-1.170385956944196,-0.456767006873147,-1,1.000000000000000
1.133807592610255,0.326712809421585,-1.170385956944196,-0.273909480469659,1,1.000000000000000
1.134743132804391,0.326712809421585,-0.255351410169970,-0.559723639400451,-1,1.000000000000000
1.135823530835038,0.326712809421585,1.443998462410736,-0.562503014334771,1,0.002440440151202
1.137700646966498,0.326712809421585,-1.170385956944196,0.899016003359493,-1,1.000000000000000
1.137886547856688,0.326712809421585,-1.170385956944196,-0.086853866098643,1,1.000000000000000
1.138007262720447,-0.463056124451643,-0.207191834781032,-0.560505795812389,1,1.000000000000000
1.138626529971534,0.326712809421585,-1.170385956944196,-0.181137399912370,-1,1.000000000000000
1.139906107527384,-2.881721559374699,0.471575563247250,-0.511740721028706,1,1.000000000000000
1.140623153818116,0.326712809421585,-1.170385956944196,0.482579363832983,-1,1.000000000000000
1.143761740275862,0.326712809421585,-1.170385956944196,0.001888852342539,1,1.000000000000000
1.148476862854308,-3.985429881668927,-0.423419726952621,-0.490578369606785,1,1.000000000000000
1.149833697922964,0.326712809421585,-0.736510561861309,-0.335421262372735,-1,1.000000000000000
1.155463839168707,-3.475888620678138,0.223951528583628,-0.557285137882045,-1,1.000000000000000
1.156074656379330,0.326712809421585,-1.170385956944196,0.645372672730059,1,1.000000000000000
1.158657954463783,0.326712809421585,-1.170385956944196,1.075965765161122,-1,1.000000000000000
1.159993060856963,0.326712809421585,0.205606393113015,-0.557519230252128,-1,1.000000000000000
1.160641299675352,0.326712809421585,-1.170385956944196,0.342372900906226,1,1.000000000000000
1.164151687913478,0.326712809421585,-1.170385956944196,-0.140620777451170,1,1.000000000000000
1.165637687886357,0.326712809421585,-1.170385956944196,-0.208245626740352,1,1.000000000000000
1.167075401913732,0.326712809421585,1.443998462410736,-0.566966875015814,1,0.049890012944683
1.169575406742191,0.326712809421585,1.190994024612082,-0.348292803024159,-1,1.000000000000000
1.172174397758933,-1.087623791727268,-0.479226376768171,-0.486047077580226,-1,1.000000000000000
1.172377198730049,0.326712809421585,-0.049936611956833,-0.142574693604691,-1,1.000000000000000
1.172461699134681,0.326712809421585,-1.170385956944196,1.010056492011565,-1,1.000000000000000
1.173481739733448,0.326712809421585,0.514090682674800,-0.526186249692688,-1,1.000000000000000
1.175857408252235,-1.606405358484681,-0.467770144242558,-0.539229111977862,-1,1.000000000000000
1.177275807901409,0.326712809421585,-0.328975089803424,-0.457061982137869,1,1.000000000000000
1.177889039409307,0.326712809421585,-0.140477973167933,-0.177775861795594,1,1.000000000000000
1.179331582031233,0.326712809421585,0.378879949274602,-0.527801534242307,-1,1.000000000000000
1.180201936198939,0.326712809421585,-1.170385956944196,0.508416837220542,1,1.000000000000000
1.182773162797016,-3.780094887024962,-0.434486416199750,-0.557092342049022,-1,1.000000000000000
1.184779443832699,0.326712809421585,-0.398928173712104,-0.448423926485741,1,1.000000000000000
1.188515568866055,0.326712809421585,-1.170385956944196,0.691247225899675,-1,1.000000000000000
1.190071583459915,-5.594829337551183,0.012311881068008,-0.555514578353075,1,1.000000000000000
1.198881354217082,0.326712809421585,-1.120429515143836,-0.283437181520190,1,1.000000000000000
1.205322699347288,-4.536598720138349,-0.020056812428026,-0.557917328869398,-1,1.000000000000000
1.208411792710894,0.326712809421585,-1.170385956944196,0.016590419536300,-1,1.000000000000000
1.208666501073426,-1.773362283177939,-0.393137312223233,-0.554395678178931,-1,1.000000000000000
1.211054241078589,0.326712809421585,-1.170385956944196,0.566523424667663,1,1.000000000000000
1.212471433579125,0.326712809421585,-1.170385956944196,0.262821611713791,1,1.000000000000000
1.213353859233207,0.326712809421585,-1.170385956944196,1.042008212686288,1,1.000000000000000
1.215234596810580,0.326712809421585,-1.170385956944196,-0.037117496763282,1,1.000000000000000
1.218159517959472,-6.418972208876245,0.196223367431950,-0.559064428678850,1,1.000000000000000
1.218677384725000,-0.359718704961579,0.903090169199459,-0.554369720355635,-1,1.000000000000000
1.219364252299792,0.326712809421585,-1.170385956944196,0.731116082679545,1,1.000000000000000
1.221284825782206,-4.473441230223483,-0.069591554021544,-0.559021362290200,1,1.000000000000000
1.222756339971434,0.326712809421585,-1.170385956944196,0.027890331977283,1,1.000000000000000
1.225180294435724,0.326712809421585,-1.170385956944196,0.931687463680138,-1,1.000000000000000
1.229600872746597,0.326712809421585,-1.170385956944196,0.441131799436320,-1,1.000000000000000
1.230403626590597,0.326712809421585,-1.170385956944196,1.098773252629452,1,1.000000000000000
1.241412822165462,-2.686427696997133,-0.217685973840323,-0.496924585442127,-1,1.000000000000000
1.249638332982034,-6.098040989091835,0.268994757744694,-0.561174091772144,-1,1.000000000000000
1.251731528719624,0.326712809421585,-1.170385956944196,0.796057836960812,-1,1.000000000000000
1.252432882078066,0.326712809421585,-1.170385956944196,-0.152419788040063,1,1.000000000000000
1.260563028152268,0.326712809421585,0.840679584340618,-0.291396794063458,1,1.000000000000000
1.261520297021880,0.326712809421585,1.443998462410736,-0.466285740675631,-1,1.000000000000000
1.263883894054291,0.155597747133348,0.930457545301266,-0.554366534622776,-1,1.000000000000000
1.265776703118040,0.326712809421585,-1.170385956944196,1.096625832702274,1,1.000000000000000
1.267365310725115,-1.440557270483417,0.872480956417651,-0.563096032606969,1,0.624236343118265
1.268889939454397,0.326712809421585,-1.170385956944196,1.079883036676634,1,1.000000000000000
1.274497144876025,0.326712809421585,-1.170385956944196,1.012168514906977,-1,1.000000000000000
1.279110866968913,0.326712809421585,-0.364447057605232,-0.068062761834772,1,1.000000000000000
1.282542790545595,0.326712809421585,1.018400208399527,-0.286722026068138,1,1.000000000000000
1.283431251942865,0.326712809421585,-1.170385956944196,0.533051991429091,1,1.000000000000000
1.289797753857540,0.326712809421585,-1.170385956944196,-0.406097335800205,-1,1.000000000000000
1.290849180320886,-0.845065765353428,0.532561308597542,-0.561588119053708,1,1.000000000000000
1.295643974709412,-2.042593992198097,0.763330406909583,-0.563632769598657,1,1.000000000000000
1.298226065645228,-1.323343991833810,-0.843587904524829,-0.560853984614867,-1,1.000000000000000
1.298794632653535,0.326712809421585,-0.298925355287358,-0.560357246269075,-1,1.000000000000000
1.299432007134185,-1.562036490295281,0.374477325912408,-0.511587923841580,-1,1.000000000000000
1.303263496909911,-1.746426791868234,0.941231423493428,-0.564383186672111,-1,1.000000000000000
1.304191794212222,0.326712809421585,-1.170385956944196,-0.043765059329065,1,1.000000000000000
1.304395802331975,-2.494167735012939,-0.164854493493999,-0.490262392103214,1,1.000000000000000
1.304633610613581,-3.666007911826397,-0.097819062597319,-0.529035828740011,-1,1.000000000000000
1.304791747085107,-0.101082546553815,0.240552869646532,-0.555093943625582,1,1.000000000000000
1.305939745439459,-0.142817927599726,0.044751162943364,-0.538777327862413,1,1.000000000000000
1.314718130332049,0.326712809421585,-1.170385956944196,-0.029602706919216,1,1.000000000000000
1.314995774518696,0.326712809421585,-1.170385956944196,0.784341419446041,1,1.000000000000000
1.320475022184739,0.326712809421585,-1.170385956944196,0.042843218096587,-1,1.000000000000000
1.323357693131316,-0.542676759140705,0.136806252733270,-0.497404805173095,1,1.000000000000000
1.324774885631852,0.326712809421585,-1.170385956944196,0.007952363884171,-1,1.000000000000000
1.325286716654192,0.326712809421585,-1.170385956944196,0.558386826965562,1,1.000000000000000
1.327006903462765,0.326712809421585,-1.170385956944196,0.793792426927744,1,1.000000000000000
1.328366152828697,0.326712809421585,0.012968091557266,-0.325217478015461,1,1.000000000000000
1.328462724719705,0.326712809421585,-1.170385956944196,-0.000911052870205,-1,1.000000000000000
1.330170840041901,-2.689877411150005,0.572537860753899,-0.561373849021414,-1,1.000000000000000
1.335863753016799,0.326712809421585,-1.170385956944196,2.072227023244896,1,1.000000000000000
1.339375348403562,0.326712809421585,-1.170385956944196,1.027129660333694,-1,1.000000000000000
1.339564870739665,-2.060966800164064,1.035500896886528,-0.548111407149180,1,0.938675229599018
1.352451182445990,0.326712809421585,0.087663668802656,-0.238675275049107,1,1.000000000000000
1.355617533322401,0.326712809421585,-1.170385956944196,0.724603028834475,1,1.000000000000000
1.356827096257271,-1.564577574381102,-0.836633641969345,-0.450454536208089,-1,1.000000000000000
1.357921980071570,-1.006016491298381,0.335726920048729,-0.483306757370956,1,1.000000000000000
1.364608376375208,0.326712809421585,-1.170385956944196,0.609786856793957,-1,1.000000000000000
1.365102100167984,0.326712809421585,-1.170385956944196,1.010681839572777,1,1.000000000000000
1.369401963615097,0.326712809421585,-0.336007783891489,-0.461491920663469,1,0.308913858945292
1.372462085411400,-0.368789605122481,-0.829378725205635,-0.558331592131174,1,1.000000000000000
1.374200379449537,-0.902124653462322,-0.734654348923567,-0.560201617319407,-1,1.000000000000000
1.376723320102110,-2.417935212438303,-0.512086574535043,-0.546551341969117,-1,1.000000000000000
1.377363108880036,0.326712809421585,-0.516789852105463,-0.282023660051641,1,1.000000000000000
1.377652824553058,-3.470667847919996,-0.429644576255105,-0.457146935014109,-1,1.000000000000000
1.382191703430415,-2.006695404294767,0.155750082235916,-0.558274012959500,-1,1.000000000000000
1.387068583926298,0.174232363762702,-1.083959898247603,-0.495526638667555,-1,1.000000000000000
1.387273799194689,-5.073460485179117,0.290594801817405,-0.560753693024862,-1,1.000000000000000
1.387418657031201,0.326712809421585,1.142337716183468,-0.526661395849102,-1,1.000000000000000
1.388710306073427,-2.510230466537252,-0.581140310203465,-0.561234856676677,1,1.000000000000000
1.389156951069337,0.326712809421585,-1.170385956944196,0.605727997151378,1,1.000000000000000
1.391329818617008,0.326712809421585,-1.170385956944196,1.058751008711927,-1,1.000000000000000
1.391474676453520,0.326712809421585,-0.799844024420183,-0.554202528375591,1,0.446708047897748
1.391522962399023,0.326712809421585,1.259454295017310,-0.508247505953758,-1,1.000000000000000
1.393683758460318,-2.381066392429479,-0.189991799686096,-0.558738540006385,1,1.000000000000000
1.402532157973889,0.326712809421585,-0.097819062597319,-0.431761363732106,-1,1.000000000000000
1.404644668089680,0.326712809421585,-1.170385956944196,0.642788689411091,1,1.000000000000000
1.404729168494311,0.326712809421585,-1.170385956944196,0.398316729712404,1,1.000000000000000
1.405719030377139,-0.148192705453979,-0.124632189202223,-0.563053084208425,1,1.000000000000000
1.406177746859425,0.326712809421585,-0.817650596700409,-0.365994858610675,-1,1.000000000000000
1.406201889832177,0.326712809421585,-0.826387869429893,-0.308111272463683,1,1.000000000000000
1.406443319559696,-3.317155568117174,-0.026592773476413,-0.558262095958805,-1,1.000000000000000
1.408616187107367,0.326712809421585,-1.170385956944196,0.909375534656541,-1,1.000000000000000
1.409376690749052,-0.082879144193568,1.277122304923311,-0.500896132406348,-1,1.000000000000000
1.416873083788516,0.326712809421585,0.238401231269403,0.315530151816494,-1,1.000000000000000
1.417778445266712,-2.973400793089205,-0.470104789529042,-0.555269276922932,-1,1.000000000000000
1.421411962665873,0.326712809421585,-1.170385956944196,0.457105299971563,-1,1.000000000000000
1.421955179552791,0.326712809421585,-1.170385956944196,0.885836508531699,1,1.000000000000000
1.422305252657693,0.326712809421585,-1.170385956944196,0.910508239673074,-1,1.000000000000000
1.424067689668582,0.326712809421585,-0.670578401189597,0.431172254598235,-1,0.643236469269835
1.425238623847048,0.326712809421585,-1.170385956944196,-0.002910985165022,-1,1.000000000000000
1.428944570164465,-5.108758453207615,-0.246506947679292,-0.268886641661967,1,1.000000000000000
1.429777502724405,0.326712809421585,-1.170385956944196,0.322145857053687,-1,1.000000000000000
1.430006860965548,0.326712809421585,-1.170385956944196,0.024212580376725,-1,1.000000000000000
1.431045008793880,0.326712809421585,-1.170385956944196,0.333111857495004,-1,1.000000000000000
1.434678526193040,-3.080480536414749,-0.457372737406783,-0.486000943448824,-1,1.000000000000000
1.435777031453252,0.326712809421585,-1.170385956944196,0.249045086950200,-1,1.000000000000000
1.437020394549974,0.326712809421585,-0.261035081897647,-0.288745556384133,1,1.000000000000000
1.440557340058127,0.326712809421585,-0.378149046347071,-0.525318078493557,-1,1.000000000000000
1.442923351387813,0.326712809421585,-0.622609675863273,-0.561348835118965,-1,1.000000000000000
1.444794431776085,0.326712809421585,-1.170385956944196,-0.103156559029317,1,1.000000000000000
1.445760150686162,0.326712809421585,0.746504228786615,-0.293661024195466,1,0.299180072785576
1.455707055459943,0.326712809421585,-1.170385956944196,0.067472472799843,-1,1.000000000000000
1.457083204906801,-0.773330191585215,-0.277670409958003,-0.472046843575869,1,1.000000000000000
1.458085138276005,-0.873864718326069,-0.762468784761084,-0.561924272865386,-1,1.000000000000000
1.463734593899949,0.326712809421585,0.244738499101919,-0.493847993431073,-1,1.000000000000000
1.465352173074326,-1.099266576993214,0.750386589649357,-0.479846697515763,1,1.000000000000000
1.467633683999380,0.326712809421585,-0.596497204282756,0.370299979069077,-1,1.000000000000000
1.470398054379473,-1.873357792082405,0.649094879705869,-0.554410190961955,-1,1.000000000000000
1.475866437707778,-2.324192310435918,-0.393137312223233,-0.427509000315869,-1,1.000000000000000
1.478015162282697,0.326712809421585,-1.170385956944196,0.372476896522728,-1,1.000000000000000
1.478316949442095,0.326712809421585,-1.170385956944196,1.148246504028680,-1,1.000000000000000
1.480984747931180,0.326712809421585,-1.170385956944196,0.600098689199417,1,1.000000000000000
1.486103058154582,-0.618940082734564,0.630250396811159,-0.564818735348989,1,1.000000000000000
1.488275925702253,0.326712809421585,-1.170385956944196,0.314024598065352,-1,1.000000000000000
1.488517355429772,0.326712809421585,-1.170385956944196,-0.004449576145814,1,1.000000000000000
1.489941790822134,-2.265454766779421,0.661591637230386,-0.563013557522952,1,1.000000000000000
1.503763642722595,0.326712809421585,0.924828775646395,-0.557523005935517,-1,1.000000000000000
1.503787785695347,0.326712809421585,-1.170385956944196,-0.322038824562813,-1,1.000000000000000
1.503884357586355,0.326712809421585,-1.170385956944196,1.290436380635431,-1,1.000000000000000
1.504101644341122,0.326712809421585,-1.170385956944196,0.218309844267192,-1,1.000000000000000
1.516921562872380,0.326712809421585,-1.170385956944196,0.754301138486719,1,1.000000000000000
1.520084292302878,0.326712809421585,-0.734654348923567,-0.367244373832039,1,1.000000000000000
1.521424227290608,0.326712809421585,1.443998462410736,-0.488368060953168,-1,1.000000000000000
1.523669523756535,0.326712809421585,-1.170385956944196,0.039730639103237,1,1.000000000000000
1.529041335193832,-0.699992964817455,0.697032232419161,-0.563517493265204,1,1.000000000000000
1.538589880917207,0.326712809421585,-1.170385956944196,0.300150141513872,1,1.000000000000000
1.538988239967614,-1.061858739148004,0.706276695726000,-0.564192750641206,1,1.000000000000000
1.541124893056157,-1.675353440013295,0.596090849987867,-0.559742871787711,-1,1.000000000000000
1.545555128556130,0.326712809421585,-1.170385956944196,0.560645157592277,-1,1.000000000000000
1.546822634625605,0.326712809421585,0.177444244147723,0.201316909217069,-1,1.000000000000000
1.547184779216883,-1.668839024447827,-0.590627911261304,-0.451436213889085,-1,0.457287490989791
1.547341708539770,-0.199799813160566,-1.027411809010723,-0.559861215863918,-1,1.000000000000000
1.548029783263200,0.326712809421585,-0.281495254363519,-0.288786852921194,1,1.000000000000000
1.555948678325822,0.326712809421585,0.887145038625813,-0.541604724769829,-1,1.000000000000000
1.557143755477041,0.326712809421585,-1.170385956944196,0.588917946765382,-1,1.000000000000000
1.559075193297193,-1.666297940362004,0.357120427752310,-0.558673055497616,-1,1.000000000000000
1.559823625452502,-2.853831236469110,0.335366134998858,-0.561265062143784,-1,1.000000000000000
1.560958345171841,0.326712809421585,-1.170385956944196,0.132042558247560,1,1.000000000000000
1.562093064891180,0.326712809421585,-1.170385956944196,0.428912744070462,1,1.000000000000000
1.563710644065557,-0.443312671130292,0.834629898794231,-0.421013644986683,-1,1.000000000000000
1.572027898178586,-1.805672552341894,-0.671880364630436,-0.563591001101173,1,1.000000000000000
1.584787459277964,-4.468651671734452,0.043436127580428,-0.559357752082090,1,1.000000000000000
1.586743040070868,0.326712809421585,-1.170385956944196,1.048875236849024,-1,1.000000000000000
1.586851683448251,0.326712809421585,-1.170385956944196,-0.006807018461475,1,0.152437470111492
1.593660001764286,0.326712809421585,-1.170385956944196,-0.237891820746004,-1,1.000000000000000
1.595168937561280,0.326712809421585,-1.170385956944196,0.711045965667837,1,1.000000000000000
1.596146727957732,0.326712809421585,-1.170385956944196,0.719081091878874,-1,1.000000000000000
1.601627182772412,0.326712809421585,-0.164854493493999,-0.541999755644346,-1,1.000000000000000
1.607674997446763,0.326712809421585,-1.170385956944196,0.372021454713997,-1,1.000000000000000
1.616257824260062,0.326712809421585,-1.170385956944196,0.492050429632688,1,1.000000000000000
1.622836784334955,0.326712809421585,-1.170385956944196,1.089864999634838,-1,1.000000000000000
1.632047328439803,-0.283208973213945,1.307425634728054,-0.557953787812117,1,0.448876765147151
1.632831975054240,-3.296934698997882,0.389810690531924,-0.463254810835556,1,1.000000000000000
1.632928546945247,0.326712809421585,-1.076268117847419,0.758560581309310,-1,1.000000000000000
1.638010642709522,0.326712809421585,-0.770965534123988,-0.559404004203598,1,1.000000000000000
1.638324501355296,0.326712809421585,-0.428387057349395,0.353460431156609,-1,1.000000000000000
1.639531649992892,0.326712809421585,-1.170385956944196,0.295543807779969,1,1.000000000000000
1.641595874163178,0.326712809421585,-1.170385956944196,1.075977564171711,1,1.000000000000000
1.641909732808954,0.326712809421585,-0.313210351754714,-0.468530738420379,1,1.000000000000000
1.643563526442458,-2.614953931892307,0.293669317894566,-0.549102406048542,1,1.000000000000000
1.644348173056895,-0.129219277613181,0.452336308305217,-0.558217849669097,-1,1.000000000000000
1.646690041413829,0.326712809421585,-1.170385956944196,0.206970995091266,1,1.000000000000000
1.646822827763965,0.089775969055773,0.772736962050422,-0.557804294347956,-1,1.000000000000000
1.647064257491484,0.326712809421585,-1.170385956944196,1.292383217382598,-1,1.000000000000000
1.651373778127697,0.326712809421585,-1.170385956944196,0.474583174356891,-1,1.000000000000000
1.658737384817026,0.326712809421585,0.950719024551267,-0.463214930179765,-1,1.000000000000000
1.665630203537693,0.326712809421585,-1.170385956944196,0.261176829637700,-1,1.000000000000000
1.667344354603078,0.326712809421585,-0.493937517895881,-0.398732393390618,-1,1.000000000000000
1.670748513761095,0.326712809421585,0.502820071442961,-0.108493251518673,1,1.000000000000000
1.676337611953159,0.326712809421585,-0.867896450855992,-0.471281205778756,-1,1.000000000000000
1.677653403968138,0.326712809421585,-1.170385956944196,0.509810300371090,-1,1.000000000000000
1.677894833695657,0.326712809421585,-1.170385956944196,0.332531346174030,1,1.000000000000000
1.681178277989915,0.326712809421585,-0.992709254543531,-0.419300428649176,1,1.000000000000000
1.682506141491269,-2.673383465356583,0.842690045959102,-0.560630039393890,-1,1.000000000000000
1.684510008229677,0.326712809421585,1.443998462410736,-0.366233198624571,1,1.000000000000000
1.687310593068897,0.326712809421585,-0.431537390574718,-0.537459496369740,1,1.000000000000000
1.687491665364536,0.326712809421585,-1.170385956944196,2.836578728203977,1,1.000000000000000
1.689942177098854,0.326712809421585,-1.170385956944196,-0.324111910723281,-1,1.000000000000000
1.693430836661503,0.326712809421585,-0.429644576255105,-0.561719088071245,1,1.000000000000000
1.699188935662831,0.326712809421585,-1.170385956944196,0.163101093820703,1,1.000000000000000
1.700420227273177,0.326712809421585,-0.361699339580490,-0.398423259313189,1,1.000000000000000
1.702448236984337,-0.623929847848540,-0.481459061062300,-0.483844556273598,-1,1.000000000000000
1.702496522929840,0.326712809421585,-1.170385956944196,0.493363659511232,1,1.000000000000000
1.704838391286775,0.326712809421585,1.428620653256090,-0.496306789247692,-1,1.000000000000000
1.708640909495198,0.326712809421585,-1.170385956944196,0.509654553431316,-1,1.000000000000000
1.715485442270361,-1.073332118808227,0.681468801970741,-0.483360796839453,-1,1.000000000000000
1.715642371593249,0.051705909297288,1.070515347414949,-0.496438702186076,-1,1.000000000000000
1.716451161180437,0.326712809421585,-1.170385956944196,0.727647173566410,1,1.000000000000000
1.719420746828920,0.326712809421585,-1.170385956944196,0.756483955445665,-1,1.000000000000000
1.723633695574127,0.326712809421585,-1.170385956944196,0.595342508031034,1,1.000000000000000
1.738964483271582,0.326712809421585,-1.170385956944196,1.183690731837715,-1,1.000000000000000
1.738976554757957,0.326712809421585,-0.804372138234505,0.369406793967498,-1,1.000000000000000
1.742477285806983,0.326712809421585,-0.512779386406172,-0.480101084184060,1,1.000000000000000
1.753522695840976,-4.989481506270129,0.210798560569854,-0.435673915643383,-1,1.000000000000000
1.755514491093007,0.326712809421585,-1.170385956944196,0.532939900828497,1,1.000000000000000
1.768274052192385,0.326712809421585,-1.170385956944196,0.806948323734360,-1,1.000000000000000
1.776627520764542,0.326712809421585,-1.170385956944196,0.989490816555125,-1,1.000000000000000
1.776832736032933,0.326712809421585,-0.682570582521178,0.516720980873004,-1,1.000000000000000
1.779162532903491,0.326712809421585,-0.969279402815714,-0.518984369609439,-1,1.000000000000000
1.781757902474320,0.326712809421585,-1.170385956944196,0.611674698488180,1,1.000000000000000
1.789483653754928,0.219771670682542,-0.497375433407333,-0.562329096918691,-1,1.000000000000000
1.793708673986510,0.326712809421585,-1.170385956944196,0.380928527807552,1,1.000000000000000
1.793877674795773,0.326712809421585,1.443998462410736,-0.392543812336743,1,0.336876596609312
1.795133109378871,0.326712809421585,-1.170385956944196,0.391964142411344,1,1.000000000000000
1.796485115852978,0.326712809421585,1.060959772362207,-0.293481679234515,-1,1.000000000000000
1.802460501609073,0.326712809421585,-0.219701664227646,-0.525012602109410,1,1.000000000000000
1.810934685044989,0.326712809421585,-1.170385956944196,-0.340621086339260,1,0.685122617347609
1.816716927019068,0.326712809421585,-1.170385956944196,0.597348339831146,1,1.000000000000000
1.836152020084346,0.326712809421585,-0.707713117482115,0.557162089666435,-1,1.000000000000000
1.846883571472564,0.326712809421585,-1.170385956944196,0.451550325786312,1,1.000000000000000
1.850348088062461,0.326712809421585,-1.084824213736641,0.329136770827606,-1,1.000000000000000
1.858749842580122,0.326712809421585,-1.170385956944196,0.389058046103299,1,1.000000000000000
1.859594846626438,0.326712809421585,1.127741607970209,-0.438142268658579,-1,1.000000000000000
1.867344740879797,0.326712809421585,-1.170385956944196,0.600947038060759,-1,1.000000000000000
1.868443246140009,0.326712809421585,-1.115442576863917,0.616465096787271,-1,1.000000000000000
1.874901491351141,-2.789210698141196,0.454772914584056,-0.512104130554844,-1,1.000000000000000
1.875396422292555,0.326712809421585,-1.170385956944196,0.741192437722459,1,1.000000000000000
1.882578956686245,-4.452758345815861,-0.068982402451834,-0.535189366732437,-1,1.000000000000000
1.888035268528174,-0.271365981323057,0.002735390939911,0.156711929586817,-1,1.000000000000000
1.889061344870129,0.326712809421585,-1.170385956944196,1.124896262073261,1,1.000000000000000
1.891560142549951,0.326712809421585,-0.715710519420922,-0.307484745001413,1,1.000000000000000
1.918250198927174,0.326712809421585,-1.170385956944196,0.763280185544867,1,1.000000000000000
1.919614276887656,0.326712809421585,-1.170385956944196,0.741676197156604,-1,1.000000000000000
1.923754796714606,-2.294654133001947,0.648315793148902,-0.502711882145873,1,1.000000000000000
1.932856697442071,-2.157235385742661,0.213700527275337,-0.353662532743164,-1,1.000000000000000
1.939665015758107,0.326712809421585,-1.170385956944196,1.582025329318745,-1,0.335713536331664
1.948271985544158,0.326712809421585,-0.798379969145344,0.539098984355899,-1,1.000000000000000
1.949925779177663,0.326712809421585,0.449395125833443,-0.093234771025117,1,1.000000000000000
1.954549158459651,0.326712809421585,-1.170385956944196,0.534321564968456,1,1.000000000000000
1.974491253952719,-6.731848962134084,0.239107115062629,-0.448217443800435,-1,1.000000000000000
1.979609564176121,0.326712809421585,-1.170385956944196,0.479591854351876,1,1.000000000000000
1.980394210790558,0.326712809421585,-1.170385956944196,-0.145857178350521,-1,1.000000000000000
1.985391806150201,0.115741228259982,1.270756278862182,-0.563643152727976,1,1.000000000000000
1.989121895440369,0.326712809421585,0.158236361818723,-0.476980481863509,1,1.000000000000000
2.002835103963446,0.326712809421585,-1.170385956944196,-0.223064004138942,1,1.000000000000000
2.004464754624200,0.326712809421585,-0.502439496027624,-0.465511135630470,-1,1.000000000000000
2.005732260693675,0.326712809421585,-1.170385956944196,1.444189287619296,-1,1.000000000000000
2.015594665062825,-3.266734299650638,0.698229620483226,0.460790130978475,-1,0.592339955659421
2.016669027350284,0.326712809421585,-1.170385956944196,-0.325316589704407,-1,1.000000000000000
2.031166882487799,0.326712809421585,0.367089075543311,0.417975061254558,-1,1.000000000000000
2.035548832042268,0.326712809421585,-1.170385956944196,-0.172204368995519,-1,1.000000000000000
2.035826476228915,0.326712809421585,-0.514481350663172,-0.044396306395570,-1,1.000000000000000
2.037335412025908,0.326712809421585,-1.170385956944196,0.483033625740656,1,1.000000000000000
2.041343145502723,0.326712809421585,-1.006986930734513,-0.087801326648931,-1,1.000000000000000
2.047934177063992,0.326712809421585,1.443998462410736,-0.431009766757594,1,1.000000000000000
2.049382755429105,0.174232363762702,1.053791130284335,-0.557519466232340,1,0.300813202893967
2.053161130664777,0.326712809421585,-1.170385956944196,0.460418462144925,1,1.000000000000000
2.058593299533954,-0.398666593767893,-0.397953008323684,-0.468537699836627,-1,1.000000000000000
2.059884948576181,0.089775969055773,-0.849883342206636,-0.435573624053377,-1,1.000000000000000
2.066319050814562,0.326712809421585,-1.170385956944196,0.714385085664494,1,1.000000000000000
2.068407417957601,0.326712809421585,-1.170385956944196,-0.343113037375635,1,1.000000000000000
2.069880139295466,0.326712809421585,0.234205144276338,-0.560700361497000,1,0.944030643811456
2.071111430905813,0.326712809421585,-1.170385956944196,-0.172200829292342,1,1.000000000000000
2.090498238025587,0.326712809421585,-1.170385956944196,0.375595375021372,-1,1.000000000000000
2.090920740048745,-0.223300990827010,1.126719383662241,-0.560416123331913,-1,1.000000000000000
2.095169903253079,0.326712809421585,1.431245495213123,-0.439161703173460,1,0.631370996966163
2.106456743014591,0.326712809421585,-1.074737657208328,1.426077806365345,-1,1.000000000000000
2.111888911883768,0.326712809421585,-0.982150278750641,1.007696689893787,-1,1.000000000000000
2.132857083718791,0.326712809421585,-0.637454150596370,0.033765059349493,-1,1.000000000000000
2.140969122563429,0.326712809421585,-1.170385956944196,0.925811556406869,1,1.000000000000000
2.146992794265027,0.326712809421585,1.443998462410736,-0.437798917450443,1,1.000000000000000
2.148043013579735,0.326712809421585,0.003739314556943,-0.053933446654573,-1,1.000000000000000
2.189448211849239,0.326712809421585,0.349604072546665,-0.119953630503665,1,1.000000000000000
2.197089462725215,0.326712809421585,-1.170385956944196,0.866781106430637,1,1.000000000000000
2.238591232885727,0.326712809421585,-0.464661641167945,0.220705043416738,1,1.000000000000000
2.240088097196344,0.326712809421585,0.653602078444837,-0.405030705242969,1,1.000000000000000
2.299322880843125,-1.873357792082405,0.894977734346201,-0.562259010795793,1,1.000000000000000
2.361213391492615,0.326712809421585,-1.170385956944196,0.883783480689232,1,1.000000000000000
2.419023739747034,0.326712809421585,1.238949678016310,-0.539919236107206,1,0.045362503565416
2.567418521766572,0.326712809421585,-1.170385956944196,0.725122185300387,1,0.886192335605068
2.771728428679506,0.326712809421585,-1.170385956944196,-0.222302967955959,-1,1.000000000000000
2.796511190209329,0.326712809421585,-1.170385956944196,0.295802206111865,1,0.245840881761653
