4
2128
-0.192809948645251
0.750000000000000
-2.143506000000000
-0.331197600000000
-0.034582837746674,0.979050965493348,0.457786384913249,0.059852596438747
0.911110764204051,0.062152488029897,0.379699822985530,0.106145588941265
-2.295634344832412,0.337058662825775,-0.148086413291247,-0.199070886030315,-1,0.073523118619200
-2.200508698857068,0.337058662825775,-1.085159275749652,0.110690455236479,-1,0.323501721924480
-2.155289169444536,0.337058662825775,-1.205653406192646,0.139633721090890,1,0.117636989790720
-2.127520866188781,0.337058662825775,-1.205653406192646,2.258166410418494,-1,0.014704623723840
-2.100597685206028,0.337058662825775,-1.205653406192646,1.573220378038095,-1,0.365251013000576
-2.060942792058582,0.337058662825775,-1.205653406192646,0.062666792163484,-1,0.602889572677440
-2.053731813703234,0.337058662825775,-1.205653406192646,2.216742173727575,-1,0.200887321493846
-2.008556186746442,0.337058662825775,-1.205653406192646,0.396694803630067,-1,0.161750860962240
-1.987779349567334,0.337058662825775,-0.797620558608452,-0.125302394300218,1,0.705821938744320
-1.983059835575249,0.337058662825775,-1.205653406192646,0.703546933095598,-1,0.294092474476800
-1.965465926437315,0.337058662825775,-1.205653406192646,2.733928055379021,-1,0.541531053642837
-1.965081779949587,0.337058662825775,-1.205653406192646,0.258060686595371,1,0.676412691296640
-1.961064705249348,0.337058662825775,-0.901768618749916,-0.189559421540174,-1,0.123892412571536
-1.958090313872941,0.337058662825775,-1.205653406192646,0.415461480793658,1,0.735231186192000
-1.951022018498749,0.337058662825775,-1.106001529342964,-0.091227497396104,1,0.382320216819840
-1.911125661844731,0.337058662825775,-1.205653406192646,-0.053241933980642,1,0.470547959162880
-1.900764682290014,0.337058662825775,-0.714389021254788,0.731555633500897,-1,0.029934315508989
-1.899282974408779,0.337058662825775,-1.205653406192646,0.455679826582500,1,0.382320216819840
-1.896517119697138,0.337058662825775,-1.205653406192646,0.198809990803574,1,0.529366454058240
-1.894761021467525,0.337058662825775,-1.205653406192646,-0.393647035694231,-1,0.779345057363520
-1.889876873266414,0.337058662825775,-0.687486190698585,-0.503879595678184,-1,0.455843335439040
-1.886112237686682,0.337058662825775,-0.582247795574226,0.313491157693475,-1,0.397024840543680
-1.884081749108692,0.337058662825775,-1.205653406192646,0.248747063581352,1,0.470547959162880
-1.881535406675753,0.337058662825775,-1.205653406192646,0.463197802675143,-1,0.117636989790720
-1.879296381432997,0.337058662825775,-1.205653406192646,-0.261183688510013,1,1.279302263974079
-1.878100039514073,0.337058662825775,-1.205653406192646,-0.240519617380183,-1,0.382320216819840
-1.877661014956670,0.337058662825775,-1.205653406192646,2.735812259913518,1,0.117636989790720
-1.864556131918183,0.337058662825775,-1.205653406192646,0.162885747148852,1,0.647003443848960
-1.862679301935284,0.337058662825775,-1.205653406192646,-0.208040641716789,1,0.073523118619200
-1.846336612785949,0.337058662825775,-0.349358564010455,0.293000433380819,-1,0.079896865926352
-1.839224414956017,0.337058662825775,1.428005972779753,-0.448911696793299,-1,0.014704623723840
-1.824517092283009,0.337058662825775,-0.892121524444740,0.213747022250800,-1,0.213597107136950
-1.820763432317211,0.337058662825775,-1.205653406192646,-0.119581949333485,-1,0.426434087991360
-1.820082944253236,0.337058662825775,-0.591283880903481,0.206121646499690,-1,0.044113871171520
-1.819852456360600,0.337058662825775,-1.205653406192646,-0.114495539192610,-1,0.455843335439040
-1.815396357102957,-2.679715177503950,0.585769604362517,-0.531830074163368,1,0.808754304811200
-1.814276844481578,0.337058662825775,-1.205653406192646,0.702991092757921,-1,0.808754304811200
-1.805375621580228,0.337058662825775,-1.205653406192646,2.412586393043207,1,0.014704623723840
-1.804135377205564,0.337058662825775,1.373138946937621,-0.495982140792293,1,0.191160108409920
-1.802675620552198,0.337058662825775,-0.891249783190300,-0.516886730630951,-1,0.256101452429109
-1.801139034601287,0.337058662825775,0.561829640607657,0.670658142945950,-1,0.311409407533324
-1.789175615412049,0.337058662825775,-1.205653406192646,0.317639233976170,1,0.735231186192000
-1.787386590340631,0.337058662825775,-1.205653406192646,1.183246565533223,1,0.029409247447680
-1.787101224378319,-2.569421925901494,-0.158513070772599,-0.487674211948561,-1,0.676412691296640
-1.785674394566758,0.337058662825775,-1.205653406192646,0.101791357220049,-1,0.235273979581440
-1.784467077033900,0.337058662825775,-0.638684482406226,0.278617358066735,1,0.249978603305280
-1.782875613013313,0.337058662825775,-0.147672928768749,1.208419538114105,-1,0.220569355857600
-1.758136579203641,0.337058662825775,1.326710165745717,-0.475879374193289,-1,0.029409247447680
-1.751496332772917,0.337058662825775,-1.205653406192646,-0.208440093078102,-1,0.617594196401280
-1.750321942081863,0.337058662825775,-1.205653406192646,0.179054106259372,1,1.176369897907200
-1.747764624034990,0.337058662825775,-1.205653406192646,0.332481113094404,-1,1.676327104517759
-1.747149989654625,0.337058662825775,-1.205653406192646,0.282979291564096,-1,0.970505165773440
-1.746919501761989,0.337058662825775,-1.205653406192646,0.230237580336719,-1,0.852868175982720
-1.741936573035462,0.337058662825775,-1.205653406192646,0.345988975402214,1,0.073523118619200
-1.736734132030234,0.337058662825775,0.776378068256265,-0.430931675022860,-1,0.088227742343040
-1.732332910842266,-1.604778322717662,-0.414699653202760,-0.548117138159561,-1,0.038514034615256
-1.731092666467602,0.337058662825775,1.428005972779753,-0.493431022062810,1,0.470547959162880
-1.727009738083752,0.337058662825775,-1.205653406192646,0.222245726803649,-1,0.573480325229760
-1.725110956872983,0.337058662825775,-1.205653406192646,0.267750208414022,1,0.323501721924480
-1.718119490796337,0.337058662825775,1.428005972779753,-0.481141109566099,1,0.294092474476800
-1.716582904845425,-1.249233424991763,-0.652353174583093,-0.550808912757544,-1,0.057515290081213
-1.712148756815653,0.337058662825775,-1.205653406192646,0.217811251431710,-1,0.485252582886720
-1.709745097363870,0.337058662825775,1.428005972779753,-0.508715595036424,1,0.647003443848960
-1.708186560185089,0.337058662825775,1.428005972779753,-0.465749890615833,1,0.161750860962240
-1.703532899876614,0.337058662825775,-1.205653406192646,0.558585657234061,1,0.338206345648320
-1.701710947963391,0.337058662825775,-1.205653406192646,0.299229613571866,-1,0.852868175982720
-1.700295093765766,0.337058662825775,1.113252073080004,-0.468619534121872,-1,0.676412691296640
-1.696640214325384,0.221198457896631,1.211714062622265,-0.470975355051354,-1,0.102932366066880
-1.696102409242565,0.337058662825775,1.428005972779753,-0.460645580531880,-1,0.014704623723840
-1.696091433628630,0.337058662825775,-1.205653406192646,-0.385164346879925,-1,0.720526562468160
-1.695553628545811,0.337058662825775,-1.205653406192646,0.226488013313070,-1,1.838077965479999
-1.691404846478350,0.337058662825775,-0.149121441427184,1.691718001212620,-1,0.102932366066880
-1.690296309470907,0.337058662825775,1.428005972779753,-0.466987812994997,-1,0.029409247447680
-1.685434112497666,0.337058662825775,-1.205653406192646,-0.335643683304271,-1,0.838163552258880
-1.682415818665519,0.337058662825775,-1.205653406192646,-0.293213281391930,1,0.852868175982720
-1.679924354302256,0.337058662825775,1.301387530816897,-0.501594055577839,-1,0.308797098200640
-1.677718255901305,-1.450657380762897,0.714921626647944,0.253545190428449,-1,0.191160108409920
-1.677674353445564,0.337058662825775,-1.205653406192646,0.280254731807213,1,0.823458928535040
-1.677597524148019,-5.639033554453315,0.162724898318180,-0.446482015046065,-1,0.484086377802469
-1.675687767323315,0.337058662825775,-0.281017736785500,2.527852605441069,-1,0.430260899379597
-1.672746302788713,0.337058662825775,1.428005972779753,0.459061973721922,-1,0.088227742343040
-1.672043863496868,0.337058662825775,-1.205653406192646,0.647473006148963,-1,0.220569355857600
-1.667236544593303,-2.985768894787960,0.284565882167580,-0.521560782609452,-1,0.573480325229760
-1.665436543907949,0.337058662825775,-1.205653406192646,-0.086204208107135,1,0.279387850752960
-1.661671908328217,0.337058662825775,0.714626656797499,-0.549373243112484,-1,0.671177824362964
-1.659399956243655,0.337058662825775,1.109085623942469,-0.523028201100918,-1,2.102761192509119
-1.659323126946110,0.337058662825775,-1.205653406192646,3.071153561940646,-1,0.014704623723840
-1.656930443108262,-4.542536822621471,0.001439597949910,0.284533760305056,-1,0.029409247447680
-1.656129223291001,0.337058662825775,-1.205653406192646,0.424467978468555,1,0.176455484686080
-1.654625564181895,0.337058662825775,-1.205653406192646,0.165474644179251,-1,0.896982047154240
-1.652210929116177,0.337058662825775,-1.205653406192646,0.354498985182271,1,0.352910969372160
-1.651332880001371,0.337058662825775,-1.205653406192646,-0.115481920266419,-1,1.154914151328508
-1.646887756357663,0.337058662825775,-1.205653406192646,-0.228340119269194,-1,0.691117315020480
-1.643145072005801,0.337058662825775,-1.205653406192646,3.343317485926084,-1,0.014704623723840
-1.642804827973813,0.337058662825775,-1.205653406192646,0.348437499194793,1,0.161750860962240
-1.642277998504929,0.337058662825775,-1.205653406192646,0.196880565360249,-1,0.352910969372160
-1.641981656928682,0.337058662825775,-1.205653406192646,0.376909713915580,-1,0.044113871171520
-1.641970681314747,0.337058662825775,1.428005972779753,-0.484599284358489,-1,0.205864732133760
-1.640938973604849,0.337058662825775,-1.205653406192646,0.691591655324213,-1,1.166609412442651
-1.639632875546575,0.337058662825775,1.428005972779753,-0.503957884376592,1,0.235273979581440
-1.634990190852036,0.337058662825775,1.428005972779753,-0.521288797684897,1,0.514661830334400
-1.634134092965099,0.337058662825775,-1.195365674243535,0.390627665028986,-1,0.029409247447680
-1.631631652987901,0.337058662825775,-1.205653406192646,-0.485406006529934,-1,0.485252582886720
-1.621259697819250,0.337058662825775,1.238659031728532,-0.538753960566285,-1,0.552762609916637
-1.619229209241260,0.337058662825775,1.428005972779753,0.523935135844658,1,0.029409247447680
-1.610141400903013,0.337058662825775,1.376699654417992,-0.471375936935388,1,0.294092474476800
-1.605301155157642,0.337058662825775,1.154210743741782,-0.423316662396690,-1,0.029409247447680
-1.604796276916628,0.337058662825775,-1.205653406192646,-0.363814425299538,1,1.073437531840320
-1.603874325346082,-0.743026819314676,-0.200074849432163,0.336728110115161,-1,0.132341613514560
-1.601119446248376,0.337058662825775,-1.205653406192646,0.011708480528009,1,0.764640433639680
-1.600471885026207,0.337058662825775,1.287545017121018,-0.548547773105921,1,1.058732908116479
-1.597892615751463,0.337058662825775,-1.205653406192646,0.246396518424567,1,0.926391294601919
-1.594588955957004,0.337058662825775,-1.205653406192646,0.379105754300536,1,0.161750860962240
-1.594127980171730,0.337058662825775,1.410447365700144,-0.438793518443049,-1,0.014704623723840
-1.593480418949561,0.337058662825775,-1.205653406192646,0.615629949515961,1,0.720526562468160
-1.592053589138000,0.337058662825775,1.428005972779753,-0.453050352053322,1,0.147046237238400
-1.579277974517566,0.337058662825775,1.428005972779753,-0.474256131986820,1,0.294092474476800
-1.575963339109172,0.337058662825775,1.397734691877844,-0.500029129501712,-1,0.955800542049600
-1.568851141279239,0.337058662825775,-1.205653406192646,0.348000363742790,1,1.294006887697919
-1.565514554642975,0.337058662825775,-1.205653406192646,-0.222448211689821,-1,0.455843335439040
-1.563253578172348,0.337058662825775,-1.205653406192646,-0.425361966418887,1,0.205864732133760
-1.562496260810828,0.337058662825775,0.141447564195462,-0.546513114839344,-1,1.643104942836497
-1.558237722604016,0.337058662825775,1.428005972779753,-0.522332552786782,-1,1.235188392802560
-1.555713331398948,0.337058662825775,1.428005972779753,-0.495493189715591,1,0.573480325229760
-1.555471867892376,0.337058662825775,-1.205653406192646,0.422282301208538,1,0.338206345648320
-1.555043818948908,0.337058662825775,-1.205653406192646,3.682267039636774,-1,0.147046237238400
-1.553726745276698,0.337058662825775,-1.205653406192646,0.003758079494698,1,1.558690114727039
-1.552212110553657,0.337058662825775,-1.205653406192646,0.295878555807263,-1,0.423966421139723
-1.544671863780257,0.337058662825775,1.428005972779753,-0.459887188206745,1,0.367615593096000
-1.542871863094903,0.337058662825775,-1.205653406192646,-0.194003317934785,1,0.470547959162880
-1.542301131170279,0.337058662825775,1.428005972779753,-0.458157488444077,1,0.220569355857600
-1.539414544705353,0.337058662825775,-1.205653406192646,0.252848976852952,1,1.117551403011840
-1.538986495761885,0.337058662825775,0.023538633798868,0.111342390005415,-1,0.037811479847462
-1.537757227001156,0.337058662825775,-0.233922639770716,0.175955531902391,-1,0.322195853184147
-1.534146250016514,-3.512570009881699,-0.375871612978570,-0.552082823443317,1,0.794049681087360
-1.529503565321975,0.337058662825775,-1.205653406192646,-0.102753176533623,-1,0.896982047154240
-1.526946247275101,-0.887140116849787,0.294531649257612,-0.548206920505630,-1,1.162415362662910
-1.526595027629179,0.337058662825775,0.423504582705269,-0.185730717926075,-1,0.524287321180711
-1.526046246932425,0.337058662825775,0.061170992665004,-0.421321289794658,-1,0.044113871171520
-1.523675514322447,0.337058662825775,-1.205653406192646,-0.196628014851340,1,1.632213233346239
-1.520766976629651,0.337058662825775,0.177017767767863,-0.535985310423295,-1,1.176369897907200
-1.519713317691883,0.337058662825775,1.370958276971831,-0.492971652997300,-1,0.367615593096000
-1.516102340707242,0.337058662825775,0.198813932788239,-0.395001778754534,-1,0.382320216819840
-1.514818193876837,0.337058662825775,-0.439140012239624,0.221711554818119,1,0.132341613514560
-1.514785267035032,0.337058662825775,-1.205653406192646,4.646423920961631,-1,0.058818494895360
-1.511701119519274,0.337058662825775,1.173136220039078,-0.295314169447894,-1,0.014704623723840
-1.510548680056091,0.337058662825775,-1.205653406192646,0.478299702019138,-1,0.573480325229760
-1.502536481883482,0.337058662825775,-1.205653406192646,0.047230446514616,1,0.602889572677440
-1.502437701358066,0.337058662825775,-1.205653406192646,-0.106374617648927,-1,0.588184948953600
-1.501285261894883,0.337058662825775,-1.205653406192646,0.614442900659228,1,0.205864732133760
-1.500747456812064,0.337058662825775,-1.205653406192646,3.143101912090419,-1,0.014110992019337
-1.498453553499632,0.337058662825775,1.293439146811158,-0.482408802376909,1,0.249978603305280
-1.497092577371682,-2.436989576676140,-0.189345321122229,0.320879123673238,-1,0.117636989790720
-1.496675504042149,0.337058662825775,1.428005972779753,-0.481734539784239,-1,0.455843335439040
-1.493580380912456,0.337058662825775,0.230889270364744,-0.528988034253759,-1,0.659644043233087
-1.491824282682843,0.337058662825775,1.403844781637060,-0.491612011005207,-1,0.191160108409920
-1.491802331454973,-5.912570472103692,0.058503095714105,-0.549616211287207,1,0.794049681087360
-1.491615746018077,0.337058662825775,-1.205653406192646,2.531611593487391,1,0.014704623723840
-1.491538916720531,0.337058662825775,0.166043309135685,-0.480431235507727,1,0.044113871171520
-1.491176721460674,0.337058662825775,0.179791011093921,-0.482468249029972,-1,0.691117315020480
-1.490693794447530,0.337058662825775,1.428005972779753,-0.451005048031125,1,0.367615593096000
-1.487840134824409,0.337058662825775,0.029891020220949,-0.036723112826706,1,0.397024840543680
-1.481529156811738,0.337058662825775,-1.205653406192646,4.187215012836661,-1,0.014704623723840
-1.477907204213161,0.337058662825775,1.345056236979638,-0.473279360356137,1,0.176455484686080
-1.477105984395900,0.337058662825775,1.140423536892862,-0.179118102112258,-1,0.029409247447680
-1.476008423002392,0.337058662825775,-1.205653406192646,3.682267039636774,-1,0.235273979581440
-1.475865740021236,0.337058662825775,-1.205653406192646,0.530624061942123,1,0.161750860962240
-1.475745008267950,0.337058662825775,-1.205653406192646,-0.471695498024438,1,0.911686670878080
-1.475613300900729,0.337058662825775,1.428005972779753,-0.529932303356222,-1,1.852782589203839
-1.473626714778479,0.337058662825775,0.498479597905856,-0.487958067361683,1,0.514661830334400
-1.468325493247835,0.337058662825775,-1.205653406192646,-0.087828392415872,1,0.014704623723840
-1.466470614492807,0.337058662825775,-1.205653406192646,0.497358430885576,1,0.367615593096000
-1.466020614321469,-5.488436204344055,-0.145605506156255,-0.488396804387541,-1,0.779345057363520
-1.463704759781166,-1.961433393216804,0.382287813424351,-0.513935783699249,1,0.352910969372160
-1.462892564349970,0.337058662825775,-1.205653406192646,3.643706793838290,-1,0.044113871171520
-1.462223051899930,0.337058662825775,-1.205653406192646,-0.182380602263740,-1,0.499957206610560
-1.461366954012994,0.337058662825775,-1.205653406192646,-0.055080917606311,-1,0.602889572677440
-1.458974270175147,0.337058662825775,-0.201291600065248,0.153136872887364,-1,0.117636989790720
-1.444947435566113,0.337058662825775,-1.205653406192646,-0.040899452177419,1,0.455843335439040
-1.442719385937292,0.337058662825775,1.414569042628235,-0.495658811294173,1,0.411729464267520
-1.441588897701979,0.337058662825775,1.221445434027568,-0.535023706639114,1,0.867572799706560
-1.438965725971495,0.337058662825775,-1.205653406192646,0.374103191261446,1,0.264683227029120
-1.433214504269512,0.337058662825775,1.428005972779753,-0.491430373688081,-1,0.367615593096000
-1.431853528141562,0.337058662825775,1.266288752273332,-0.523730161500245,1,1.470462372383999
-1.423490110323031,0.337058662825775,-1.205653406192646,0.179739014607661,1,0.014704623723840
-1.418155961950582,0.337058662825775,1.205891041735358,-0.548547773105921,1,0.720526562468160
-1.414523033738070,0.337058662825775,-1.205653406192646,0.273959604457458,1,0.132341613514560
-1.412975472173224,0.337058662825775,1.428005972779753,-0.500066059910589,-1,1.543985491003199
-1.412613276913366,0.337058662825775,-1.205653406192646,0.011010382747977,-1,0.926391294601919
-1.396841319688655,0.337058662825775,1.015503805229443,-0.516716398541033,1,0.691117315020480
-1.396621807409954,0.337058662825775,-1.205653406192646,0.175996984402150,1,0.544071077782080
-1.394130343046690,0.337058662825775,-0.040317071503697,0.374816362677753,1,0.014704623723840
-1.393318147615494,0.337058662825775,0.856852164240145,-0.548996402205584,1,1.661622480793919
-1.389388877826735,-3.685306457613858,-0.375937454463045,-0.551365129936127,-1,0.095968505659563
-1.388752292218500,0.337058662825775,-1.205653406192646,-0.228374977053082,-1,0.529366454058240
-1.382957168060778,0.337058662825775,-0.121204652010076,-0.469571999514060,1,0.514661830334400
-1.382880338763232,0.337058662825775,1.428005972779753,-0.506214690357786,1,0.411729464267520
-1.372497407980646,0.128104839549177,1.369154220297236,-0.527098082895432,1,0.823458928535040
-1.371608383251904,0.337058662825775,-1.205653406192646,-0.114929848337811,-1,0.117636989790720
-1.362410818774307,0.337058662825775,-1.205653406192646,0.000439053207181,-1,0.602889572677440
-1.360512037563538,0.337058662825775,-1.205653406192646,0.135438539694832,-1,0.132341613514560
-1.358470573371613,0.337058662825775,1.428005972779753,-0.505780569633038,-1,0.205864732133760
-1.357614475484676,0.337058662825775,0.111176283293553,-0.425221593181067,1,0.676412691296640
-1.353443742189346,0.337058662825775,1.428005972779753,-0.514698227064133,-1,0.735231186192000
-1.349887643274380,0.337058662825775,1.386201897457324,0.492016711030277,-1,0.029409247447680
-1.347451056980792,0.337058662825775,1.241369067229495,-0.502591270827722,1,0.896982047154240
-1.340547395815626,0.337058662825775,-1.205653406192646,-0.396748436358013,1,0.279387850752960
-1.339416907580313,0.337058662825775,1.363771020526616,-0.510630323684380,-1,0.580030395832609
-1.338516907237636,0.337058662825775,-1.205653406192646,-0.026799949645777,-1,0.186411523500193
-1.337046174970335,0.337058662825775,1.428005972779753,-0.455482860107358,1,0.176455484686080
-1.335893735507152,0.337058662825775,-1.205653406192646,0.090221399275970,-1,1.220483769078719
-1.332677880624173,-3.524411852796272,-0.458305151540406,-0.549211766783877,-1,1.205779145354879
-1.331349831338028,0.337058662825775,-1.205653406192646,0.261774453732865,-1,0.371118337406741
-1.331174221515067,0.337058662825775,-1.205653406192646,0.503303096191915,1,0.602889572677440
-1.330746172571599,0.337058662825775,-1.205653406192646,-0.183902097425346,1,0.014704623723840
-1.330383977311741,0.337058662825775,-1.205653406192646,0.011785732913923,1,0.382320216819840
-1.329901050298598,0.337058662825775,-0.089029235377170,2.298893491431649,-1,0.147046237238400
-1.329319342760039,0.337058662825775,-1.205653406192646,0.622526138112221,1,0.308797098200640
-1.328605927854258,0.337058662825775,-1.205653406192646,0.536766568724584,1,0.573480325229760
-1.328594952240323,0.337058662825775,1.376365179676862,-0.503945071785758,1,0.397024840543680
-1.325324219287669,0.337058662825775,-1.205653406192646,0.216266203713423,-1,0.676412691296640
-1.321877876512054,0.337058662825775,1.428005972779753,-0.469790567240062,1,0.661708067572800
-1.320933973713637,0.337058662825775,1.428005972779753,-0.487427757995449,1,0.514661830334400
-1.316894947785527,0.337058662825775,-1.205653406192646,0.601941203572840,1,0.044113871171520
-1.316664459892891,0.337058662825775,-1.205653406192646,0.401885787122606,-1,0.369515000622110
-1.314227873599303,0.337058662825775,-0.087248881636985,-0.552118905960153,1,1.588099362174719
-1.313470556237782,0.337058662825775,-1.205653406192646,0.086383274639199,-1,0.441138711715200
-1.312263238704923,0.337058662825775,-1.205653406192646,0.436658781806751,-1,0.086412139105824
-1.300047380395178,0.337058662825775,-1.104358915988299,-0.445569117949101,1,0.617594196401280
-1.296886403581875,0.337058662825775,-1.205653406192646,0.956963021962790,1,0.294092474476800
-1.296074208150679,0.337058662825775,1.351111019891895,-0.518113347782909,1,0.882277423430400
-1.293264450983299,0.337058662825775,1.268390412457751,-0.457075012939008,1,0.367615593096000
-1.288709571200240,0.337058662825775,1.428005972779753,-0.472569486297765,1,0.088227742343040
-1.283924203524545,0.337058662825775,-1.205653406192646,0.138130125872361,-1,0.161750860962240
-1.278853469886538,-1.844559552277309,-0.061741890551638,-0.485522921421299,1,0.176455484686080
-1.278721762519317,0.337058662825775,1.428005972779753,-0.527373082547242,-1,1.279302263974079
-1.278535177082420,0.337058662825775,-1.205653406192646,0.528532594908831,-1,0.338206345648320
-1.273914443615751,0.337058662825775,0.485672112345913,1.041177543632139,-1,0.239885468704596
-1.270808344872124,-4.565190782979787,-0.002342336918294,-0.551365129936127,-1,1.093655930756035
-1.265507123341479,0.337058662825775,0.101837327135717,1.753171332105245,-1,0.220569355857600
-1.265068098784076,0.337058662825775,-1.205653406192646,0.370246224579330,1,0.823458928535040
-1.264848586505375,0.337058662825775,-1.205653406192646,0.805435293298530,1,0.117636989790720
-1.260897365488745,0.337058662825775,-1.205653406192646,0.137523412012253,-1,0.661708067572800
-1.260842487419070,0.337058662825775,-1.205653406192646,0.320223420495233,1,0.808754304811200
-1.260458340931342,0.337058662825775,-1.205653406192646,0.118799129450688,-1,0.252127297303559
-1.255683948869582,-0.996789790032972,-0.837507329902989,-0.545676810656707,-1,0.002535993064025
-1.253444923626826,0.337058662825775,0.752435470842027,0.139220138195568,-1,0.319296889789808
-1.250668093301250,0.337058662825775,0.804244818145172,-0.527157529548495,1,1.220483769078719
-1.246255896499348,-6.867174251946906,0.049506515275536,-0.425540023747397,-1,0.147046237238400
-1.243885163889370,0.337058662825775,-1.205653406192646,0.221888670044362,-1,0.544071077782080
-1.242831504951603,0.337058662825775,-1.205653406192646,0.633209577822820,-1,0.395319583130649
-1.241064431108055,0.337058662825775,-1.205653406192646,0.617429364846406,1,0.573480325229760
-1.240603455322781,0.337058662825775,-1.205653406192646,-0.156016812417056,1,0.191160108409920
-1.238463210605441,0.337058662825775,-1.205653406192646,-0.062141031997072,1,0.514661830334400
-1.237255893072582,0.337058662825775,0.760318013363291,-0.500489723300170,1,0.617594196401280
-1.235027843443760,0.337058662825775,0.149906878120721,-0.548852920030282,1,1.441053124936319
-1.233919306436317,0.337058662825775,-1.205653406192646,0.153203762148338,-1,0.808754304811200
-1.233853452752707,-0.368625073904155,0.028874427700666,-0.445952553571871,1,0.441138711715200
-1.229518085248350,0.337058662825775,-1.205653406192646,0.143226899138176,-1,0.602889572677440
-1.219201008149374,0.163115505557483,1.051769294877893,-0.549409137208866,1,1.455757748660159
-1.218279056578827,-4.324379827949307,0.612825187162700,-0.551472718015047,-1,0.471800781369432
-1.218048568686191,0.337058662825775,-1.205653406192646,3.936794809179319,-1,0.029409247447680
-1.213416859605586,0.337058662825775,-1.205653406192646,0.394593915574102,1,0.499957206610560
-1.211814419971065,0.001866932609299,1.212132814463522,-0.552190599942691,1,1.205779145354879
-1.211726615059584,0.337058662825775,-1.205653406192646,-0.473789697154305,1,0.441138711715200
-1.211386371027597,0.337058662825775,-1.205653406192646,0.267634329835151,-1,1.867487212927679
-1.208422955265125,0.337058662825775,1.377840028929087,-0.503219276199069,1,0.514661830334400
-1.206436369142875,0.337058662825775,-1.205653406192646,0.154601841912935,-1,0.409336814828700
-1.206326613003524,0.337058662825775,-1.205653406192646,0.078509183889535,1,0.499957206610560
-1.202166855322129,0.337058662825775,1.371163702403391,-0.551867553075251,1,0.499957206610560
-1.199038805350631,0.337058662825775,-1.205653406192646,0.600188893355757,1,0.455843335439040
-1.186658312831860,0.337058662825775,1.381801052635061,-0.506235887658799,-1,0.985209789497280
-1.183102213916894,0.337058662825775,-1.205653406192646,4.307653366681718,-1,0.029409247447680
-1.181763189016814,0.337058662825775,1.386531104879695,-0.486829805686426,1,0.088227742343040
-1.181576603579917,0.337058662825775,1.358698592562715,-0.551634288553880,1,1.294006887697919
-1.179721724824889,0.337058662825775,-1.205653406192646,2.950215893893947,1,0.029409247447680
-1.178536358519900,0.337058662825775,1.296323003831133,-0.521541657933427,-1,1.896896460375359
-1.177438797126392,0.337058662825775,-1.205653406192646,0.360230735376211,1,0.926391294601919
-1.176132699068117,0.337058662825775,-1.205653406192646,0.561647489602618,1,0.426434087991360
-1.174672942414752,0.337058662825775,0.133881060799674,-0.499292405528724,1,0.294092474476800
-1.171676599810475,0.337058662825775,0.249791043727629,-0.539324120858423,1,1.470462372383999
-1.164893670398595,0.337058662825775,1.428005972779753,-0.485247073877449,-1,0.176455484686080
-1.163565621112450,0.337058662825775,-1.205653406192646,0.621291984142125,-1,0.720526562468160
-1.162698547611579,0.337058662825775,0.299295939074173,-0.498741369912610,1,0.794049681087360
-1.160503424824563,-0.764956753951313,0.725695927167320,-0.547237874113538,-1,0.104042658183643
-1.160086351495030,0.337058662825775,1.392891392279914,-0.489491433011857,1,0.529366454058240
-1.158099765372780,-0.309753738001401,1.268016432825937,-0.518248539458259,-1,0.461362639122269
-1.153171714715929,0.337058662825775,1.239886316999133,-0.550467871736800,-1,3.176198724349439
-1.150427811232158,0.337058662825775,0.343557218597183,-0.494312170313368,1,0.338206345648320
-1.148814395983702,0.337058662825775,-1.205653406192646,2.144652508237714,-1,0.044120300084666
-1.147661956520518,0.337058662825775,1.200966098696679,-0.528043953571749,1,1.191074521631039
-1.146564395127010,0.337058662825775,-1.205653406192646,0.318424947267056,1,1.117551403011840
-1.145049760403969,0.337058662825775,-1.205653406192646,0.662273432767438,-1,0.691117315020480
-1.144643662688371,0.337058662825775,-1.205653406192646,0.411551756384577,-1,0.367615593096000
-1.142920491300563,-0.035380168405971,1.318269287436110,-0.535534702908870,-1,1.128126624139600
-1.140374148867624,-0.055363278324316,1.358698592562715,-0.545120405057670,1,0.514661830334400
-1.138288782219959,0.337058662825775,-1.205653406192646,0.263903604856847,1,0.691117315020480
-1.132372926308951,0.337058662825775,-1.205653406192646,0.367123155563401,-1,0.514661830334400
-1.126127801979890,-0.325440961971115,1.246373020049542,-0.552298282231837,-1,1.146960650459520
-1.123263166742834,0.337058662825775,1.362164488305443,-0.443836591879631,-1,0.205864732133760
-1.121199751323039,0.337058662825775,-1.205653406192646,0.618635255748484,-1,1.264597640250240
-1.113911943670145,0.337058662825775,-1.205653406192646,-0.014955839941928,1,0.249978603305280
-1.110729015628972,-3.883126374237078,0.347531410600052,-0.492311333518185,1,0.264683227029120
-1.109752185988749,-0.656111553792216,1.082606812546280,-0.548314508584550,-1,0.135037493941465
-1.106997306891044,0.337058662825775,-1.205653406192646,0.640369555053909,-1,0.588184948953600
-1.106525355491836,0.337058662825775,-1.205653406192646,0.638824507335621,1,0.955800542049600
-1.104121696040053,-1.578359428606616,-0.833843909706839,0.271122934530772,-1,0.117636989790720
-1.101224133961192,0.337058662825775,-1.205653406192646,1.060858059994962,-1,0.367205346969976
-1.100785109403788,0.337058662825775,-1.205653406192646,0.367764727207398,1,0.823458928535040
-1.095176570682962,-0.900590905812536,0.230889270364744,-0.551939341268015,1,1.220483769078719
-1.093025350351687,0.337058662825775,1.320510531567616,-0.515205925975953,-1,1.308711511421760
-1.092520472110673,0.337058662825775,1.196984005715673,-0.543367435369001,-1,1.102846779288000
-1.089666812487552,0.337058662825775,-1.205653406192646,0.363229446892863,-1,0.529366454058240
-1.085386323052870,-1.327363845091182,0.006967648986373,-0.551903541381860,1,0.896982047154240
-1.083520468683906,0.337058662825775,-1.205653406192646,0.064801595901069,1,0.323501721924480
-1.083004614828958,0.337058662825775,-1.205653406192646,0.566631210596363,-1,0.588184948953600
-1.082850956233866,0.337058662825775,1.231463874305180,-0.550467871736800,-1,0.911686670878080
-1.072489976679151,0.337058662825775,-1.205653406192646,-0.134851542881049,1,0.147046237238400
-1.071315585988097,0.337058662825775,0.048468853480221,1.207081752894612,-1,0.028702215935480
-1.068966804605989,-5.409179522010912,0.210425736990128,-0.548816931723673,-1,1.367530006317119
-1.065696071653335,0.337058662825775,-1.205653406192646,0.647520111262325,-1,0.667406221048121
-1.064872900608204,0.337058662825775,-1.205653406192646,-0.126480964236546,1,0.661708067572800
-1.063171680448267,0.337058662825775,-1.205653406192646,-0.267688904665365,1,1.014619036944960
-1.062996070625306,0.063199955965763,1.173136220039078,-0.550665430582242,-1,0.982886635446558
-1.060504606262042,0.337058662825775,-1.205653406192646,1.323177015287653,-1,0.170889687032478
-1.056910092698303,0.337058662825775,1.288166560734456,-0.478054499907913,1,0.352910969372160
-1.054297896581754,0.337058662825775,-1.205653406192646,0.454068831705504,-1,0.426434087991360
-1.053901676918698,0.337058662825775,1.428005972779753,-0.519229079498011,-1,0.352910969372160
-1.052379359265902,0.337058662825775,0.820239031553671,-0.526085040327460,1,1.117551403011840
-1.051402529625680,0.337058662825775,-1.205653406192646,0.271342444359041,1,1.308711511421760
-1.050273138951760,0.337058662825775,-1.205653406192646,1.341632798703052,-1,0.118845042405031
-1.049415943503430,0.337058662825775,1.043315248271391,-0.551311335896667,-1,1.249893016526399
-1.047887040482273,0.337058662825775,-1.205653406192646,-0.455717443571903,1,0.735231186192000
-1.047033137718124,0.337058662825775,-1.205653406192646,-0.057670756738978,1,0.632298820125120
-1.045110210156698,-1.164618952318194,-0.177272626529020,-0.547237874113538,-1,0.999914413221120
-1.041042647632357,0.337058662825775,1.231882626146436,-0.284924665644677,1,0.014704623723840
-1.038933134634035,0.337058662825775,-1.205653406192646,1.227384056753819,-1,0.161750860962240
-1.038578622303932,0.231897949117001,1.284353021953703,-0.552549446696285,-1,2.499786033052799
-1.034551669551150,0.337058662825775,-0.298555274590078,1.057626649218299,-1,0.054454753472299
-1.034156547449487,-1.082594882782189,-0.344631145425200,-0.548206826295403,-1,0.249978603305280
-1.034137888905798,0.337058662825775,1.086604707483561,-0.548924708223047,1,0.573480325229760
-1.033862400996027,0.337058662825775,1.045701343668740,-0.550970389086150,1,0.926391294601919
-1.032661668831530,-0.579075217005556,-0.346851320281673,-0.547758291405966,-1,1.073437531840320
-1.029705935998812,0.337058662825775,-1.205653406192646,3.168585778419492,-1,0.014704623723840
-1.029089106495661,0.337058662825775,-1.205653406192646,2.528182341234606,1,0.014704623723840
-1.028620447780633,0.337058662825775,-1.205653406192646,-0.403579619897833,1,0.779345057363520
-1.027558008351717,0.337058662825775,-1.205653406192646,-0.308318007042726,1,0.014704623723840
-1.026426422555010,-0.735577399111622,-0.580441105240251,-0.517988330812045,-1,0.514661830334400
-1.023616665387630,0.337058662825775,-1.205653406192646,0.388762302539834,1,0.176455484686080
-1.020384347083748,-3.985487521822027,0.688732517783442,-0.521074186788418,1,0.279387850752960
-1.015349832971727,0.337058662825775,-0.043746096015119,-0.548206826295403,1,0.411729464267520
-1.013737515284664,-0.467414361262153,0.230889270364744,-0.496450082988435,1,0.220569355857600
-1.013187637026516,0.337058662825775,-1.205653406192646,0.283240253892124,-1,0.558775701505920
-1.009481172200639,-1.513937228837655,0.783599562273407,-0.551903541381860,1,1.808668718032319
-1.007810683759720,0.337058662825775,1.428005972779753,-0.535713984970327,-1,1.235188392802560
-1.007114829836236,0.337058662825775,1.428005972779753,-0.517908534750009,1,1.014619036944960
-1.006020561126908,-6.328579562320041,0.007894697087772,-0.549879434660676,1,0.514661830334400
-1.004667267928713,0.337058662825775,1.199894199329437,-0.548655549605294,1,0.911686670878080
-1.004294097054920,0.337058662825775,1.185432775679500,-0.509430179606132,1,0.514661830334400
-1.003300803993795,0.337058662825775,-1.205653406192646,0.493326233181752,-1,0.382320216819840
-1.003216291766495,0.337058662825775,1.341937984274935,-0.548655455395067,1,0.647003443848960
-1.000678729824704,0.337058662825775,0.590022964259557,-0.548117138159561,1,0.647003443848960
-0.996292874496246,-0.429105355855084,-0.575513528542194,-0.551849558921947,-1,0.926391294601919
-0.996139215901155,0.337058662825775,-0.699179638341222,-0.411122090649425,1,0.176455484686080
-0.991854336220899,0.337058662825775,-1.205653406192646,0.460616442462882,-1,0.323501721924480
-0.989800798853646,0.337058662825775,-1.205653406192646,4.356812262986749,-1,0.197304715452761
-0.987624334610319,0.337058662825775,-1.205653406192646,0.702774409236454,1,0.338206345648320
-0.986846163582322,-0.055363278324316,1.339230582433351,-0.541644424532430,-1,0.470547959162880
-0.986609090321324,0.337058662825775,0.331916444142125,-0.551401024032509,1,3.367358832759359
-0.983087015809557,0.337058662825775,-1.205653406192646,-0.455640191185988,-1,0.242004079089751
-0.982642503445186,0.337058662825775,-1.205653406192646,-0.365708992958975,1,0.441138711715200
-0.982431771657633,0.337058662825775,-1.205653406192646,2.344057874123546,-1,0.038541088444438
-0.981925795855226,0.337058662825775,1.428005972779753,-0.468908759517917,-1,0.044113871171520
-0.981730429927181,0.337058662825775,-1.205653406192646,-0.140225294213435,1,0.588184948953600
-0.981279332194449,0.337058662825775,-1.205653406192646,1.519398075510185,-1,0.114709675865176
-0.980638356340641,0.337058662825775,1.428005972779753,-0.466550677542994,1,0.147046237238400
-0.978734087322904,0.337058662825775,1.300157611886917,-0.548475984913156,-1,0.705821938744320
-0.978053599258929,0.337058662825775,-1.205653406192646,0.143865644475370,1,0.470547959162880
-0.977333598984788,0.337058662825775,-0.857080686407512,-0.548781131837518,1,1.367530006317119
-0.975517134878532,0.337058662825775,-1.205653406192646,0.192370721806930,1,0.073523118619200
-0.973787378122363,-2.603145435071262,0.927126097449266,-0.552065111920693,-1,1.423316909638551
-0.973554695106939,0.337058662825775,-1.205653406192646,2.679380334105328,-1,0.156716459266027
-0.970477132959543,0.337058662825775,0.542351095840778,-0.550414171907567,1,0.573480325229760
-0.967926400281030,-3.340525408950254,-0.528426332505546,-0.511911488557612,-1,0.352910969372160
-0.966236155735028,0.337058662825775,1.285646148708779,-0.548242720391785,-1,2.249807429747519
-0.963474691268961,-1.240335953345350,1.143689274522787,-0.548206826295403,-1,1.003316464767985
-0.961028226922832,0.337058662825775,1.012164325136906,-0.436905545499483,1,0.058818494895360
-0.960087616808596,0.337058662825775,0.925825069716054,-0.537028311843365,-1,2.176284311128319
-0.957595054883939,0.337058662825775,-1.205653406192646,1.678933673446057,-1,0.031685404577363
-0.955066273433296,-1.319206488626930,0.558400616096235,-0.548314508584550,1,1.735145599413119
-0.950323710651948,-2.938642865036890,-0.155234164845779,-0.551598488667725,1,1.705736351965439
-0.950154686197348,0.337058662825775,-1.205653406192646,0.065100242319787,1,0.676412691296640
-0.942461878390249,0.337058662825775,1.428005972779753,-0.462670158304197,1,0.264683227029120
-0.937856510783090,0.337058662825775,-1.138123746056415,-0.402958774503716,1,0.132341613514560
-0.936902729932131,0.337058662825775,-1.205653406192646,-0.530829184714643,-1,0.338206345648320
-0.933706631154236,0.337058662825775,-1.205653406192646,1.894882355144774,-1,0.015973612462849
-0.930198824940584,-2.868010133521970,0.879775535474721,-0.551365129936127,1,4.337863998532798
-0.930087971239839,-2.265652912005895,0.977107685143404,-0.550808912757544,-1,3.117380229454079
-0.929557849086775,0.337058662825775,-1.205653406192646,0.556164454407232,-1,0.470547959162880
-0.929031019617891,0.337058662825775,-0.639032125444250,4.892557559302992,-1,0.511680655517646
-0.928036628995373,0.337058662825775,-1.205653406192646,0.676329598594787,1,0.529366454058240
-0.927842360628722,0.337058662825775,1.428005972779753,-0.470643264002149,1,0.338206345648320
-0.927743580103306,0.337058662825775,1.231882626146436,-0.548511784799312,1,0.676412691296640
-0.925223579143812,0.337058662825775,-1.205653406192646,2.276961350650103,-1,0.029409247447680
-0.924168822644651,0.337058662825775,1.101932605069180,-0.549211766783877,1,0.485252582886720
-0.921571992387610,0.337058662825775,1.428005972779753,-0.516534101752320,1,0.323501721924480
-0.920279065066058,-0.910180224259665,0.111176283293553,-0.551024183125610,-1,1.691031728241599
-0.916861258886674,0.337058662825775,-1.205653406192646,-0.031828891548349,-1,0.558775701505920
-0.916425527013451,0.337058662825775,-1.205653406192646,0.491140555921736,-1,2.014533450166079
-0.916026014666214,0.337058662825775,-1.205653406192646,0.971226450288933,1,0.882277423430400
-0.915939307316127,0.337058662825775,-1.205653406192646,2.616504428789160,-1,0.051502384778878
-0.915611136459468,0.337058662825775,0.792295905542774,-0.539503685550561,-1,0.647003443848960
-0.915441014443474,0.337058662825775,-1.205653406192646,0.605869770027266,1,0.029409247447680
-0.914988819149349,0.337058662825775,1.307136809241194,-0.502045982035438,1,0.529366454058240
-0.911374549480527,-2.009315627610517,0.657178644763974,-0.532770198015855,1,0.720526562468160
-0.911330647024787,0.337058662825775,-1.205653406192646,2.051921382072437,-1,0.029409247447680
-0.911145159149284,0.337058662825775,1.183826243458327,-0.540036915433824,-1,3.117380229454079
-0.909734792758626,0.337058662825775,-1.205653406192646,0.426078973345550,1,0.117636989790720
-0.909235402324580,0.337058662825775,1.325395969715609,-0.506808214786153,1,0.279387850752960
-0.909183816939085,0.082684292609172,-0.957779706226274,-0.533898648111566,1,0.323501721924480
-0.907499060200050,0.337058662825775,-1.205653406192646,0.150568702106844,1,0.176455484686080
-0.902976009697403,0.337058662825775,0.730162613474057,0.572830243514859,-1,0.040671762929532
-0.902141863038337,0.315112638728655,0.961629668973183,-0.551993229517702,-1,4.970162818657918
-0.901475643272478,-2.727597411897663,-0.184438813699204,-0.551472812225274,1,1.220483769078719
-0.901208935853855,0.337058662825775,-0.992976456898736,3.418167511058983,-1,0.176455484686080
-0.899712959674504,0.337058662825775,-1.205653406192646,0.812519902348240,1,0.044113871171520
-0.898355276230734,0.337058662825775,0.343557218597183,-0.476522924252047,1,0.102932366066880
-0.898276251810402,-1.776887281491034,0.489764819020836,-0.551831941609549,-1,3.139842973016119
-0.897001983032539,0.337058662825775,0.971505891644330,-0.548583761412529,1,0.470547959162880
-0.895590519080487,0.337058662825775,1.044927047811322,-0.551598488667725,-1,0.779345057363520
-0.895260153101041,-2.998560015870958,-0.620396351678642,-0.478127135992718,1,0.764640433639680
-0.894998933489386,-1.411801333699451,0.224047023298174,-0.548511879009538,-1,1.132256026735679
-0.891390151627532,-0.554957115743400,0.299295939074173,-0.547668509059897,1,1.176369897907200
-0.890300273163778,0.337058662825775,0.781142358072826,-0.549678295826619,1,0.529366454058240
-0.888854784808528,0.337058662825775,1.428005972779753,-0.444612884147844,1,0.147046237238400
-0.888577101775971,0.337058662825775,1.322659597620857,-0.492400550602894,1,0.764640433639680
-0.887841735642320,0.337058662825775,1.428005972779753,-0.498224061557664,1,0.411729464267520
-0.886344661901575,0.337058662825775,-1.205653406192646,0.086205217310689,1,0.514661830334400
-0.884967222352723,-1.051960550024922,1.115538089420952,-0.509407003890358,-1,0.985209789497280
-0.881875391907210,-3.068742242492389,-0.357525541744649,-0.500021498473348,-1,0.397024840543680
-0.879670391067653,0.337058662825775,-0.026403449004586,-0.389555485547570,1,0.411729464267520
-0.878660634585625,0.337058662825775,-1.205653406192646,0.608790287055737,1,0.632298820125120
-0.877205268177834,0.337058662825775,-1.205653406192646,2.176184671122524,-1,0.068790738432501
-0.876259170256630,0.337058662825775,-0.362882404921478,-0.509308931044338,1,0.661708067572800
-0.875521609000192,0.337058662825775,1.392891392279914,-0.548619655508912,1,2.073351945061439
-0.874953072198355,-4.972463296154539,0.192748615238466,-0.530390824529692,1,0.794049681087360
-0.874106852363960,0.337058662825775,-1.205653406192646,0.370427108214642,-1,0.617911113517178
-0.873492217983596,-1.597200186830754,-0.851123348892277,-0.550055230943745,-1,1.014619036944960
-0.866681849536878,0.337058662825775,0.180483663510591,-0.548852825820056,1,0.720526562468160
-0.866162702997749,0.337058662825775,1.012164325136906,-0.549803972269070,-1,1.543985491003199
-0.865400995390654,-1.871300235597993,0.675532616976033,-0.522633742881621,1,0.426434087991360
-0.864934531798414,0.337058662825775,0.671529454719995,-0.548781131837518,1,1.205779145354879
-0.864634897537986,-1.674123897394042,0.835432612510963,-0.551921441324938,-1,3.176198724349439
-0.864117946121644,0.337058662825775,0.675532616976033,-0.550557465662415,-1,2.279216677195199
-0.863962092403765,0.337058662825775,-1.205653406192646,-0.416727599139553,-1,0.617594196401280
-0.862094042912015,0.337058662825775,1.410792375078789,-0.462275417454220,1,0.014704623723840
-0.861939286755530,0.337058662825775,-0.351942183861227,1.005038500660484,-1,0.038850626501695
-0.861415749970827,-0.628308966079738,-0.547238561449546,-0.550360283657880,1,0.838163552258880
-0.857224163009019,-2.536052384862328,-0.453180050388926,-0.548745143530909,-1,0.489457772274961
-0.856174894316826,0.337058662825775,-1.205653406192646,-0.298215844431020,1,0.073523118619200
-0.855223308588654,0.337058662825775,0.842748918265748,-0.551544600418038,-1,1.220483769078719
-0.853929283705708,0.337058662825775,1.273083593471081,-0.515213462794091,1,0.455843335439040
-0.851989892723379,0.337058662825775,-1.205653406192646,0.524867817089234,-1,1.617508609622399
-0.850231599370979,0.337058662825775,-0.145766159378373,-0.549140072801340,-1,1.132256026735679
-0.849024281838121,0.337058662825775,0.717805483667919,-0.552190411522237,-1,1.999828826442239
-0.847598549587954,-0.792019226481630,0.883109748248500,-0.552190599942691,1,2.264512053471359
-0.846526232106496,-0.900590905812536,0.299295939074173,-0.548314508584550,1,0.691117315020480
-0.846396719862062,0.337058662825775,0.734626666121416,1.092324275721064,-1,0.014704623723840
-0.846117939268111,0.337058662825775,0.363336000533266,-0.549139978591113,1,1.323416135145599
-0.844522085001950,-5.725836193752403,-0.012276500095778,-0.495177208615156,-1,1.396939253764799
-0.843884401832322,0.337058662825775,0.493480912404566,-0.511599181656019,1,0.955800542049600
-0.843428913854016,-0.704701724447127,-0.218031139077997,-0.548781131837518,1,0.720526562468160
-0.842048181620983,0.337058662825775,1.074890190565891,-0.548817025933900,1,1.499871619831679
-0.841906596201221,0.337058662825775,-1.205653406192646,0.147342001841518,1,0.838163552258880
-0.838507448565526,-4.690897737723766,0.350599623776555,-0.548081244063179,1,0.838163552258880
-0.836093911061202,0.337058662825775,1.428005972779753,-0.444110743639400,1,0.117636989790720
-0.835934764659143,0.337058662825775,-1.205653406192646,2.942113814395609,1,0.014704623723840
-0.834909642317607,0.337058662825775,0.804990143749421,-0.548996307995358,1,1.426348501212479
-0.834862447177686,-1.506519987555563,1.055098240332914,-0.552962275909794,-1,2.749764636358079
-0.834748300792761,0.337058662825775,-1.205653406192646,-0.523604485057794,-1,1.514576243555519
-0.833569519856133,-0.123132085873483,0.590022964259557,-0.439481253098141,1,0.397024840543680
-0.832865983002895,0.337058662825775,-1.205653406192646,-0.462886841825664,1,0.455843335439040
-0.832751836617970,0.337058662825775,0.127986931109534,-0.550916500836464,-1,5.043685937277117
-0.832420373077130,-1.578359428606616,-0.152189654603686,-0.546438217709098,-1,0.779345057363520
-0.831963787537431,0.337058662825775,1.428005972779753,-0.531089958622217,1,0.382320216819840
-0.830746591952031,0.337058662825775,-1.205653406192646,0.194299205147988,1,0.720526562468160
-0.830266957623068,0.337058662825775,0.675532616976033,-0.549301360709493,1,0.632298820125120
-0.830144030746995,0.337058662825775,0.839635932879803,-0.463323035175400,1,0.514661830334400
-0.827640493208403,-0.664365447019358,0.956307043368280,-0.550647342218711,-1,1.573394738450879
-0.827167444247801,0.337058662825775,1.150779085570981,-0.545120405057670,1,0.926391294601919
-0.824506955429937,0.337058662825775,0.617650051144978,-0.551472812225274,-1,1.573394738450879
-0.824278662660088,0.337058662825775,1.121982653921297,-0.521492951246210,-1,0.896982047154240
-0.823277686669208,0.337058662825775,1.372559541874247,-0.466380157032622,1,0.044113871171520
-0.822375491203745,-3.507324845764645,0.092630053946830,-0.552298282231837,1,1.205779145354879
-0.821003539461860,0.337058662825775,-1.205653406192646,-0.456218641978079,1,0.720526562468160
-0.820925612602921,0.337058662825775,0.928816906770566,-0.549875760461834,-1,1.852782589203839
-0.820911344304805,0.337058662825775,0.823955124937401,-0.549893660404912,-1,2.190988934852159
-0.820617197851345,0.337058662825775,0.831042302326216,-0.548583761412529,1,1.132256026735679
-0.820504149027813,0.337058662825775,-0.964543733609288,-0.552405964520984,-1,0.175587476916557
-0.820422929484694,0.337058662825775,0.789543731491748,-0.548709343644754,1,0.941095918325760
-0.818995002111740,0.337058662825775,-1.205653406192646,0.118859423995792,-1,0.661708067572800
-0.817359635635413,-3.448694851769117,-0.529442925025830,-0.549265560823337,-1,0.941095918325760
-0.817248781934668,0.337058662825775,0.324465821759012,-0.551006283182532,-1,0.721553129389278
-0.817148903847859,-0.532641034055202,-0.814162573167778,-0.545381273175471,-1,0.852868175982720
-0.816011830244185,0.337058662825775,-0.261510221765452,-0.550306489618420,-1,1.279302263974079
-0.815270976303567,-3.430449403582804,-0.033848804068941,-0.131923489034441,-1,0.831521552098727
-0.814900000552561,-1.752479569940207,0.563222846419134,-0.550970483296377,-1,2.558604527948159
-0.814589390678198,-2.067108969660994,0.848600909405825,-0.551741970843027,1,1.323416135145599
-0.813712439124785,0.337058662825775,-1.205653406192646,0.027528261799647,-1,0.676412691296640
-0.813361219478863,0.311363794436407,0.594908402407551,-0.525706126795572,-1,2.279216677195199
-0.813048414481713,0.337058662825775,0.386791370962394,-0.551024277335837,-1,0.970505165773440
-0.813028658376630,0.337058662825775,-1.205653406192646,-0.546763714042432,-1,1.088142155564160
-0.812917804675886,-2.243320740857213,-0.202355598454353,-0.459971977410797,1,0.044113871171520
-0.811715974949994,-2.702063438113112,-0.290567385693654,-0.551831658978869,-1,1.985124202718399
-0.810929023430849,0.337058662825775,0.405988114175724,-0.551257447646981,1,1.235188392802560
-0.810056462123010,0.337058662825775,0.740963250587223,-0.514052792800841,1,0.485252582886720
-0.808385973682091,0.337058662825775,1.428005972779753,-0.509726564979409,1,0.485252582886720
-0.807639631934505,0.337058662825775,-1.205653406192646,-0.468096667363549,-1,1.014619036944960
-0.805600362865367,0.337058662825775,0.343557218597183,-0.548206826295403,1,0.676412691296640
-0.804408411192017,0.337058662825775,-1.205653406192646,0.623034873336535,1,0.911686670878080
-0.802684142242816,0.337058662825775,-1.205653406192646,3.222238502539298,-1,0.191160108409920
-0.801606336954391,-2.443843686841370,0.473781140249852,-0.551849841552627,-1,1.852782589203839
-0.801103653836165,0.337058662825775,-0.463777895729911,-0.550844712643699,-1,1.873812259533237
-0.799623043516322,-5.245002667255048,-0.239458591785316,-0.493277176762569,1,0.308797098200640
-0.798003042899504,0.337058662825775,1.428005972779753,-0.481648620057466,1,0.294092474476800
-0.797120603539124,-0.449265449838729,-1.052533766728880,-0.551419018185814,-1,0.558775701505920
-0.796473042316954,0.337058662825775,-0.028910692733367,-0.527338695814487,1,0.514661830334400
-0.796038408005125,0.337058662825775,-1.205653406192646,0.637797615864320,1,0.411729464267520
-0.795758529849780,-0.217754202966706,0.725695927167320,-0.549139884380886,1,1.911601084099199
-0.793871821814340,-3.609412472521404,-0.531178506556573,-0.546681562724728,1,0.647003443848960
-0.792885114121576,0.337058662825775,-1.205653406192646,0.204081052988830,1,0.044113871171520
-0.791843528359137,-0.075491193386996,1.006620472144169,-0.548619561298685,1,1.338120758869440
-0.791607552659533,-2.222629694677671,0.097315333982022,-0.552065017710466,1,0.896982047154240
-0.791604259975352,0.242967497928451,-0.237396436491581,-0.551131865414757,1,2.485081409328959
-0.790649381563000,0.337058662825775,-0.829416728290786,-0.547107016108617,1,0.676412691296640
-0.789735112922208,0.337058662825775,1.081471705353944,-0.548655549605294,1,0.632298820125120
-0.787918648815952,0.337058662825775,0.129722512640277,-0.548081244063179,1,1.382234630040959
-0.787625599923886,0.179317592262613,-0.182661093618397,-0.548852920030282,-1,1.220483769078719
-0.785933160255096,0.125353541806796,0.940291760684749,-0.548619561298685,1,1.411643877488639
-0.785816818747384,0.337058662825775,-1.205653406192646,2.002027645998954,-1,0.015167800573270
-0.784439379198532,0.337058662825775,1.428005972779753,0.320837671173479,1,0.014704623723840
-0.784264866936964,0.337058662825775,0.201371216045221,-0.549104084494731,-1,1.382234630040959
-0.781044621808411,0.337058662825775,-0.710917858193302,5.729756739093431,-1,0.088227742343040
-0.779717670083660,-0.593732715504438,0.876775797442072,-0.550844806853926,1,1.588099362174719
-0.779415840700445,0.122537886222487,1.270773874195722,-0.548511973219765,1,0.691117315020480
-0.777732181522804,0.337058662825775,-1.124079757418045,-0.551113965471679,-1,1.529280867279359
-0.775962912556469,0.337058662825775,0.978356039689037,-0.505773127025127,-1,0.647003443848960
-0.775557912402264,0.337058662825775,-1.205653406192646,0.124132370385582,-1,0.397024840543680
-0.774897180443373,-2.248742889039566,0.250604844475731,-0.550055136733518,1,0.794049681087360
-0.774003765469057,0.337058662825775,-1.205653406192646,5.779556264940190,-1,0.029409247447680
-0.773032423635802,0.337058662825775,1.239886316999133,-0.486682084050922,1,0.176455484686080
-0.772697667410783,0.128104839549177,1.265935841916549,-0.551778053359862,-1,1.470462372383999
-0.771729618261708,-0.065177849218189,0.617650051144978,-0.551239641914130,1,1.058732908116479
-0.771609984069816,0.337058662825775,1.164640034882513,-0.552423958674288,1,0.632298820125120
-0.771176447319380,0.337058662825775,0.487412961195413,-0.551741970843027,1,0.779345057363520
-0.770526690974424,-3.824013696427098,0.111176283293553,-0.547758291405966,-1,1.113856436398836
-0.770431203133188,0.337058662825775,0.071271076383364,-0.550611448122329,-1,1.529280867279359
-0.769578397930432,0.337058662825775,-1.205653406192646,0.374578010804139,1,0.205864732133760
-0.769267788056070,0.337058662825775,-1.182551130476457,-0.474456046087930,-1,1.308711511421760
-0.768727787850464,0.337058662825775,-1.205653406192646,0.661011015729325,1,1.205779145354879
-0.768342543801342,-1.377385977728969,-0.201062471699277,-0.551831941609549,1,2.014533450166079
-0.767619250843021,0.337058662825775,-0.000893824259859,-0.551185565243990,-1,1.514576243555519
-0.766319738153107,-1.633079683705076,0.949159291813749,-0.549211766783877,-1,2.382149043262079
-0.765931201419805,0.337058662825775,0.273525582050928,-0.527321266922543,1,0.941095918325760
-0.765185957233613,0.337058662825775,0.690581346667481,-0.509509598827261,1,0.308797098200640
-0.764553761870953,0.337058662825775,0.066538390479350,-0.549139978591113,-1,2.602718399119679
-0.762754858746993,0.337058662825775,1.428005972779753,-0.479536803615202,1,0.191160108409920
-0.761818638878330,-4.395141275148081,0.610662952812564,-0.549929554501294,1,0.323501721924480
-0.761396077741830,-2.525481609325813,0.511950765629299,-0.548745331951363,-1,0.985209789497280
-0.758744369415114,0.337058662825775,-1.108110563773646,-0.387113556470862,1,0.499957206610560
-0.758453515645835,0.337058662825775,0.155071484162886,-0.550019242637136,-1,1.499871619831679
-0.758221930191805,0.337058662825775,-1.127036830168755,-0.548902757240220,-1,1.102846779288000
-0.756560222242033,-0.037117830138003,0.002448289492057,-0.551185753664443,-1,1.827016522417168
-0.756054246439626,0.337058662825775,-1.205653406192646,0.829694426680181,1,0.029409247447680
-0.755894002476174,0.337058662825775,0.479888596349689,-0.547668509059897,-1,0.941095918325760
-0.755591075531566,-0.509761821250141,1.164640034882513,-0.551759776575878,1,1.882191836651519
-0.754957782607511,-0.165736977229180,1.145827805938513,-0.551400929822283,1,0.882277423430400
-0.753252172202000,-0.845983276937448,0.798219005486083,-0.548816931723673,-1,1.088142155564160
-0.753004123327067,0.337058662825775,-1.067039699222322,-0.335610709724917,-1,0.294092474476800
-0.752983269660590,-0.293905619426868,0.777718600880162,-0.548583761412529,1,1.323416135145599
-0.752956928187146,0.337058662825775,-0.231560247307778,-0.551849653132173,1,1.514576243555519
-0.752381806016948,0.337058662825775,1.428005972779753,-0.549265655033564,-1,0.911686670878080
-0.748087048284151,0.337058662825775,1.428005972779753,-0.474225231032454,1,0.132341613514560
-0.747488877324689,0.337058662825775,1.428005972779753,-0.488055763366797,1,0.235273979581440
-0.747462535851245,0.337058662825775,1.428005972779753,-0.496361902216221,1,0.191160108409920
-0.747032291784990,0.337058662825775,-1.127036830168755,-0.551939435478242,-1,1.279302263974079
-0.745956681619352,0.337058662825775,-0.117364776635534,-0.548852920030282,-1,1.058732908116479
-0.745280583800951,0.337058662825775,1.181692979361359,-0.551365129936127,1,0.955800542049600
-0.744424485914015,-0.800578819457925,0.568034542104516,-0.551257541857208,1,4.558433354390398
-0.743468509940269,-0.217754202966706,1.200966098696679,-0.552244488192377,1,0.485252582886720
-0.742046070374283,0.337058662825775,-1.205653406192646,-0.263923321903172,-1,1.205779145354879
-0.741765094657544,0.337058662825775,-1.205653406192646,0.067584565998521,1,0.485252582886720
-0.741422655502770,-0.665314725187782,0.592106188828324,-0.552477752713748,-1,3.440881951378559
-0.741174606627837,0.337058662825775,1.046818015245425,-0.548888719916438,1,0.985209789497280
-0.739911313463909,0.337058662825775,1.428005972779753,-0.497335376488969,1,0.264683227029120
-0.739478874274867,0.337058662825775,-1.205653406192646,-0.542134506131853,-1,0.455843335439040
-0.738971800911067,0.337058662825775,1.372364651080203,-0.549211766783877,1,0.676412691296640
-0.738573386125223,0.337058662825775,-0.900831036011002,-0.551311335896667,1,1.955714955270719
-0.737906068797970,0.337058662825775,0.310697050525744,-0.503462527004473,1,0.264683227029120
-0.737436312521549,0.337058662825775,-1.205653406192646,-0.542313882403537,1,1.264597640250240
-0.735821799711698,0.337058662825775,-1.205653406192646,2.150041333206376,1,0.029409247447680
-0.735635214274802,0.337058662825775,0.253965393843300,-0.552495935287506,-1,1.691031728241599
-0.735098506753377,-3.685306457613858,-0.204120150238264,-0.550091030829900,1,0.529366454058240
-0.735020579894437,0.337058662825775,-0.225687186892669,-0.548488797503991,-1,2.264512053471359
-0.735010701841896,-0.239153185407443,0.892530347847085,-0.549893660404912,-1,5.367187659201598
-0.734491555302767,0.337058662825775,-1.205653406192646,-0.510028508756062,1,0.455843335439040
-0.733837408712236,0.337058662825775,-1.205653406192646,5.321967772714888,-1,0.014704623723840
-0.731033139351823,0.128104839549177,0.012061146225306,-0.549265655033564,1,1.338120758869440
-0.730973871036573,0.337058662825775,1.428005972779753,-0.499189904802047,1,0.220569355857600
-0.730888261247880,0.337058662825775,1.026686322952560,-0.549301643340173,1,0.764640433639680
-0.730666553846391,0.337058662825775,-1.205653406192646,-0.519454147729657,-1,0.485252582886720
-0.730445944006296,0.337058662825775,-0.977223750055289,-0.551113965471679,-1,1.720440975689279
-0.730037651167911,-3.758433055503451,0.123717769256220,-0.551688271013794,-1,1.764554846860799
-0.729624968083952,0.337058662825775,0.497144332600716,-0.550306395408193,-1,2.485081409328959
-0.729621675399771,-5.097124435967206,0.071271076383364,-0.551293435953590,1,1.349269792350717
-0.729420821664759,0.337058662825775,0.156583204646416,-0.355361883757784,1,0.382320216819840
-0.726219235079896,0.337058662825775,1.282843935129552,-0.550414077697340,1,0.573480325229760
-0.724237039203221,0.337058662825775,0.339427640690954,-0.548045349966797,-1,0.985209789497280
-0.723093380231185,0.337058662825775,-1.205653406192646,-0.266270098650888,1,0.896982047154240
-0.721504111333386,0.337058662825775,1.222251333797534,-0.530584803386519,1,0.558775701505920
-0.719305695862189,0.049749167003012,-0.660757181661394,-0.550180813175969,-1,0.764640433639680
-0.719222281196282,0.337058662825775,-0.270335614344388,-0.545568939947107,1,0.558775701505920
-0.719126793355047,-5.621994815803132,-0.152189654603686,-0.549211766783877,1,1.229399919192542
-0.717690085490945,0.337058662825775,-0.385584548768221,-0.513495445099537,-1,0.632298820125120
-0.716736304639987,0.337058662825775,1.213012456696099,-0.548440185027001,1,0.558775701505920
-0.716445450870707,0.337058662825775,-1.205653406192646,-0.550952394932846,-1,1.073437531840320
-0.716354353275046,0.337058662825775,0.240699651551416,-0.551239453493676,-1,1.191074521631039
-0.715109718654808,0.337058662825775,1.181692979361359,-0.499062815206196,-1,0.323501721924480
-0.710022521595898,0.337058662825775,0.486167240309159,-0.549373337322710,-1,2.014533450166079
-0.708941423623292,-0.481042134290201,-0.018652589452270,-0.552244393982150,1,0.896982047154240
-0.708335569734076,-2.463698081075859,-0.678921530398166,-0.550844618433473,-1,1.382234630040959
-0.707637520687805,0.337058662825775,0.299295939074173,-0.548745143530909,1,0.970505165773440
-0.707425691338858,0.337058662825775,1.428005972779753,0.623251556858002,1,0.073523118619200
-0.707231422972207,-1.164618952318194,-0.904663010407406,-0.531427513864573,1,0.588184948953600
-0.706958130185223,0.337058662825775,1.428005972779753,-0.495696495384863,1,0.382320216819840
-0.706928496027598,0.337058662825775,0.460539100892379,-0.550970294875924,-1,3.264426466692479
-0.705524715005302,-4.382511048669899,-0.196084855473020,-0.547273768209920,-1,0.985209789497280
-0.705060446535848,0.337058662825775,-1.205653406192646,1.995140878425366,1,0.058818494895360
-0.704961666010432,0.337058662825775,0.184334073522649,-0.549211766783877,-1,2.896810873596479
-0.704430446295974,0.054785168133803,1.115538089420952,-0.551921441324938,-1,1.705736351965439
-0.702680933434722,-2.656337191423954,-0.323817335353181,-0.551401118242736,-1,1.220483769078719
-0.702418616261674,0.337058662825775,1.322659597620857,-0.548547773105921,1,0.441138711715200
-0.701523006164571,0.337058662825775,0.028874427700666,-0.545255879363701,1,1.308711511421760
-0.700533005787627,0.337058662825775,-0.256427259164035,-0.545515145907647,-1,0.367615593096000
-0.700371664262781,-1.674123897394042,-0.244159673776782,-0.548475984913156,1,0.588184948953600
-0.700359591087453,-1.146373504131881,0.817768659056195,-0.550898600893386,-1,7.411130356815356
-0.698919590539170,-0.784569806278576,1.150779085570981,-0.547578820924055,1,0.779345057363520
-0.698391663508893,-3.319641289244931,-0.276127031318749,-0.550360189447653,1,1.249893016526399
-0.697965809688212,0.337058662825775,1.428005972779753,-0.460348818317697,1,0.044113871171520
-0.697885687706485,0.230498166055087,-0.271731453815244,-0.551670182650262,1,2.338035172090559
-0.696324955404917,0.337058662825775,0.559459347166582,-0.549068001977895,1,2.264512053471359
-0.693617271447133,0.337058662825775,1.202264492770513,-0.523284076076703,1,0.294092474476800
-0.693157393223253,-2.734564148286265,0.653399343555149,-0.550611542332555,-1,5.292492380032705
-0.690886538700085,0.337058662825775,1.225416992371059,-0.502447317601286,1,0.602889572677440
-0.690761416701224,0.337058662825775,0.360307292247447,-0.549211766783877,-1,1.470462372383999
-0.689303855170646,-2.029041306161154,-0.527681006901297,-0.548852825820056,-1,1.191074521631039
-0.687344708083234,0.337058662825775,-1.205653406192646,-0.444103206821262,1,0.985209789497280
-0.686067146621191,-2.310574685670963,0.976520379101893,-0.547363456345762,1,1.543985491003199
-0.685056292577770,0.337058662825775,0.675532616976033,-0.551688176803567,-1,0.867572799706560
-0.684724829036930,-3.050191094556922,-0.011728698944952,-0.549104084494731,-1,2.220398182299839
-0.684621658265940,0.337058662825775,-0.420175031051644,-0.549570707747699,1,0.676412691296640
-0.683528487118006,-1.727524816732998,1.072670015709418,-0.551239453493676,1,5.308369164306238
-0.682750316090009,0.337058662825775,0.271766297585774,-0.550321186413789,1,1.205779145354879
-0.682491291601141,0.337058662825775,0.193478138886441,-0.510723120757704,1,0.323501721924480
-0.682222389059732,0.337058662825775,-1.205653406192646,2.847818798466700,-1,0.187820216336095
-0.681447510715915,0.337058662825775,1.377358069262735,-0.478451313382878,1,0.205864732133760
-0.680555193302993,-3.953469495463327,-0.192708504149177,-0.518294231418221,-1,0.367615593096000
-0.680554095741600,-1.315972507070098,0.920602523167552,-0.548081244063179,-1,2.485081409328959
-0.680434461549707,-3.862387059676092,0.612825187162700,-0.553069863988714,-1,0.287070708577374
-0.680006412606239,0.337058662825775,-1.205653406192646,-0.488769971095598,-1,0.294092474476800
-0.676697265004812,-0.258846685037116,-0.144873348848901,-0.440615544227908,1,0.205864732133760
-0.676285679482247,0.337058662825775,-1.205653406192646,0.604597931966481,1,0.426434087991360
-0.675858728100172,0.337058662825775,-0.449176888132888,-0.551437012339118,-1,1.808668718032319
-0.674383605587297,-0.447785219474407,-0.565034197873263,-0.549016940035010,-1,0.588184948953600
-0.674336410447376,0.337058662825775,0.527017930936400,-0.548817120144127,1,1.338120758869440
-0.674211288448516,0.337058662825775,1.428005972779753,-0.462043660296477,-1,0.102932366066880
-0.674153117694661,0.337058662825775,-1.205653406192646,-0.543678234906966,1,0.485252582886720
-0.672780068391382,-1.526969691827878,-0.302684852496306,-0.551508706321656,-1,4.867230452591038
-0.672737263497035,0.337058662825775,-1.205653406192646,-0.405403529887226,-1,0.044113871171520
-0.672206043782577,-1.693656502418897,0.158205538823864,-0.548709343644754,1,0.882277423430400
-0.671450921543844,0.337058662825775,-0.067651822198051,-0.548619655508912,1,2.088056568785279
-0.670719945655767,0.049749167003012,-0.006163776677183,-0.548745237741136,-1,1.411643877488639
-0.669659701349638,0.337058662825775,1.068869645225560,-0.541381672210094,1,0.499957206610560
-0.669308481703716,0.337058662825775,-1.053838481585223,-0.551472812225274,-1,6.043600350498237
-0.668607139973264,-1.450657380762897,0.068697991170108,-0.551903541381860,1,1.823373341756159
-0.666669944113722,0.337058662825775,1.098798550408203,-0.545174199097130,1,0.617594196401280
-0.666030065821307,-0.043006572674326,0.420344191450502,-0.550270595522038,-1,2.617423022843519
-0.665715065701371,0.337058662825775,1.428005972779753,-0.494764662032327,1,0.352910969372160
-0.665554821737918,-6.177692601922109,0.031681908598650,-0.552316276385142,1,2.887076021767183
-0.664447382291869,-0.301419397471850,1.173136220039078,-0.538519848152873,-1,0.808754304811200
-0.664213601715051,-0.886110391378953,-0.464936705856659,-0.503533090464290,1,1.060287688608412
-0.663089698848099,0.337058662825775,-1.205653406192646,0.143686645044593,-1,0.382320216819840
-0.660752990641321,-0.804038053461505,-0.152189654603686,-0.552459852770670,-1,0.911686670878080
-0.659888112263236,-3.439041175480061,0.196886094122831,-0.551688271013794,-1,2.249807429747519
-0.658481038556759,0.337058662825775,-1.205653406192646,-0.319452713739337,-1,0.514661830334400
-0.657757745598437,-0.165736977229180,0.601761184111637,-0.551544506207811,-1,1.455757748660159
-0.657358233251200,-3.160645240764194,-0.487383384743641,-0.550557465662415,1,0.617594196401280
-0.656491159750329,-2.046562728625788,0.705040136658039,-0.549893660404912,1,1.308711511421760
-0.655460549601825,0.337058662825775,-0.302247665039397,-0.552298093811384,-1,4.176113137570559
-0.655442988619528,0.337058662825775,0.415061070736283,-0.550665336372015,1,1.338120758869440
-0.655349695901080,0.337058662825775,-1.205653406192646,0.205972794341465,1,0.602889572677440
-0.655110427517296,-0.967490882495688,-0.342158139268345,-0.526321979047673,1,0.426434087991360
-0.654466158979306,-2.645380268835878,0.842748918265748,-0.466772071575797,-1,0.235273979581440
-0.653860305090090,-4.613539611727471,0.091521283348282,-0.549768078172688,1,0.524152785879311
-0.652145914193430,0.337058662825775,-1.205653406192646,-0.359962169128758,1,0.014704623723840
-0.651873718967840,0.337058662825775,-0.829416728290786,-0.539356906017324,1,0.544071077782080
-0.650613718488093,0.337058662825775,0.099311647791283,-0.486697440317878,-1,0.294092474476800
-0.647415424587410,0.337058662825775,-1.205653406192646,-0.547005269063754,1,0.720526562468160
-0.647242009887236,-1.261236162511155,1.113539141952311,-0.548583761412529,1,1.470462372383999
-0.645946887442897,0.337058662825775,0.590022964259557,-0.550324295351271,1,0.661708067572800
-0.644632008893474,0.337058662825775,-1.205653406192646,3.374972122105636,1,0.529366454058240
-0.643216154695848,-2.064357671918613,-0.254610034192544,-0.546914827246099,-1,0.485252582886720
-0.643104203433711,-7.448164669943208,0.111176283293553,-0.514298398861913,1,0.544071077782080
-0.642499447105888,0.337058662825775,-1.205653406192646,-0.497328310721964,1,0.691117315020480
-0.641665300446822,0.337058662825775,0.212472090327590,-0.543037511155010,-1,0.941095918325760
-0.641360178379426,0.337058662825775,-1.205653406192646,2.802051470323764,1,0.161750860962240
-0.639889446112126,-0.579075217005556,-0.142060600632159,-0.547794091292122,-1,0.794049681087360
-0.639673226517605,-0.143227822015199,-0.818350091580344,-0.550970483296377,1,0.794049681087360
-0.638451640686630,0.337058662825775,-1.205653406192646,-0.105307215780134,-1,0.235273979581440
-0.638312250389655,0.337058662825775,0.942856944919868,-0.552065017710466,1,1.249893016526399
-0.638225543039567,0.337058662825775,-1.109690232669153,-0.551670182650262,-1,5.396596906649278
-0.637384811012140,0.337058662825775,-1.205653406192646,-0.550737030354553,-1,1.573394738450879
-0.637136762137207,-1.907984205496401,-0.269240012042736,-0.551311241686441,1,0.602889572677440
-0.636065542217144,-0.429105355855084,0.510215184098556,-0.550055136733518,-1,1.279302263974079
-0.635341151697428,-0.254470351786079,0.811113401805532,-0.550360095237427,-1,2.455672161881279
-0.635242371172012,0.337058662825775,1.428005972779753,1.045473529970793,1,0.014704623723840
-0.633153711840167,-6.603500173571848,0.218474200052268,-0.551365129936127,-1,2.293921300919039
-0.633144931349019,-0.306519756444567,1.248145472811591,-0.546627768685268,1,0.632298820125120
-0.633040663016635,-0.217754202966706,0.957710783817272,-0.531006582571566,1,0.661708067572800
-0.631837735729350,0.337058662825775,-1.205653406192646,-0.205533707583640,-1,0.058818494895360
-0.631724686905819,-0.750074003005685,1.088179635792186,-0.548045349966797,-1,0.985209789497280
-0.628144441640196,-2.502264517850636,0.700615588901366,-0.550593548179251,-1,0.999914413221120
-0.626616636180433,0.068895624976305,-1.161513801732945,-0.539013415530685,-1,0.441138711715200
-0.624729928144992,0.337058662825775,1.428005972779753,-0.549409137208866,1,0.382320216819840
-0.624697001303187,0.337058662825775,1.400571143028997,-0.550647342218711,1,0.361518378431405
-0.623278951982775,0.337058662825775,0.328237221989701,-0.499437018226747,1,0.338206345648320
-0.622935415266606,0.337058662825775,-1.205653406192646,0.459118499857957,1,0.632298820125120
-0.622504073638958,0.337058662825775,-0.620396351678642,-0.549373243112484,1,0.588184948953600
-0.621894927065561,-1.915465804620420,-0.641297072510167,-0.505574249236511,1,0.323501721924480
-0.621104682862235,-0.104146522505007,-0.008536703777637,-0.549409137208866,1,1.044028284392640
-0.619935779978149,-1.618920958481129,0.838898508253691,-0.551634288553880,1,6.749422289242557
-0.619620779858212,0.337058662825775,-1.205653406192646,-0.248696122957633,-1,0.529366454058240
-0.618668096568647,0.337058662825775,0.272893503799975,-0.437650748392877,-1,0.073523118619200
-0.616825290988947,0.337058662825775,1.402435773869310,0.508531763775144,-1,0.044113871171520
-0.616497120132288,-0.143227822015199,1.110149622331574,-0.549965542807903,1,0.661708067572800
-0.615868217453808,0.337058662825775,-1.205653406192646,-0.481465946427847,1,0.955800542049600
-0.614521509623974,0.077551754715492,0.916997043477738,-0.551311241686441,-1,1.720440975689279
-0.614492973027742,0.337058662825775,1.195625037476123,-0.548081244063179,-1,0.588184948953600
-0.614085777750751,0.337058662825775,-1.205653406192646,0.137093813378388,-1,0.941095918325760
-0.613286753056277,0.337058662825775,-1.205653406192646,-0.411875772463223,1,0.132341613514560
-0.612449313713030,0.337058662825775,0.056309257451421,-0.417558533339267,1,0.499957206610560
-0.611575654843798,-1.322971422379662,-0.708184119757929,-0.551670371070716,1,0.882277423430400
-0.610554922747836,0.337058662825775,0.201992759658659,-0.549373243112484,-1,1.411643877488639
-0.610098337208136,0.337058662825775,0.787879258764237,-0.551006283182532,-1,1.632213233346239
-0.609839312719268,-3.110687465968334,-0.555366034293055,-0.515750649506876,1,0.749935809915840
-0.609086385603322,0.337058662825775,0.633728541653604,-0.548170932199021,1,0.529366454058240
-0.609031507533646,0.337058662825775,0.358263572569365,-0.536032603957110,-1,0.896982047154240
-0.604811383975608,0.337058662825775,-0.299448085119549,-0.549265560823337,1,2.367444419538239
-0.603460285900199,0.337058662825775,-0.527285957994451,-0.546035563200076,1,0.588184948953600
-0.602496626996699,0.337058662825775,1.161980038909751,-0.546735356764188,1,0.338206345648320
-0.601457236357047,-0.352487345040951,1.008147994583973,-0.547237874113538,1,1.279302263974079
-0.601209187482114,0.337058662825775,-1.205653406192646,0.189516151937167,1,0.926391294601919
-0.599961260177696,0.337058662825775,0.467494595312245,-0.551688176803567,1,2.132170439956799
-0.596005648915492,-0.405534296249309,-0.014235942673733,-0.549032296301966,1,1.176369897907200
-0.595343819395207,0.337058662825775,1.062219655293655,-0.550324483771725,1,0.529366454058240
-0.593722721216996,0.337058662825775,0.184334073522649,-0.547148091767469,-1,0.955800542049600
-0.593092720977122,-3.955174978274394,0.475406108086678,-0.552352076271297,-1,2.161579687404479
-0.592703086682427,-2.344523447287475,0.948508777947143,-0.550593548179251,1,0.434924081463896
-0.592557111017090,-3.404674087891026,-0.156303430553641,-0.551167759511139,1,1.573394738450879
-0.592552720771516,-1.450657380762897,0.728440200240209,-0.550952394932846,1,0.867572799706560
-0.592211379178135,-2.029041306161154,0.449788503307414,-0.546627674475041,1,1.102846779288000
-0.591206012941682,-2.874204575807447,0.257491863751744,-0.550091125040127,-1,0.941095918325760
-0.590477232176392,-0.129310438698478,1.337189496414648,-0.549879434660676,1,1.407833606412493
-0.590224793055886,-3.146229084172538,-0.161681363005503,-0.551778053359862,-1,2.338035172090559
-0.589618939166669,0.337058662825775,-0.470678083302819,-0.551113965471679,-1,1.102846779288000
-0.589613451359702,0.337058662825775,1.003223051545295,-0.549409137208866,1,0.676412691296640
-0.589491622045022,-1.477542869227917,0.826027814868653,-0.550360189447653,1,0.426434087991360
-0.589485036676661,0.337058662825775,-1.205653406192646,0.476537970779383,1,0.249978603305280
-0.587413938327111,-2.055508468653645,-0.353588220973085,-0.550970389086150,1,1.485166996107839
-0.587262474854807,-4.132239490876146,-0.163164113235865,-0.548745143530909,1,0.411729464267520
-0.586275767162043,-1.545746092210091,-0.776917362230350,-0.551616388610803,1,0.499957206610560
-0.586204425671465,-0.227488326558169,0.762941138104748,-0.546825233320483,1,1.191074521631039
-0.584573449440712,0.337058662825775,0.313765263702247,-0.547363456345762,-1,1.441053124936319
-0.584297961530942,-1.039008534337105,0.976520379101893,-0.550378183600958,1,1.176369897907200
-0.584124546830768,0.337058662825775,-1.205653406192646,0.381696535535470,1,0.617594196401280
-0.584036741919287,-0.225734575365657,-0.786661901932548,-0.549516819498012,1,1.191074521631039
-0.583159790365874,0.337058662825775,-0.016848532777674,-0.549678390036845,1,0.823458928535040
-0.582196131462374,0.001866932609299,1.168956602604649,-0.548745143530909,1,0.031827453513711
-0.581143570086000,0.337058662825775,0.003238387305748,-0.551024277335837,-1,1.235188392802560
-0.580668326002611,-0.723783824578493,0.911118715743872,-0.545515145907647,1,1.235188392802560
-0.580395033215627,0.337058662825775,-1.205653406192646,0.038712899916422,-1,0.588184948953600
-0.580333569777591,0.337058662825775,-0.538650198214717,-0.551185565243990,-1,0.397024840543680
-0.578050642079094,0.337058662825775,0.013633440874553,-0.549606507633854,1,1.014619036944960
-0.576761007441722,0.337058662825775,-1.080241180225359,-0.552459758560443,-1,0.588184948953600
-0.576498690268674,0.337058662825775,-1.205653406192646,0.164172658845913,1,0.308797098200640
-0.576447104883179,0.337058662825775,-1.205653406192646,-0.330076801007099,1,0.661708067572800
-0.575437348401151,-1.674123897394042,0.213786286357697,-0.550808912757544,-1,1.588099362174719
-0.575072958018507,-0.621374408612099,0.440383705665103,-0.551598300247271,1,0.838163552258880
-0.574579055391428,0.138418183717984,0.969978369204526,-0.550647342218711,1,0.749935809915840
-0.573639542838585,-0.015268342803773,0.169701462013078,-0.551867553075251,1,1.764554846860799
-0.573229054877413,-1.125618100110412,-0.350570047324783,-0.497888296309617,1,0.264683227029120
-0.571839542153232,0.337058662825775,0.895669669826820,-0.552585435002894,1,0.926391294601919
-0.571288566333691,0.337058662825775,0.330647020321460,-0.550808818547317,-1,1.352825382593279
-0.570572956305124,-2.927476779462551,-0.137749300228781,-0.551436918128892,1,1.573394738450879
-0.570560883129795,-5.147983220550045,0.449788503307414,-0.552944281756489,-1,1.073437531840320
-0.569968199977301,0.337058662825775,-1.205653406192646,2.007727364715807,-1,0.011936237181603
-0.567885028452422,0.337058662825775,-1.205653406192646,-0.553105758085096,1,1.205779145354879
-0.567722589366183,0.337058662825775,-0.035139297164637,-0.551903447171633,1,1.499871619831679
-0.566740271918993,0.337058662825775,0.675532616976033,-0.549139978591113,-1,0.999914413221120
-0.566520759640292,-0.277043864841985,-0.340309310384306,-0.547417344595449,1,0.558775701505920
-0.565313442107433,0.337058662825775,0.789543731491748,-0.472984576556715,1,0.161750860962240
-0.565097222512912,0.337058662825775,-0.200704294023737,-0.389605416967734,-1,0.720526562468160
-0.564848076076585,0.337058662825775,0.785651182929627,-0.551778053359862,1,1.220483769078719
-0.564549539377551,-0.217754202966706,0.789543731491748,-0.550557465662415,1,0.808754304811200
-0.563680270753893,0.337058662825775,-0.428507929326713,-0.552244393982150,1,1.117551403011840
-0.563308197441494,0.337058662825775,-0.253727758300588,-0.551113965471679,-1,0.955800542049600
-0.562817587498595,-0.159349461417922,0.509288135997158,-0.549373337322710,-1,0.955800542049600
-0.561216245425467,0.337058662825775,-1.205653406192646,3.365080048299526,1,0.852868175982720
-0.560972586796109,0.337058662825775,0.111176283293553,-0.551257447646981,1,5.823030994640638
-0.559600635054223,0.337058662825775,0.662669824569132,-0.551293435953590,-1,0.749935809915840
-0.558809293289504,0.337058662825775,-1.205653406192646,3.040177239393513,-1,0.064391491661185
-0.558703927395727,-0.217754202966706,0.437362898357422,-0.551706076746645,-1,2.690946141462719
-0.558618317607034,0.337058662825775,-1.205653406192646,0.085455303905959,-1,0.676412691296640
-0.558006975910850,0.337058662825775,-1.205653406192646,3.326953169543977,-1,0.073523118619200
-0.556296975259764,-1.308458729025115,1.088179635792186,-0.550324295351271,1,0.852868175982720
-0.556204780102709,-0.942230429539328,-0.353588220973085,-0.550216613062125,-1,0.485252582886720
-0.555624170125544,0.337058662825775,-1.065191660436098,-0.412279934335873,-1,0.588184948953600
-0.555085267481331,0.337058662825775,-1.205653406192646,3.609159903698285,-1,0.415208589094154
-0.554995267447064,-1.450657380762897,1.018722136990547,-0.548781131837518,1,0.970505165773440
-0.553752827949612,0.337058662825775,0.994226471106725,-0.549768078172688,1,0.985209789497280
-0.552679412906761,0.337058662825775,-1.205653406192646,0.536352043726994,-1,0.584805245987422
-0.552429168909042,-4.410651515052495,0.393354450134793,-0.548081244063179,-1,0.985209789497280
-0.552397339628630,0.337058662825775,-1.205653406192646,0.534025051126890,1,1.191074521631039
-0.552354534734283,0.337058662825775,-0.462545343140552,-0.549893660404912,-1,1.308711511421760
-0.551023192763958,0.231206102316285,-0.003983106711394,-0.551598300247271,-1,6.117123469117438
-0.549999167983815,0.279603199445415,0.539543614942793,-0.551078071375297,-1,3.720269802131518
-0.548735874819887,0.337058662825775,0.853388902156797,-0.549265655033564,1,0.867572799706560
-0.548239777070021,-0.281774166223622,1.048919675429844,-0.546537986339199,1,0.204438318094464
-0.547996118440663,-3.769985288129353,0.682630329002363,-0.552585435002894,1,1.970419578994559
-0.547629532935231,0.337058662825775,-1.205653406192646,0.094864079248971,1,0.705821938744320
-0.547079654677083,-1.082594882782189,0.501347652969556,-0.551598488667725,1,2.117465816232959
-0.546785508223623,0.337058662825775,-0.463440787329403,-0.552603334945972,1,2.558604527948159
-0.546733922838128,-2.297944459192784,0.334023371645303,-0.550216707272351,1,0.523881365771000
-0.546410142227043,0.337058662825775,-0.229382211001367,-0.552316276385142,1,2.073351945061439
-0.546040264037431,0.337058662825775,-1.205653406192646,-0.369046861291836,-1,0.220569355857600
-0.544565141524556,0.113592146194630,0.073551825405554,-0.547004515381941,1,1.411643877488639
-0.544371970719299,-0.301419397471850,0.043646623157322,-0.547094297728009,-1,1.014619036944960
-0.544151360879204,0.337058662825775,-1.205653406192646,-0.551688082593340,1,0.911686670878080
-0.543605872866630,-0.735577399111622,1.051769294877893,-0.549409137208866,1,1.132256026735679
-0.543386360587929,0.337058662825775,0.452577548589745,-0.552477752713748,-1,0.544071077782080
-0.541996847863748,-4.108443178823625,-0.327767824421639,-0.552405964520984,1,0.304698399199960
-0.541830018531934,0.337058662825775,-1.205653406192646,0.105247930438584,-1,2.205693558575999
-0.541781725830620,0.337058662825775,-0.496590657932528,-0.547794091292122,-1,0.794049681087360
-0.541369042746661,-0.383363019705446,0.257491863751744,-0.551311241686441,1,0.985209789497280
-0.537906236550143,0.337058662825775,0.397757928616435,0.173193288054818,-1,0.110693420746896
-0.537559407149794,-2.532400077332968,0.224976705058951,-0.551813853246018,1,1.470462372383999
-0.537268553380515,0.337058662825775,0.581471472256034,-0.551706076746645,1,0.617594196401280
-0.536773553192043,0.337058662825775,0.204286676977744,-0.549893660404912,-1,1.735145599413119
-0.536029406567244,-0.286568825447186,0.901274096985273,-0.550324389561498,1,1.426348501212479
-0.535858186989857,-0.629451317773942,0.915906708494844,-0.552423864464061,-1,1.764554846860799
-0.535728674745423,-0.483825610953545,0.573847028353909,-0.548278614488168,-1,3.073266358282559
-0.535585991764267,-4.344861711142585,0.111176283293553,-0.551365129936127,1,1.029323660668799
-0.534867089051519,-1.541643279787243,0.808321722863821,-0.548476079123383,1,0.617594196401280
-0.534756235350775,0.337058662825775,-0.457625667420632,2.070301797306458,-1,0.312945711083944
-0.534110869251392,0.337058662825775,-1.205653406192646,-0.441334368257819,1,0.588184948953600
-0.533779405710553,0.337058662825775,-0.169458559151609,-0.537489753533864,1,0.455843335439040
-0.531145258366133,0.337058662825775,0.506225190139413,-0.547327656459607,-1,1.073437531840320
-0.530645867932087,-0.398744543926006,0.637908159088033,-0.551347135782823,-1,0.588184948953600
-0.529165257612245,0.337058662825775,0.858566676495857,-0.554038910380806,-1,0.808754304811200
-0.528880989211326,-0.410538118459135,-0.513759483424049,-0.549409137208866,1,1.413343789781865
-0.528865623351817,0.337058662825775,0.111176283293553,-0.548888719916438,1,0.823458928535040
-0.528365135356377,0.337058662825775,-1.205653406192646,0.549777001035286,-1,0.676412691296640
-0.528146720639069,-1.315377197032272,1.089393752765893,-0.549678390036845,1,1.705736351965439
-0.526088793026242,0.288886818143389,0.009880476259517,-0.548619561298685,1,0.705821938744320
-0.525516963540224,0.337058662825775,1.021179341191128,-0.551401118242736,-1,0.911686670878080
-0.525329280541934,-3.375890043089160,0.728803645234507,-0.550898600893386,1,1.543985491003199
-0.523545743277483,0.337058662825775,0.679807046148105,-0.550324389561498,1,0.838163552258880
-0.523530377417974,0.337058662825775,-1.205653406192646,3.391581385077228,-1,0.088227742343040
-0.523463426172970,0.337058662825775,-1.205653406192646,0.609770073413675,-1,2.382149043262079
-0.523223060227792,0.228342178350532,0.942856944919868,-0.551975235364398,1,0.882277423430400
-0.523218669982218,-1.816644338341459,-0.046843279444791,-0.548619655508912,1,2.367444419538239
-0.523096840667539,0.337058662825775,-0.860027751252582,-0.488275555825746,-1,0.411729464267520
-0.522601840479067,0.337058662825775,0.453552002559965,-0.551975235364398,1,1.220483769078719
-0.522548059970784,-1.082594882782189,0.915906708494844,-0.552800705370961,-1,0.823458928535040
-0.522438303831434,-3.778850580854802,-0.424238767473398,0.390853769573126,-1,0.014704623723840
-0.522298913534458,-0.429105355855084,0.159949021332743,-0.548852825820056,-1,1.044028284392640
-0.522262694008472,-0.751119817937001,0.769591128036653,-0.550270595522038,1,0.911686670878080
-0.522125498834284,0.337058662825775,0.807847664175606,-0.552711111445345,1,0.852868175982720
-0.521778669433935,-2.574361390269395,0.667584232970294,-0.549714189923001,1,2.117465816232959
-0.521616230347696,0.337058662825775,-1.205653406192646,0.701446045039633,1,0.529366454058240
-0.520647083637229,0.337058662825775,-1.205653406192646,2.015782339100782,-1,0.011543821929821
-0.520504400656073,0.337058662825775,-1.205653406192646,0.050148137236285,1,0.941095918325760
-0.520164156624085,0.337058662825775,-1.085941735951145,-0.541003512360021,-1,0.558775701505920
-0.519846961381361,0.337058662825775,-0.128247057189449,-0.466845555552643,-1,0.338206345648320
-0.519825010153491,-1.402340730936176,0.321869033611345,-0.550611448122329,-1,1.499871619831679
-0.519698790593238,0.337058662825775,0.721413597017111,-0.551472812225274,1,0.661708067572800
-0.518338912026681,0.337058662825775,-0.172845445112967,-0.551616388610803,1,3.323244961587839
-0.518151229028391,-0.812195409925755,1.224495211588419,-0.553321122663389,-1,0.779345057363520
-0.517926228942722,0.337058662825775,-1.205653406192646,2.092299885246711,1,0.088227742343040
-0.517120618879887,-1.793990377983142,-0.276127031318749,-0.551113965471679,-1,4.205522385018238
-0.516062569696545,0.147766160257885,0.024186514006095,-0.550414077697340,1,3.823202168198399
-0.516048301398430,-0.306519756444567,-0.337256899164077,-0.550467965947027,1,0.911686670878080
-0.515352447474946,-0.244494886287387,0.832298557849986,-0.549660772724448,1,0.735231186192000
-0.515289886475516,-3.603218030235925,0.596325311153438,-0.551185753664443,1,0.896982047154240
-0.513444885773029,0.337058662825775,-0.619253343508168,-0.551562500361116,-1,5.837735618364477
-0.513096958811287,0.337058662825775,-1.205653406192646,3.196839425414277,-1,0.002133724587579
-0.512243056047137,-1.974304961602211,-0.487383384743641,-0.551311335896667,1,1.573394738450879
-0.511174031249860,-0.370571898622448,1.120744834013180,-0.552298376442064,-1,1.529280867279359
-0.511102689759282,-0.967490882495688,1.124539937178279,-0.549893660404912,1,1.014619036944960
-0.510377201678174,0.337058662825775,-0.876445983821096,0.982428046246519,1,0.014704623723840
-0.510028177155038,-0.208341868584876,0.342840863246102,-0.549409137208866,-1,3.720269802131518
-0.509851469770683,0.337058662825775,-1.205653406192646,0.208670033132598,1,0.147046237238400
-0.509837201472568,0.337058662825775,-0.245142028725138,-0.551706265167098,-1,2.367444419538239
-0.509704396543953,-1.431012149514671,0.795927721826377,-0.551616388610803,-1,0.911686670878080
-0.507358907846026,0.337058662825775,-1.205653406192646,-0.470134528777834,1,0.308797098200640
-0.506497322152123,0.337058662825775,-1.205653406192646,3.224848125819577,-1,0.706925629932868
-0.506385370889985,-0.143227822015199,-0.136922331183784,-0.546735356764188,-1,1.367530006317119
-0.505935370718646,-7.448164669943208,0.111176283293553,-0.548924614012820,1,0.242943456429243
-0.503840126018440,0.337058662825775,-1.205653406192646,-0.552782805427883,1,3.734974425855358
-0.501336588479848,0.275419939720157,-0.152189654603686,-0.550952394932846,-1,0.823458928535040
-0.501159881095493,-6.199284657888629,0.055139912687158,-0.550862706797004,-1,0.955800542049600
-0.500593539416443,0.337058662825775,0.361766339543398,-0.551472812225274,1,0.823458928535040
-0.498717806994937,0.273714456909092,1.124121185337023,-0.550055230943745,-1,1.279302263974079
-0.498690367960100,0.337058662825775,-1.205653406192646,-0.550665336372015,1,0.985209789497280
-0.497393050392973,-2.955665514226591,0.392809282643346,-0.551688176803567,-1,2.661536894015039
-0.496941952660241,0.337058662825775,-1.205653406192646,-0.484710075585117,1,0.735231186192000
-0.495276952026290,0.337058662825775,-0.256627417276837,-0.550611448122329,1,0.794049681087360
-0.494396707788696,0.337058662825775,-1.205653406192646,-0.477129826532608,1,0.161750860962240
-0.493707439233573,0.337058662825775,-0.832745673745807,-0.550665336372015,1,2.911515497320319
-0.493209146360920,-4.050971625982785,0.319095790285287,-0.549373243112484,-1,1.367530006317119
-0.492506707069075,0.337058662825775,0.173883713106886,-0.542766279912269,1,1.676327104517759
-0.492488048525386,-0.059401732905238,0.911603309069603,-0.547758197195739,1,1.279302263974079
-0.492326707000540,0.337058662825775,-0.904663010407406,-0.548583667202303,-1,1.352825382593279
-0.491748292146161,0.337058662825775,-1.205653406192646,6.328443887884551,-1,0.058818494895360
-0.491276340746953,-1.519423734861933,-0.591133762318879,-0.549516819498012,1,0.558775701505920
-0.490540974613302,0.337058662825775,-1.205653406192646,-0.041277235186585,-1,0.882277423430400
-0.488208656652098,0.337058662825775,0.826027814868653,-0.549265560823337,1,1.825414459331454
-0.488034144390530,0.337058662825775,-1.205653406192646,0.209115647505006,1,0.249978603305280
-0.487952924847410,0.337058662825775,-0.032850647164310,-0.551365129936127,1,1.896896460375359
-0.486875119558985,0.337058662825775,-1.205653406192646,0.228318518018334,1,0.294092474476800
-0.485008167628628,0.337058662825775,-1.205653406192646,2.082681021098103,-1,0.074767561834970
-0.485007070067235,0.337058662825775,-0.367670397672450,-0.553500593145300,1,1.132256026735679
-0.484810606577797,0.337058662825775,-1.205653406192646,-0.321928558497666,-1,0.544071077782080
-0.483271825504098,0.258574274595756,1.387797895040981,-0.550952394932846,-1,3.073266358282559
-0.482962313191129,0.089522313313920,0.795927721826377,-0.549032296301966,1,1.396939253764799
-0.482476093493805,0.337058662825775,-1.205653406192646,-0.295024001949582,-1,0.852868175982720
-0.482461825195689,0.337058662825775,0.433665240589345,-0.466915271120419,1,0.088227742343040
-0.480961458770764,0.337058662825775,-1.205653406192646,0.104497074931587,-1,0.955800542049600
-0.480196458479489,0.337058662825775,-0.833712226737890,2.650297637115365,-1,0.123292617858101
-0.479668531449211,-0.556807403698803,0.353043659680241,-0.549265560823337,1,1.044028284392640
-0.478487555389797,0.337058662825775,0.126667467760669,-0.550324389561498,1,1.588099362174719
-0.476864262088798,0.337058662825775,-1.205653406192646,-0.483706830880724,-1,0.294092474476800
-0.476615115652472,0.337058662825775,-1.205653406192646,-0.237394664159720,-1,0.235273979581440
-0.476498774144760,0.337058662825775,-1.205653406192646,-0.423516388077347,1,1.294006887697919
-0.476325359444586,0.337058662825775,-1.205653406192646,-0.431867182574238,1,0.455843335439040
-0.476158530112773,0.337058662825775,-0.937823415648048,-0.553141652181478,1,0.382320216819840
-0.475622920152741,0.337058662825775,0.180483663510591,-0.548888719916438,1,0.367615593096000
-0.475482432294372,0.275645192166903,0.365300710429979,-0.549552713594395,1,1.396939253764799
-0.475256334647309,-3.603218030235925,0.723386207891961,-0.552585529213121,-1,4.558433354390398
-0.474552797794070,0.337058662825775,-0.415555592500926,-0.548206920505630,1,0.558775701505920
-0.474385968462257,-2.884244399148063,0.028874427700666,-0.551239453493676,1,1.411643877488639
-0.473976578062479,-0.034945752972964,1.286072801528172,-0.550647342218711,-1,1.529280867279359
-0.472403772585581,-0.046031391244896,0.003238387305748,-0.548314602794777,1,0.838163552258880
-0.471510357611266,-1.473649219791330,-0.778573933979724,-0.550109024983205,1,0.573480325229760
-0.471433528313720,0.337058662825775,-1.205653406192646,3.346407581362660,-1,0.307919982518405
-0.470973650089840,0.337058662825775,0.688213686885785,-0.551293435953590,-1,1.411643877488639
-0.470785967091551,0.027642248301076,-0.558789791485719,-0.551670182650262,-1,5.102504432172478
-0.470579625549571,0.337058662825775,-1.205653406192646,0.182165870048094,1,0.720526562468160
-0.469676332522714,0.337058662825775,-0.883164448896855,-0.547312394402877,1,0.382320216819840
-0.469239503088098,0.270979248627193,0.374542221190793,-0.548960508109202,1,1.838077965479999
-0.469109990843664,0.337058662825775,-0.926796283828291,-0.357311093348721,-1,0.602889572677440
-0.467988283099498,0.337058662825775,0.489274958376347,-0.552639417462808,1,2.249807429747519
-0.466830355829347,0.337058662825775,-1.205653406192646,-0.451770977174399,-1,0.147046237238400
-0.466673404550076,0.337058662825775,-1.156881984983146,-0.552154800056535,1,0.882277423430400
-0.466238770238247,-0.211801102588453,0.111176283293553,-0.550808912757544,1,1.985124202718399
-0.466199258028080,0.337058662825775,-1.205653406192646,-0.550665430582242,1,1.294006887697919
-0.464836086777343,-3.953469495463327,-0.050540937212868,-0.551993323727929,1,2.314120119213727
-0.464354257325593,0.194666937562211,0.525037419083413,-0.552118905960153,1,0.852868175982720
-0.464134745046892,0.337058662825775,-1.060474513122420,5.037839149935393,-1,0.210418668078236
-0.464011818170819,0.337058662825775,-1.205653406192646,0.203219971516565,1,0.294092474476800
-0.463869135189663,0.110438611940205,0.726836301678415,-0.549839866365452,1,2.205693558575999
-0.463781330278182,0.337058662825775,0.348205627401069,-0.548909069325410,1,2.235102806023679
-0.462704622551151,0.337058662825775,-1.205653406192646,0.604296459240961,-1,0.397024840543680
-0.462333646800145,-0.281774166223622,-0.329516574249277,-0.551598488667725,1,1.970419578994559
-0.461891329558561,-1.082594882782189,0.901274096985273,-0.548547773105921,1,1.073437531840320
-0.461597183105101,0.337058662825775,-1.205653406192646,-0.547228264670412,1,0.926391294601919
-0.457213522899430,0.337058662825775,-1.205653406192646,0.615724159742686,-1,0.176455484686080
-0.456599986080459,0.337058662825775,-0.659045303065062,-0.547574393043399,1,1.132256026735679
-0.455324619741202,0.111500516332002,-0.833843909706839,-0.550467965947027,1,1.029323660668799
-0.452064862402483,0.337058662825775,0.500660267871644,-0.548619655508912,1,1.029323660668799
-0.449884007913583,0.337058662825775,-1.205653406192646,-0.550378277811184,1,0.544071077782080
-0.449532788267660,0.337058662825775,-0.699443004279119,-0.162992137603764,-1,0.328436691768601
-0.449219983270510,0.337058662825775,-1.205653406192646,-0.020257991502003,-1,0.499957206610560
-0.448677787942117,0.337058662825775,-0.510883527382211,-0.455179503177304,-1,0.249978603305280
-0.448281568279061,-1.558086708399599,-0.218031139077997,-0.546591874588886,1,0.735231186192000
-0.448087299912410,0.337058662825775,0.444168274192687,-0.552100911806849,1,1.382234630040959
-0.446527665172235,0.337058662825775,-1.205653406192646,-0.551921441324938,1,3.720269802131518
-0.446432177331000,-2.880833433525931,0.090918175350498,-0.551221647760825,1,1.102846779288000
-0.445695713635956,-1.710695241069078,0.095685098826438,-0.552818699524265,1,1.455757748660159
-0.445667177039725,0.337058662825775,0.470312610847746,-0.548655455395067,1,0.720526562468160
-0.444868152345251,-0.906978421623796,0.795927721826377,-0.552406058731210,1,0.475485545568832
-0.440982785012232,0.337058662825775,-0.464936705856659,-0.551598488667725,1,0.735231186192000
-0.440713882470823,0.337058662825775,-0.309087278446588,-0.549104084494731,1,0.926391294601919
-0.440060833441686,0.337058662825775,0.270354656158645,-0.551741970843027,1,1.294006887697919
-0.439000589135557,-0.150500258152954,0.607686917714325,-0.550593548179251,1,1.691031728241599
-0.436538758929918,0.337058662825775,-0.479126862590562,-0.549714189923001,1,0.779345057363520
-0.434948392470725,0.337058662825775,-1.205653406192646,-0.415374740283785,1,0.102932366066880
-0.434828758278833,0.337058662825775,-0.392316182140874,-0.425857512211459,1,0.132341613514560
-0.434695953350218,0.337058662825775,-1.205653406192646,0.700230733114883,1,0.264683227029120
-0.434592782579228,0.337058662825775,0.506225190139413,-0.547417250385222,1,0.720526562468160
-0.433257050363329,0.337058662825775,-0.992113406720247,-0.457986025831437,1,0.249978603305280
-0.431214488610011,0.242420456272070,0.433665240589345,-0.551760153416785,1,1.426348501212479
-0.430524122493494,0.337058662825775,-1.205653406192646,0.605474087075022,-1,0.073523118619200
-0.429582414817864,0.337058662825775,0.316017042471269,-0.550665336372015,1,1.176369897907200
-0.429576927010897,-1.528385564350273,-0.162129085099928,-0.548314508584550,-1,1.632213233346239
-0.428152292322123,0.337058662825775,-1.205653406192646,0.593330388850188,-1,0.896982047154240
-0.425878145114774,0.337058662825775,-1.205653406192646,0.636949723823796,-1,0.235273979581440
-0.424679608073064,0.337058662825775,-1.205653406192646,-0.482509889950185,1,0.147046237238400
-0.424007900500237,0.337058662825775,0.494255208261984,-0.550611448122329,1,4.602547225561918
-0.423725827222105,0.337058662825775,-0.944155259526973,-0.550970294875924,1,6.058304974222077
-0.422755582950244,0.337058662825775,-1.205653406192646,0.011998648026321,-1,0.558775701505920
-0.421848997239206,0.337058662825775,0.229690955347311,-0.553644169530828,1,0.455843335439040
-0.421143265263181,0.337058662825775,-1.205653406192646,-0.392371429224376,1,0.529366454058240
-0.420776679757749,0.337058662825775,-1.205653406192646,5.430168218108386,-1,0.044113871171520
-0.420708630951351,0.337058662825775,0.449788503307414,-0.550414077697340,1,0.941095918325760
-0.419382776787994,0.337058662825775,-1.205653406192646,-0.504946055444709,-1,0.426434087991360
-0.419318020665777,0.337058662825775,-0.454857691413331,1.334453979426618,-1,0.078750333019472
-0.418829605845666,0.337058662825775,-0.851010101538981,-0.550647342218711,-1,0.749935809915840
-0.417286434526393,0.337058662825775,-0.019284667703223,-0.545389469465196,-1,1.249893016526399
-0.417260093052949,-2.588294863046599,-0.620396351678642,-0.473772268262361,1,0.132341613514560
-0.416268995114611,0.337058662825775,-1.205653406192646,0.500702893934309,1,0.823458928535040
-0.412633871779313,0.337058662825775,-1.205653406192646,0.426710181864606,1,0.588184948953600
-0.412064237416082,0.054077231872605,0.027568132648696,-0.549642307520010,-1,5.514233896439998
-0.408916431339501,0.337058662825775,-1.108708931184548,-0.450518923261225,1,0.044113871171520
-0.408536675097347,0.337058662825775,0.124752797392156,-0.405259388240337,-1,0.558775701505920
-0.408263382310363,0.337058662825775,1.428005972779753,0.339470569815121,1,0.014704623723840
-0.408113016399453,0.337058662825775,0.468282059466558,-0.549140072801340,-1,0.867572799706560
-0.404379112538738,-2.603322419136561,0.550120391008746,-0.547919767734573,1,1.220483769078719
-0.404357161310868,0.337058662825775,-1.205653406192646,0.553253358401434,-1,0.400655984322545
-0.403123502304565,0.337058662825775,0.446838804802965,-0.466634524644779,1,0.132341613514560
-0.402416672767146,0.337058662825775,-0.408623801015471,-0.549552713594395,1,0.852868175982720
-0.402367282504438,-6.793500612400934,0.093301637088468,-0.552064923500240,1,1.044028284392640
-0.401863501824818,0.085660842798298,0.449788503307414,-0.547094297728009,-1,2.220398182299839
-0.400244598769393,0.337058662825775,-0.936301160527002,-0.522580702523975,1,0.764640433639680
-0.397826671019495,0.337058662825775,-0.241215242591091,-0.497307490261858,1,0.308797098200640
-0.395271548095408,0.112707225868134,0.001439597949910,-0.550539848350018,1,1.558690114727039
-0.394271669665923,-3.359173093648613,0.166298774095446,-0.550701136258171,1,2.617423022843519
-0.393938011002296,0.337058662825775,-0.016258593076784,-0.551921441324938,1,0.401085787207522
-0.392620937330086,0.337058662825775,1.382599051426890,-0.548440185027001,-1,0.455843335439040
-0.391202888009674,0.337058662825775,0.370697078497493,-0.551867647285478,1,1.735145599413119
-0.387838862338572,0.337058662825775,1.277987467234727,-0.494220221132084,-1,0.161750860962240
-0.387407520710923,0.337058662825775,0.382904089719031,-0.548404290930618,1,0.118589934792255
-0.386831300979331,0.299200162312196,0.501076386053522,-0.551401118242736,-1,7.984610682045116
-0.386789593646378,0.337058662825775,-0.901768618749916,-0.549301454919719,1,1.161665274183360
-0.386657886279157,0.337058662825775,-1.205653406192646,-0.450241003092387,1,1.338120758869440
-0.385537276096385,0.337058662825775,1.350544783125417,-0.550216613062125,-1,0.999914413221120
-0.382256665091190,0.337058662825775,0.581471472256034,-0.551113965471679,-1,0.588184948953600
-0.377511907187054,-0.109874370436513,0.606757235953548,-0.549965354387449,1,2.235102806023679
-0.376246418900340,0.337058662825775,0.338216157376627,-0.437688432483567,-1,0.014704623723840
-0.375550564976855,-4.050971625982785,0.667631638839116,-0.551634288553880,1,1.073437531840320
-0.372584954091597,-0.277043864841985,0.330647020321460,-0.549875666251607,1,1.220483769078719
-0.370223001972767,0.337058662825775,-0.415555592500926,-0.549104272915184,1,0.749935809915840
-0.368632635513574,0.337058662825775,-0.695913900711296,-0.473840193835830,1,0.249978603305280
-0.367842391310248,0.337058662825775,-0.512584871341027,-0.551508612111429,1,0.955800542049600
-0.367639342452449,-7.520583331571602,0.088073823221207,-0.548440561867908,1,0.490381231109033
-0.366986293423312,0.337058662825775,1.055677645396288,-0.440144493094284,-1,0.367615593096000
-0.366776659197152,0.337058662825775,-1.205653406192646,2.208856777750704,1,0.029409247447680
-0.366412268814507,0.337058662825775,-0.227435936720307,-0.550916500836464,1,0.431244795639699
-0.365333365964689,0.337058662825775,-0.319743064293911,-0.551616388610803,1,1.441053124936319
-0.365073243914427,0.337058662825775,-1.205653406192646,2.872954086956892,1,0.573480325229760
-0.363834097101157,0.337058662825775,-1.205653406192646,-0.441356036609966,1,0.617594196401280
-0.363523487226794,-1.480744671863786,-0.086348170129377,-0.547004515381941,1,1.102846779288000
-0.363213974913825,0.337058662825775,-1.205653406192646,0.185780716447526,1,1.146960650459520
-0.352284458557271,-2.618140812240259,0.786694112043700,-0.551939341268015,1,1.946038176721216
-0.349330920847341,0.337058662825775,-1.205653406192646,-0.022522805352468,-1,0.279387850752960
-0.348761286484110,0.337058662825775,-1.205653406192646,-0.337648476928976,1,0.044113871171520
-0.348085188665710,0.337058662825775,-0.765676904000896,-0.355201726372351,-1,0.838163552258880
-0.343338235638787,0.337058662825775,-1.205653406192646,-0.359981953276371,-1,0.088227742343040
-0.341222137272104,0.337058662825775,1.308292985708562,0.971047450858156,-1,0.044113871171520
-0.337424574850566,0.337058662825775,-1.205653406192646,-0.455097540280053,1,0.161750860962240
-0.337337867500479,0.337058662825775,-1.205653406192646,0.060692145811331,-1,0.559883786790698
-0.335457744833399,0.337058662825775,-1.205653406192646,0.708521233066670,-1,0.352910969372160
-0.335102134941903,0.337058662825775,-0.502750787219945,-0.554146592669952,-1,0.661708067572800
-0.332800548699716,0.337058662825775,0.426472716825371,-0.552154800056535,-1,4.073180771503678
-0.330890791875012,0.337058662825775,-1.007969616377288,-0.391525421388387,-1,0.602889572677440
-0.330459450247363,0.337058662825775,-0.334639041741378,-0.078437517015938,-1,0.352910969372160
-0.329562742588867,0.053787621583934,-0.362882404921478,-0.550701136258171,-1,1.661622480793919
-0.327210668522580,0.337058662825775,-1.205653406192646,6.256806431482969,-1,0.014704623723840
-0.326309570618509,0.337058662825775,-1.205653406192646,-0.381302669686473,1,0.014704623723840
-0.325711399659048,-4.024037869136320,0.550120391008746,-0.551741970843027,1,1.441053124936319
-0.325111033576799,-1.821278102960205,-0.453180050388926,-0.550360283657880,1,0.959428038070654
-0.322355056917700,0.337058662825775,-0.444926161895227,-0.551562594571343,1,2.088056568785279
-0.320116031674943,0.337058662825775,-1.205653406192646,-0.552316087964688,-1,0.911686670878080
-0.316685054758837,-3.095354210129218,0.091668768273505,-0.548009455870415,1,0.583248704967840
-0.316236152148892,0.031905955328742,-0.829416728290786,-0.549301643340173,1,0.728874735468575
-0.315751030012962,0.337058662825775,-0.531926465820201,-0.551060265642446,1,0.926391294601919
-0.312358467745628,0.337058662825775,-0.555826924684375,-0.098392185138530,-1,0.378766223081703
-0.311276272211629,-1.853843170975285,0.729280337582101,-0.550916595046690,-1,1.470462372383999
-0.309161271406339,-0.059401732905238,0.089588177364117,-0.547955756041182,1,2.117465816232959
-0.308252490572515,0.337058662825775,-1.205653406192646,-0.342071647073708,-1,0.176455484686080
-0.306427245975111,0.337058662825775,-1.205653406192646,0.721079456289094,-1,0.720526562468160
-0.304234318310882,0.337058662825775,-1.205653406192646,-0.387580839195417,1,0.338206345648320
-0.301852610086969,0.337058662825775,-1.205653406192646,0.669885619086806,1,0.955800542049600
-0.300750658447887,0.337058662825775,-1.205653406192646,0.655791769168768,1,0.985209789497280
-0.298658706431861,0.220249179728207,0.057059850374428,-0.549481019611857,-1,1.735145599413119
-0.294127972999459,0.337058662825775,-1.205653406192646,0.574309344074439,-1,0.174713602596106
-0.293431021514582,0.149970416343887,0.031850462798905,-0.515842504477933,-1,0.176455484686080
-0.293007362816688,0.337058662825775,-0.673601538452642,-0.549839866365452,1,0.090769342938066
-0.291426874410036,0.337058662825775,-0.394323030587651,-0.506622997480412,-1,0.161750860962240
-0.290230532491112,0.337058662825775,-1.205653406192646,2.756651562065057,-1,0.022264431795315
-0.288733458750367,0.337058662825775,0.808321722863821,-0.516666561331095,-1,0.441138711715200
-0.282022968390459,0.337058662825775,-1.205653406192646,-0.465850695558428,1,0.749935809915840
-0.277880771691359,0.337058662825775,-1.205653406192646,-0.550898600893386,-1,2.808583131253439
-0.277825893621684,0.337058662825775,-1.205653406192646,-0.071475381260971,-1,0.352910969372160
-0.277324308064851,0.337058662825775,-1.205653406192646,0.352525280932385,1,0.838163552258880
-0.276485771160211,0.337058662825775,-1.205653406192646,-0.059387267069905,1,0.102932366066880
-0.275100648681603,0.337058662825775,-1.205653406192646,0.181824829027350,1,0.632298820125120
-0.273443330977406,0.337058662825775,-1.205653406192646,2.772799194925697,-1,0.103400174187493
-0.272561989178419,0.337058662825775,-1.205653406192646,-0.389415112309750,1,0.617594196401280
-0.268684304775155,0.337058662825775,-1.205653406192646,0.171010437101603,1,0.691117315020480
-0.265353205945858,0.337058662825775,-1.205653406192646,-0.386202543578433,1,0.205864732133760
-0.265185279052652,0.337058662825775,-0.415555592500926,-0.548045349966797,-1,0.397024840543680
-0.263488449138288,0.337058662825775,-0.678921530398166,-0.468205009124282,1,0.073523118619200
-0.260469057744747,0.337058662825775,-1.205653406192646,2.830879799701571,-1,0.340446045120221
-0.257379422422022,0.337058662825775,-1.205653406192646,0.709190125676417,-1,0.588184948953600
-0.255976738961119,0.337058662825775,-1.205653406192646,1.782442449548657,1,0.014704623723840
-0.248575882484694,0.337058662825775,-1.205653406192646,0.679626956530156,1,0.220569355857600
-0.247658321159721,-1.808197371588536,0.830839510554035,-0.551939435478242,-1,2.499786033052799
-0.246362101153988,0.337058662825775,-1.205653406192646,4.078373937901435,-1,0.174795868079348
-0.242878441290994,0.337058662825775,-1.205653406192646,1.982083341001301,-1,0.048297953895453
-0.241382465111642,-3.804416733560317,0.633728541653604,-0.548206826295403,1,1.294006887697919
-0.238731854346320,0.337058662825775,-1.205653406192646,-0.552280288078533,-1,1.338120758869440
-0.237814293021347,0.337058662825775,-0.839867088706549,-0.547327562249380,-1,0.617594196401280
-0.237052585414253,0.337058662825775,0.496506987031005,0.295217200015654,-1,1.132256026735679
-0.230331119440409,0.337058662825775,-1.205653406192646,-0.312774150766812,1,0.132341613514560
-0.228798923735072,0.337058662825775,-1.205653406192646,0.708785021701500,-1,1.499871619831679
-0.228093191759046,0.337058662825775,-0.286716975681597,-0.525415865087033,-1,0.191160108409920
-0.218266724602969,0.337058662825775,-1.205653406192646,0.652645147596158,1,0.205864732133760
-0.214109162044360,0.337058662825775,-1.205653406192646,-0.280215096410702,-1,0.161750860962240
-0.198104521804225,0.337058662825775,-1.205653406192646,0.667944888416274,-1,1.294006887697919
-0.192517934311269,0.337058662825775,-0.434078118913239,1.377168896223668,-1,0.191160108409920
-0.190949519079946,0.337058662825775,-0.381204773220989,-0.545952469780104,-1,2.529195280500479
-0.188740127994815,0.337058662825775,-1.205653406192646,0.657327395864383,-1,0.588184948953600
-0.186776590661829,0.337058662825775,-1.205653406192646,-0.379501370151494,1,0.044113871171520
-0.183625491901067,0.337058662825775,-1.205653406192646,0.704554982521554,-1,0.147046237238400
-0.182744150102080,0.337058662825775,-1.205653406192646,0.729737376125108,-1,0.647003443848960
-0.174155732197879,0.337058662825775,-1.205653406192646,0.739196082888283,1,0.161750860962240
-0.173368780678734,0.337058662825775,-1.205653406192646,0.634500257928950,-1,0.338206345648320
-0.172243780250388,0.337058662825775,-1.205653406192646,-0.549570613537472,-1,1.382234630040959
-0.165246826366774,0.337058662825775,-1.205653406192646,2.012249455598601,-1,0.004541246582330
-0.164913167703148,0.337058662825775,-0.226809125788111,-0.546143245489222,-1,1.073437531840320
-0.164352313831065,0.337058662825775,-1.205653406192646,0.733788415874277,1,0.279387850752960
-0.164277679656307,0.337058662825775,-1.205653406192646,0.832341734051149,1,0.249978603305280
-0.156130481432296,0.337058662825775,-0.422108137035810,-0.475633014450404,-1,0.573480325229760
-0.156044871643603,0.337058662825775,-1.205653406192646,0.009696150085166,1,0.397024840543680
-0.155206334738963,0.337058662825775,0.610749863572070,-0.522050581578194,-1,0.794049681087360
-0.151483406492183,0.337058662825775,-1.205653406192646,0.695275275189155,1,1.382234630040959
-0.148521088291105,0.337058662825775,1.428005972779753,-0.552280288078533,-1,1.735145599413119
-0.145990111717675,0.337058662825775,-1.205653406192646,0.490735451946819,1,0.088227742343040
-0.140279499787253,0.337058662825775,-1.205653406192646,-0.431897329846790,1,0.647003443848960
-0.136888035081313,0.337058662825775,-1.205653406192646,-0.490715694908146,-1,0.294092474476800
-0.133803887565555,-1.462853191808071,1.115867296843323,-0.551921441324938,-1,3.720269802131518
-0.129255593150858,0.337058662825775,-1.205653406192646,-0.467598295264174,-1,0.308797098200640
-0.123144371311805,0.337058662825775,-1.205653406192646,-0.263776353949481,1,0.058818494895360
-0.122740468718994,0.337058662825775,-1.205653406192646,4.056884585185494,-1,0.009339347146799
-0.122473761300371,0.337058662825775,-1.205653406192646,0.755758240746513,-1,0.441138711715200
-0.120066809164408,0.337058662825775,-1.205653406192646,2.010487724358846,-1,0.102998004572152
-0.117361320329411,0.337058662825775,-1.205653406192646,-0.389099508050222,1,0.176455484686080
-0.116565588319118,0.337058662825775,-1.205653406192646,0.462302805521257,1,0.073523118619200
-0.116274734549838,0.337058662825775,-1.205653406192646,4.144179781268747,-1,0.028982407369207
-0.113047904052924,0.337058662825775,-1.025928539682501,-0.453907665116518,-1,0.323501721924480
-0.112349855006653,0.337058662825775,-1.205653406192646,-0.418132273620021,-1,0.294092474476800
-0.091875944772153,0.337058662825775,-0.027938872422527,-0.494297661938452,-1,1.441053124936319
-0.075618865411512,0.337058662825775,-1.205653406192646,0.744085593655304,1,0.161750860962240
-0.067383093983046,0.337058662825775,0.935408956196134,-0.527024127867453,-1,0.647003443848960
-0.056778675311249,0.337058662825775,-1.205653406192646,-0.436231942378401,1,0.014704623723840
-0.051104392662952,0.337058662825775,-1.205653406192646,-0.459065675029704,1,0.382320216819840
-0.041045132735311,0.337058662825775,-1.205653406192646,-0.423208320635956,1,0.220569355857600
-0.040421388595380,0.337058662825775,-1.205653406192646,-0.292096890205240,1,0.073523118619200
-0.038905766067085,0.337058662825775,-1.205653406192646,-0.050251701384395,1,0.323501721924480
-0.031082128941881,0.337058662825775,-1.205653406192646,0.208742575007176,1,0.367615593096000
-0.019991161304343,0.337058662825775,-1.205653406192646,-0.330416899925576,-1,3.411472703930878
-0.017186123650954,0.337058662825775,-1.205653406192646,-0.462679579326870,1,0.080243833093897
-0.014032171230569,0.337058662825775,-1.205653406192646,-0.437972947368276,1,0.632298820125120
-0.008261632448061,0.337058662825775,-1.205653406192646,0.239861154996663,1,0.338206345648320
0.008112337200989,0.337058662825775,-1.205653406192646,1.916814495926321,-1,0.014704623723840
0.016213767114890,0.337058662825775,-1.205653406192646,-0.439388927075951,1,1.088142155564160
0.023869038322330,0.337058662825775,-1.205653406192646,-0.552423864464061,-1,1.161665274183360
0.050530999693428,0.337058662825775,-1.205653406192646,0.373756497627099,1,0.338206345648320
0.059713088555377,0.337058662825775,-1.205653406192646,-0.097565019347886,-1,2.426262914433599
0.061749833233310,0.337058662825775,-1.205653406192646,-0.054792634312533,-1,1.454414758940679
0.064699748990642,0.337058662825775,-1.205653406192646,1.947611819042676,-1,0.143785674564314
0.066917042517807,0.337058662825775,-1.205653406192646,-0.140738739949086,-1,2.485081409328959
0.067362432931292,0.337058662825775,-1.205653406192646,-0.527681244198859,-1,1.205779145354879
0.069604311833672,0.337058662825775,-1.205653406192646,2.856589770574784,-1,0.032223809398101
0.081901828711094,0.337058662825775,-1.205653406192646,2.897910376016306,-1,0.052960957704104
0.084523573611767,0.337058662825775,0.064808076267365,-0.552262388135455,-1,0.676412691296640
0.101001372568643,0.337058662825775,-1.205653406192646,4.857228724281170,-1,0.205296155757106
0.101342384893605,0.337058662825775,-1.205653406192646,-0.466651482485590,1,0.058818494895360
0.120697331287423,0.337058662825775,-1.205653406192646,1.224934590858972,1,0.014704623723840
0.121884892715199,0.337058662825775,-1.205653406192646,-0.329721628452347,1,0.147046237238400
0.126207199238973,0.337058662825775,-1.205653406192646,-0.401074569969219,1,0.117636989790720
0.131399432923242,0.337058662825775,-1.205653406192646,-0.209787299320268,1,0.132341613514560
0.136324629920470,0.337058662825775,0.057059850374428,-0.440709754454633,1,0.148973614491923
0.142812315317496,0.337058662825775,-1.205653406192646,0.678920379829720,1,0.720526562468160
0.149064025014918,0.337058662825775,-0.638916244431576,-0.519869143778380,1,0.096395760668318
0.152687075174888,0.337058662825775,-1.205653406192646,-0.474059044192512,1,0.205864732133760
0.154768051576980,0.337058662825775,-1.205653406192646,-0.467593584752838,1,0.749935809915840
0.155682320217772,0.337058662825775,-1.205653406192646,-0.099178840531682,-1,0.161750860962240
0.159922199880894,0.337058662825775,-0.581378687979166,-0.515484882457286,-1,0.205864732133760
0.164901835923240,0.337058662825775,1.428005972779753,-0.551778053359862,1,0.017325972867918
0.180070134381521,-1.579743122208046,1.096825939533353,-0.551777864939409,1,1.006896608928176
0.180870256637389,0.337058662825775,-1.205653406192646,-0.475695004779589,1,0.794049681087360
0.182851354952671,0.337058662825775,-1.205653406192646,-0.438424214354288,1,0.617594196401280
0.190386113919103,0.337058662825775,1.428005972779753,-0.553123752238400,1,1.014619036944960
0.190500260304028,0.337058662825775,-1.205653406192646,0.632766789757213,1,0.749935809915840
0.194835627808385,0.337058662825775,-1.205653406192646,-0.453383856255928,1,0.249978603305280
0.203729167779981,0.337058662825775,-1.205653406192646,0.167730979109311,1,0.249978603305280
0.210638316752114,0.337058662825775,0.282329905354833,0.374018402057394,1,0.220569355857600
0.213991366809282,-1.463158891557224,0.847052317690989,-0.555025941505179,1,1.261844975651676
0.214063805861253,0.337058662825775,-1.205653406192646,0.733458680080740,1,0.279387850752960
0.220544905889918,0.337058662825775,-1.205653406192646,-0.271294330042125,1,0.249978603305280
0.220947710921336,0.337058662825775,-1.205653406192646,-0.446762761521705,1,0.661708067572800
0.227060030321782,0.337058662825775,-1.205653406192646,-0.382966422290434,1,0.397024840543680
0.232811252023764,0.337058662825775,-1.205653406192646,0.353668050982557,1,0.426434087991360
0.233534544982086,0.337058662825775,-1.205653406192646,-0.435620518006956,-1,0.117636989790720
0.238672229865097,0.337058662825775,-1.205653406192646,-0.417693253963483,-1,3.426177327654719
0.241547840716089,0.337058662825775,-1.205653406192646,-0.202420059590384,-1,0.676412691296640
0.242771621669850,0.337058662825775,-1.205653406192646,0.171544609087133,1,0.338206345648320
0.247946623640241,0.337058662825775,1.428005972779753,-0.551741970843027,1,0.838163552258880
0.249000282578008,-4.050971625982785,-0.468228780080374,-0.548117326580015,-1,0.911686670878080
0.263919434599964,0.337058662825775,-1.205653406192646,-0.422667553934556,1,0.205864732133760
0.271655047301408,0.337058662825775,-1.205653406192646,0.811116169970039,1,0.029409247447680
0.277586269071926,0.337058662825775,-1.205653406192646,0.646757008425854,1,1.073437531840320
0.278234927855489,0.337058662825775,0.719641144255062,-0.550503765833182,-1,0.676412691296640
0.281618709631675,0.337058662825775,-1.205653406192646,-0.426135432380298,1,1.029323660668799
0.289798834697490,0.337058662825775,1.428005972779753,-0.552657128985432,1,0.882277423430400
0.293318714086471,0.337058662825775,1.428005972779753,-0.551777864939409,1,0.529366454058240
0.295464446610779,0.337058662825775,-0.683367147429872,-0.550414077697340,-1,0.955800542049600
0.296277739603369,0.337058662825775,1.428005972779753,-0.552316276385142,1,0.647003443848960
0.296487373829529,0.337058662825775,-1.205653406192646,-0.347900433801175,1,0.455843335439040
0.300132375217369,0.337058662825775,-1.205653406192646,-0.548278614488168,-1,1.823373341756159
0.302176034532081,0.337058662825775,-1.205653406192646,0.664883056047716,1,0.529366454058240
0.303205547119191,0.337058662825775,1.428005972779753,-0.551401118242736,1,0.494240171222049
0.303496400888471,0.337058662825775,0.012414056582088,-0.493274256245540,1,0.205864732133760
0.304990181945036,0.337058662825775,1.428005972779753,-0.552405870310757,1,0.397024840543680
0.305594938272858,0.337058662825775,-1.205653406192646,-0.463683860343757,1,0.691117315020480
0.310117988775505,-1.271887385350078,0.831705984489717,-0.549445031305248,1,0.638969559800494
0.317380552516348,-5.659241916818404,0.400878814980517,-0.553482598991995,1,3.527481308450756
0.318188357701970,0.337058662825775,-1.205653406192646,-0.073001586933914,-1,0.720526562468160
0.321955188404490,0.337058662825775,-1.205653406192646,-0.431195463657690,1,0.705821938744320
0.323016530272012,0.337058662825775,-1.205653406192646,0.732102052815902,1,0.455843335439040
0.325976653350303,0.337058662825775,-1.205653406192646,-0.547875488928012,-1,0.455843335439040
0.329340679021406,0.337058662825775,-1.205653406192646,-0.437343623053754,1,0.617594196401280
0.330369094047123,0.337058662825775,-1.205653406192646,0.240192774994735,1,0.588184948953600
0.332467631431510,0.337058662825775,-1.205653406192646,-0.493362531227981,1,0.352910969372160
0.333651900175105,0.337058662825775,-0.629540417042434,-0.500588267197324,1,0.544071077782080
0.334403729729658,0.337058662825775,-1.205653406192646,-0.469499457639482,1,0.926391294601919
0.342499342568174,0.337058662825775,-0.385092054464353,-0.550898506683159,1,0.008991894450146
0.342986659826891,0.337058662825775,-1.205653406192646,-0.472649188149574,1,0.279387850752960
0.344015074852608,0.337058662825775,-1.205653406192646,0.171660487666005,1,0.308797098200640
0.344789953196425,0.337058662825775,-1.205653406192646,-0.469600262582078,1,0.823458928535040
0.356494347896795,0.337058662825775,-1.205653406192646,-0.408259983961523,1,0.455843335439040
0.357295567714056,-1.700945028017133,0.982701577664342,-0.548117138159561,1,0.489065984687733
0.366944229924385,0.337058662825775,-1.205653406192646,-0.547965271274081,-1,0.485252582886720
0.374343988839417,-1.152712751561694,0.765366738392781,-0.551975423784851,-1,1.426348501212479
0.380058991015413,0.045179760226194,-0.721921287078649,-0.551831753189096,1,1.844540408676544
0.382712894464916,0.337058662825775,-1.205653406192646,3.800331295768364,-1,0.147046237238400
0.384916797743080,0.337058662825775,-0.242118587758078,-0.550001342694058,1,0.632298820125120
0.386324969010951,0.337058662825775,-1.205653406192646,-0.495244380506810,1,0.647003443848960
0.387107530284522,0.337058662825775,-1.205653406192646,-0.342000047301397,1,0.147046237238400
0.391000580547295,0.337058662825775,-0.312089650138617,-0.548655455395067,-1,0.867572799706560
0.391855580872838,0.337058662825775,-1.205653406192646,-0.109223534905087,1,0.117636989790720
0.392159605378840,0.337058662825775,-1.205653406192646,3.627936001884549,-1,0.032164687587844
0.393696191329751,0.337058662825775,-0.803288193592001,-0.504391439839980,1,0.455843335439040
0.398636315161931,0.337058662825775,-0.183174657197297,-0.549247566670033,1,0.774227646693517
0.399258632472050,-2.089135441060521,1.016496694815315,-0.551688176803567,1,0.344447980325997
0.404895707789107,0.337058662825775,-0.247960044260639,-0.547827724343062,1,0.558775701505920
0.406265464408205,0.337058662825775,-0.152189654603686,-0.524454072882399,1,0.323501721924480
0.409159733802886,0.337058662825775,-1.015595640475041,-0.454980719598914,1,0.073523118619200
0.413504979359785,-2.671541731579217,0.703749643562343,-0.551221553550599,-1,0.499957206610560
0.413956077092517,0.337058662825775,-1.205653406192646,-0.399066950037712,1,0.102932366066880
0.419158518097745,0.337058662825775,0.180483663510591,-0.469608741502483,1,0.441138711715200
0.420540347892171,-4.881139518460079,0.031850462798905,-0.550306395408193,1,0.618069815481536
0.421159372518110,0.337058662825775,-1.205653406192646,-0.408091347655686,1,0.102932366066880
0.424413642049861,0.337058662825775,1.281690392321562,-0.411461247465634,-1,0.191160108409920
0.427311204128723,0.337058662825775,-0.525144792919347,-0.052023795749090,-1,0.205864732133760
0.429261570724987,0.337058662825775,-0.317438612337310,-0.337921686586478,-1,1.308711511421760
0.429729131878621,-1.227190864131754,1.129525454382674,-0.547829985388504,1,0.673446583801889
0.431030839691322,0.337058662825775,-0.081170395790317,-0.474619029780164,1,0.191160108409920
0.436405597835331,0.337058662825775,-1.205653406192646,0.300394994076453,1,0.794049681087360
0.437610720245402,0.337058662825775,-0.233224720035288,-0.511486317804402,1,0.794049681087360
0.438447062027256,-6.337734465334160,0.180483663510591,-0.545174199097130,-1,0.279387850752960
0.438755476778831,-0.429105355855084,1.208535235751846,-0.546430304050053,-1,0.896982047154240
0.442288526904534,0.337058662825775,-0.522853509259641,-0.550611448122329,-1,1.543985491003199
0.443779015276918,-2.382285411038162,0.721879754727189,-0.552280382288759,-1,1.249893016526399
0.445701942838344,0.337058662825775,-1.205653406192646,-0.510715866570246,1,0.296215758733264
0.447620480154196,0.337058662825775,-1.205653406192646,-0.408372094131326,1,0.617594196401280
0.448551212215891,0.337058662825775,-0.693554141907737,-0.542189619114487,-1,0.602889572677440
0.452174262375861,0.337058662825775,-0.103190421857905,-0.542815551860847,1,0.426434087991360
0.454812799965854,0.337058662825775,-1.205653406192646,-0.488046059713444,1,1.102846779288000
0.456127678515277,0.337058662825775,-1.205653406192646,0.692543178614135,-1,0.676412691296640
0.464071827881488,0.337058662825775,-1.205653406192646,0.719072778459854,-1,0.411729464267520
0.466430487316137,0.337058662825775,-1.205653406192646,4.020095491649438,-1,0.036497817138331
0.466514999543437,0.337058662825775,0.257491863751744,-0.550647342218711,-1,0.882277423430400
0.467258048606842,0.337058662825775,-1.205653406192646,3.365541678410478,-1,0.111861052574025
0.471637318566940,0.337058662825775,0.228226640732603,-0.551867553075251,-1,0.544071077782080
0.473787441336822,0.337058662825775,-1.205653406192646,0.628018594330280,1,1.058732908116479
0.474534880645801,0.337058662825775,-1.205653406192646,0.784351044557507,-1,0.602889572677440
0.478751711519659,-0.721450852808637,-0.724723500657875,-0.552459758560443,-1,3.190903348073278
0.479618785020530,0.337058662825775,-0.025047114424415,-0.507484738424264,1,0.367615593096000
0.479975492473420,0.337058662825775,-1.205653406192646,0.727598803978454,-1,0.749935809915840
0.484688421097144,0.337058662825775,1.369480794060228,-0.551921441324938,-1,0.470547959162880
0.486460982747660,0.337058662825775,-1.205653406192646,-0.096492906967757,-1,0.558775701505920
0.487141470811635,-1.495193007376404,-0.522853509259641,-0.549642495940463,1,1.058732908116479
0.487213909863606,0.337058662825775,0.915906708494844,-0.552495746867052,-1,1.176369897907200
0.487235861091476,0.337058662825775,-1.205653406192646,-0.061693533420129,-1,0.779345057363520
0.487275373301643,0.337058662825775,-0.842390134391604,-0.465315581470631,1,0.676412691296640
0.488478300588927,0.337058662825775,0.934194839222428,-0.547363362135536,-1,0.764640433639680
0.489159886214296,0.337058662825775,0.787386764460370,-0.550091030829900,-1,0.470547959162880
0.490750252673489,0.337058662825775,-1.205653406192646,0.545264331175166,-1,0.223580946068350
0.491400009018446,0.337058662825775,0.217128400109613,-0.374091818932952,1,0.088227742343040
0.492105740994472,0.337058662825775,0.131434391236609,-0.509234033914091,1,0.382320216819840
0.493153912125272,-5.562415543639180,0.329187973025510,-0.546089451449762,-1,0.441138711715200
0.494281107676405,0.337058662825775,-1.205653406192646,-0.447491948676556,1,0.058818494895360
0.495323791000237,0.337058662825775,-1.205653406192646,0.758650494706966,1,0.044113871171520
0.495982327836342,0.337058662825775,-1.205653406192646,0.688878400794538,-1,0.426434087991360
0.497941474923754,0.337058662825775,-1.205653406192646,0.642950915266170,1,0.014704623723840
0.500076231834127,-4.868348397377081,-0.107011861616794,-0.551436918128892,1,1.514576243555519
0.500376963655948,0.337058662825775,1.028079528764036,-0.552531546753208,-1,1.294006887697919
0.500439524655378,0.337058662825775,-1.205653406192646,0.276691701032479,1,0.014704623723840
0.500943305334999,0.337058662825775,0.272893503799975,-0.546449617146531,1,0.107747846929232
0.505815380360781,0.337058662825775,-1.205653406192646,0.705676084219579,1,0.426434087991360
0.509913674604140,0.337058662825775,-1.205653406192646,0.090828113136078,1,0.147046237238400
0.515228066871506,0.337058662825775,-1.205653406192646,5.723435232880193,-1,0.029409247447680
0.519466848973234,0.337058662825775,-1.205653406192646,0.619125148927453,-1,0.323501721924480
0.521849654758540,0.337058662825775,-1.205653406192646,-0.549839772155225,-1,0.632298820125120
0.523224899184606,0.337058662825775,-0.152189654603686,-0.516639522996025,1,0.705821938744320
0.523278679692888,0.337058662825775,-1.205653406192646,-0.362342861558095,-1,0.102932366066880
0.523325874832809,0.337058662825775,-1.205653406192646,0.700372048454970,-1,2.146875063680639
0.524709899750022,0.337058662825775,1.362978289053545,-0.551777864939409,-1,0.455843335439040
0.525292704849975,0.337058662825775,-0.306356173670594,-0.260096502493608,1,0.073523118619200
0.526045631965922,0.337058662825775,-0.388310386225457,-0.449748283606616,1,0.073523118619200
0.526425388208075,0.337058662825775,-1.205653406192646,0.908840438151733,1,0.117636989790720
0.526772217608424,0.337058662825775,0.870515589098254,-0.551831753189096,1,0.350037030976976
0.528189169367443,0.337058662825775,0.088471505787432,-0.521946479277663,-1,0.867572799706560
0.528229779139003,0.337058662825775,-1.205653406192646,-0.413114636944655,1,0.558775701505920
0.529811365107048,0.337058662825775,1.428005972779753,-0.268342723638835,1,0.088227742343040
0.530284414067650,0.337058662825775,0.131753064021465,-0.534982159929128,1,0.397024840543680
0.533099659041998,-3.439041175480061,-0.450783420354061,-0.551670182650262,1,0.203635372538159
0.535653684404691,-5.254318464873986,-0.012629410452560,-0.551508706321656,-1,2.293921300919039
0.536315513924977,-0.888797331279408,0.725695927167320,-0.551257353436754,-1,0.647003443848960
0.538915636866197,-3.448694851769117,0.657615832220883,-0.551113871261452,1,0.171464788021143
0.540324905695462,0.337058662825775,-1.205653406192646,-0.452094118252065,1,0.044113871171520
0.541249052388795,-5.674382099131738,-0.070825381749713,-0.551544506207811,-1,1.499871619831679
0.543425516632122,0.337058662825775,-1.205653406192646,-0.510281745845498,-1,0.867572799706560
0.543988565626991,-6.366888567727107,-0.011101888012756,-0.549570707747699,1,0.749935809915840
0.545690883348323,0.337058662825775,0.383623078729490,-0.549929554501294,1,0.095170108071140
0.547172591229558,0.337058662825775,0.906760009471672,-0.552065017710466,1,1.249893016526399
0.548348079482005,0.337058662825775,-1.205653406192646,-0.176763788546404,1,0.544071077782080
0.549064787071966,0.337058662825775,0.731750710079577,-0.439386100769149,1,0.428270471688634
0.549136128562544,0.337058662825775,0.299295939074173,-0.551185753664443,1,0.322136864168642
0.549177835895498,0.337058662825775,0.729280337582101,-0.551472906435501,-1,0.823458928535040
0.549251372508863,0.337058662825775,0.342956744258777,-0.550557654082869,-1,0.779345057363520
0.549510396997731,0.337058662825775,0.291916425494292,-0.538037397581815,1,0.632298820125120
0.549868202012014,0.337058662825775,-0.370441007339129,-0.003306745407399,-1,0.466531304449789
0.552153324833298,-4.188102097668812,-0.457454479560998,-0.547327562249380,1,0.540509323771626
0.552395885901263,0.337058662825775,0.075071446867221,0.003398196428609,-1,0.691117315020480
0.553114788614011,0.337058662825775,-1.205653406192646,2.280823969945822,-1,0.270885515042169
0.556330643496990,-0.258846685037116,1.313499730300791,-0.549732184076305,1,0.794049681087360
0.559827474096706,0.337058662825775,-1.205653406192646,0.684987518430801,-1,0.720526562468160
0.561380523468520,0.337058662825775,-1.205653406192646,0.637995457340442,1,1.191074521631039
0.561739426044197,0.337058662825775,0.908964382371872,-0.551742065053254,1,0.823458928535040
0.562516499510801,0.337058662825775,-1.205653406192646,-0.296214819215384,1,0.308797098200640
0.562930280156154,0.337058662825775,-1.205653406192646,-0.310352005837716,-1,0.161750860962240
0.563104792417721,0.337058662825775,0.911950952107627,-0.552423864464061,1,0.411729464267520
0.564787354033969,0.337058662825775,-1.205653406192646,-0.086075140096522,-1,1.352825382593279
0.566057232566258,0.337058662825775,0.867652801353311,-0.554487567743537,1,0.749935809915840
0.566522598597106,0.337058662825775,-1.205653406192646,0.950792252112312,1,0.397024840543680
0.568703453086006,-0.546976743344448,1.261919511363616,-0.552495652656826,1,0.320331097118269
0.569313697220797,0.337058662825775,1.407268538829724,-0.551777864939409,-1,0.926391294601919
0.573319796307101,0.337058662825775,0.942469796991159,-0.548404196720392,-1,0.838163552258880
0.575061626238598,0.337058662825775,-0.819382486056901,-0.100697509386487,1,0.249978603305280
0.575430406866817,0.337058662825775,-1.205653406192646,0.576777652014630,-1,1.044028284392640
0.576329309648100,0.337058662825775,-1.205653406192646,-0.405638113351771,-1,0.147046237238400
0.576544431681228,0.337058662825775,0.865764467578588,0.441736713027221,1,0.014704623723840
0.576692602469351,-2.389976173148442,0.601052729738693,-0.546771250860570,-1,0.867572799706560
0.576982358677238,0.337058662825775,-1.167484307545075,-0.550844901064153,-1,0.691117315020480
0.577741871161545,0.337058662825775,0.355034706170745,-0.479099573952972,1,0.617594196401280
0.578742847152424,0.337058662825775,0.963241468513114,-0.551741970843027,1,0.564346779067192
0.581150896849781,0.337058662825775,-0.087248881636985,-0.552100911806849,-1,1.485166996107839
0.581353945707580,0.337058662825775,-0.882221598839183,-0.550898600893386,-1,0.941095918325760
0.581966384965158,0.337058662825775,0.365300710429979,-0.473016796454255,1,0.294092474476800
0.582249555804683,0.337058662825775,-1.205653406192646,0.503001623466395,-1,2.793878507529599
0.583539190442055,0.337058662825775,-1.205653406192646,-0.404487806483460,-1,0.544071077782080
0.583676385616243,0.337058662825775,0.968927539112316,-0.553375010913075,1,1.058732908116479
0.584346995627677,0.337058662825775,-1.205653406192646,-0.425576765735819,-1,0.749935809915840
0.586066874331304,0.337058662825775,-1.205653406192646,2.510310661224901,-1,0.021749605360802
0.586400532994930,0.337058662825775,0.952143227890125,-0.551921441324938,1,0.213880133708261
0.591217729951037,0.337058662825775,-0.092840140498544,-0.190918875111813,1,0.573480325229760
0.592114437609533,-5.026089467940241,0.341621478953638,-0.548619655508912,1,0.779345057363520
0.592330657204054,-6.470022009415180,-0.056814313853580,-0.551221647760825,1,0.301901166218077
0.592924437917942,0.337058662825775,-1.205653406192646,-0.267321484781138,1,0.014704623723840
0.597117122441143,-5.919955534464819,-0.071992092854598,-0.551472812225274,1,0.896982047154240
0.600461392007162,0.337058662825775,-1.205653406192646,0.570192357166563,-1,0.426434087991360
0.601047489791295,0.337058662825775,-1.205653406192646,0.832049682348302,-1,0.338206345648320
0.601408587489760,0.337058662825775,0.842748918265748,-0.554810548663818,1,0.641339836391876
0.604072368991804,0.337058662825775,-1.205653406192646,0.511292123418183,-1,0.779345057363520
0.605780174520102,-3.227513038526384,-0.375871612978570,-0.552082917653544,-1,1.367530006317119
0.606566028477854,0.337058662825775,-1.205653406192646,0.387716569023188,1,0.779345057363520
0.607703102081528,0.337058662825775,-1.205653406192646,0.631862371580654,-1,0.220569355857600
0.607754687467023,-5.026089467940241,0.023388515214266,-0.552513646810130,1,1.014619036944960
0.609171639226042,0.337058662825775,-1.205653406192646,0.760807908898966,1,0.514661830334400
0.610860786210651,0.337058662825775,-0.699179638341222,-0.501596693464187,1,0.205864732133760
0.611783835342591,0.337058662825775,-1.205653406192646,0.622714558565671,-1,1.044028284392640
0.614902007261548,-0.900590905812536,0.675532616976033,-0.552190599942691,1,0.257736706634000
0.617677740025730,0.337058662825775,-1.205653406192646,-0.551562688781569,-1,0.676412691296640
0.618998106382120,0.337058662825775,-1.205653406192646,5.020532731286036,-1,0.147046237238400
0.620744326559191,-0.556807403698803,0.130388828463157,-0.546430304050053,-1,1.191074521631039
0.620960546153712,0.337058662825775,-1.164715804805899,-0.551006188972306,-1,0.691117315020480
0.621068107170276,-2.325634420681890,0.901274096985273,-0.553841539955817,1,1.535885327745501
0.621969205074346,0.337058662825775,-1.205653406192646,0.264669534000120,1,0.735231186192000
0.626411036033873,0.337058662825775,0.041868903076516,-0.407206713626739,1,0.117636989790720
0.627086036290881,-0.929825455507893,1.032957065933893,-0.550611448122329,-1,1.044028284392640
0.628285670893985,0.337058662825775,-0.428507929326713,-0.493114664121468,1,0.999914413221120
0.629327256656424,0.337058662825775,0.026219699046662,-0.457103276007025,1,0.882277423430400
0.632347745611359,-5.919955534464819,0.271339644766381,-0.546035563200076,-1,0.852868175982720
0.632912989729015,-1.082594882782189,-0.836941093136510,-0.501532065248654,-1,0.220569355857600
0.634042380402935,-0.933155973827616,-0.164933932338534,-0.550916595046690,1,1.986471333524921
0.634997258815287,0.337058662825775,-1.205653406192646,-0.467180943959783,1,0.647003443848960
0.637987016051203,-0.800578819457925,0.839635932879803,-0.552585340792668,1,1.694460445986015
0.638862870043222,0.337058662825775,1.032957065933893,-0.547183891653625,-1,0.397024840543680
0.640746285394482,-1.808197371588536,-0.284681156981651,-0.549409137208866,1,0.319895917854200
0.641396041739439,0.337058662825775,-1.205653406192646,4.868722371941602,-1,0.216960375302275
0.642177505451617,-4.259925449259383,0.637908159088033,-0.546082856733891,-1,0.602889572677440
0.642300432327690,0.337058662825775,-1.205653406192646,4.172301533946116,-1,0.020416922310142
0.643767871910810,0.337058662825775,-1.205653406192646,0.785980881479847,-1,0.191160108409920
0.644477994132410,0.337058662825775,-1.205653406192646,-0.475537202649825,1,0.426434087991360
0.644486774623558,-1.271887385350078,0.275779994479328,-0.548547773105921,-1,0.823458928535040
0.648621288392903,-2.344523447287475,0.891519022645559,-0.551024183125610,-1,0.661708067572800
0.649024093424320,-5.473022501202530,0.419006292485984,-0.552800893791414,-1,0.705821938744320
0.650309337816118,0.337058662825775,-1.205653406192646,0.812322060872117,-1,0.264683227029120
0.650532142779000,0.337058662825775,-0.083108769093241,-0.469648309797707,1,0.102932366066880
0.652039094572287,-3.238373424351570,0.580815691070669,-0.553697869360061,1,1.249893016526399
0.653766656205669,0.337058662825775,-0.127061910468911,-0.548314697005003,-1,1.264597640250240
0.654527266251370,-0.032821944189373,-0.612487472563587,-0.553805645859435,1,0.647003443848960
0.654907022493523,0.337058662825775,-1.205653406192646,-0.467072602199050,1,1.073437531840320
0.655471169049787,0.337058662825775,-1.205653406192646,0.078019290710566,1,0.617594196401280
0.655948608255963,-3.238373424351570,0.033715093639217,-0.546861033206639,-1,0.882277423430400
0.657013242807665,0.337058662825775,-1.205653406192646,-0.460957416382339,-1,0.441138711715200
0.657345803909898,0.337058662825775,-0.108294453734354,-0.520005371766224,-1,0.397024840543680
0.657466535663184,-3.451381791669571,0.065769361940690,-0.551078071375297,-1,0.955800542049600
0.658644219038418,-2.295756292567265,-0.327767824421639,0.688096455912721,1,0.014704623723840
0.659897634149805,0.337058662825775,-1.205653406192646,0.661868328792521,1,0.338206345648320
0.660617634423946,-2.841108555596470,-0.315402793637364,-0.551921441324938,1,0.174804404941534
0.664938733630187,-3.642106256220336,0.637908159088033,-0.548009455870415,-1,0.294092474476800
0.665392026485706,-2.302610402732494,0.671805988954787,-0.551706076746645,1,0.700408656389937
0.665837636411470,-3.326881546461723,0.617650051144978,-0.548547773105921,-1,1.073437531840320
0.667904344515446,0.337058662825775,-0.664968403008370,-0.443284519951023,1,0.882277423430400
0.671163004292771,0.337058662825775,-1.205653406192646,0.152252238858417,1,0.470547959162880
0.671605321534355,0.337058662825775,-1.205653406192646,-0.476394986764154,1,0.647003443848960
0.671760077690840,0.337058662825775,1.428005972779753,-0.548817025933900,-1,0.411729464267520
0.672772029295654,-2.642468076488679,0.754513428092036,-0.551311335896667,1,1.431705483037134
0.673518371043240,0.337058662825775,-0.966229802343706,-0.502404075107219,1,0.499957206610560
0.673623736937016,-3.110687465968334,0.282935647011996,-0.546861221627092,1,0.257280645829039
0.678323494824018,0.337058662825775,-1.205653406192646,-0.319940722713772,1,0.073523118619200
0.683291057691036,0.337058662825775,-1.136346552707484,-0.445977048230820,1,0.044113871171520
0.686455327188519,-0.392614459482457,0.615756450051496,-0.551921441324938,1,1.147736055118112
0.686498132082866,0.337058662825775,0.694581875264140,-0.316221302962675,1,0.088227742343040
0.687361912899557,-4.710607326813921,0.580541790495256,-0.551777864939409,1,1.823373341756159
0.690388987222852,-3.397996961791096,-0.439140012239624,-0.551311241686441,1,1.044028284392640
0.690623865361063,0.337058662825775,-1.205653406192646,0.683263471281736,-1,0.294092474476800
0.690653499518688,0.337058662825775,0.506225190139413,-0.435370860906135,1,0.779345057363520
0.692058378102378,0.337058662825775,0.449788503307414,-0.463457755799617,1,0.323501721924480
0.694793501095000,0.337058662825775,-1.205653406192646,-0.401490979171342,1,0.176455484686080
0.696547404201826,0.337058662825775,0.716206852424882,0.439277826109702,1,0.044113871171520
0.697083014161858,0.337058662825775,-1.205653406192646,4.114475296782399,-1,0.044113871171520
0.697321184984249,-4.410651515052495,0.201992759658659,-0.552208499885768,1,0.649477627682368
0.698324356097916,0.337058662825775,0.316754467097381,-0.526471113836578,-1,0.323501721924480
0.698412161009396,-0.251574248899361,1.322659597620857,-0.547094297728009,1,0.661708067572800
0.698620697674163,-1.334571923387010,0.601160709773231,-0.545281975596503,-1,0.676412691296640
0.701817894013452,0.337058662825775,0.391811125738715,-0.485377178200556,1,0.514661830334400
0.703830821609146,0.337058662825775,-1.205653406192646,0.171758466301799,1,0.720526562468160
0.706372773796510,0.337058662825775,-1.205653406192646,-0.311494775887888,-1,0.279387850752960
0.707321066840501,-3.141740124698127,-0.053427427892222,-0.496402506823939,1,0.411729464267520
0.707348505875339,0.337058662825775,-1.205653406192646,-0.465634954139228,-1,0.602889572677440
0.709486555469893,-0.109874370436513,0.647033788836172,-0.547237779903311,-1,0.529366454058240
0.711552166012475,-0.136164548863707,1.313499730300791,-0.540912693701458,-1,0.617594196401280
0.711793629519047,0.337058662825775,1.428005972779753,0.818078305725006,1,0.014704623723840
0.713167776383719,-0.509761821250141,0.429032633741732,-0.551706265167098,-1,0.558775701505920
0.714165459690418,0.337058662825775,-1.086922774069812,-0.433385851429043,1,0.014704623723840
0.716248631215296,0.337058662825775,-1.205653406192646,0.665156265705218,1,0.102932366066880
0.723460707132037,0.337058662825775,1.428005972779753,0.369074249358873,1,0.014704623723840
0.723568268148601,-0.451646689990028,1.037073475543227,-0.535904854889671,-1,0.573480325229760
0.727594123339989,0.337058662825775,0.241005156039377,-0.453245367222643,1,0.617594196401280
0.728324001666672,0.337058662825775,-1.139811921718336,-0.538815479844336,1,0.544071077782080
0.728808026241209,-3.238373424351570,0.820239031553671,-0.545730416275714,1,0.865689547772823
0.729885831529634,0.337058662825775,1.428005972779753,0.381225484401845,1,0.014704623723840
0.729946197406277,-1.832299383390210,0.957710783817272,-0.551311335896667,-1,0.676412691296640
0.732072173825502,-5.792253486621100,0.326275145752366,-0.551598488667725,1,0.647003443848960
0.732284003174449,0.337058662825775,-1.205653406192646,2.459795137655032,-1,0.073523118619200
0.732484856909461,-1.277261265150987,1.161081961061521,-0.548960508109202,1,1.198583084092708
0.733098393728432,-0.684493362082038,-0.320743854857920,-0.550378183600958,1,0.794049681087360
0.734953272483460,0.337058662825775,-1.205653406192646,-0.463365429777427,1,0.279387850752960
0.735209004288148,-1.026458755161334,0.808321722863821,-0.551365129936127,1,0.632298820125120
0.737268029462369,0.337058662825775,0.374542221190793,-0.547417250385222,-1,0.470547959162880
0.738182298103161,0.337058662825775,-1.205653406192646,0.834329569835044,-1,0.058818494895360
0.738825469079757,0.103874112063649,-0.166050603915218,-0.434916767613322,-1,0.338206345648320
0.739010956955260,-1.003724347500609,1.182198641962122,-0.552531546753208,1,0.259178710660541
0.740379616012964,0.337058662825775,-1.205653406192646,0.475398027036012,-1,0.779345057363520
0.741458518862783,0.337058662825775,-1.205653406192646,5.957387488906030,-1,0.058818494895360
0.745576569211225,0.337058662825775,-1.205653406192646,0.186806665816560,1,0.176455484686080
0.746727911113015,0.337058662825775,-1.205653406192646,0.706335555806653,1,0.470547959162880
0.748084496995391,0.337058662825775,-1.205653406192646,-0.413524451430908,1,0.426434087991360
0.749059131512826,0.337058662825775,-0.441892186290650,-0.467628442536726,1,0.617594196401280
0.751310229930911,0.337058662825775,-1.205653406192646,0.296167781203308,1,0.205864732133760
0.751939132609391,0.100447056981034,1.351666722020859,-0.548314508584550,-1,1.308711511421760
0.753560230787603,0.337058662825775,-0.181452243963449,-0.453992454320571,1,0.367615593096000
0.754223157869282,-0.160556170954053,0.495250731507235,-0.551903541381860,1,0.183033251596096
0.754462426253066,0.337058662825775,-1.205653406192646,3.139851659268411,-1,0.161750860962240
0.755771816995521,-1.003724347500609,0.837039144732136,-0.554128598516648,1,0.503607157954226
0.756095597606606,0.337058662825775,-1.205653406192646,-0.550414077697340,1,3.339193749789053
0.756119743957263,0.337058662825775,-0.085081379968091,-0.000157297527987,-1,0.808754304811200
0.756823280810502,0.337058662825775,-0.684407442884566,-0.551670182650262,-1,0.823458928535040
0.757244744385609,-2.087381689868009,0.212472090327590,-0.549211766783877,-1,1.352825382593279
0.760148891832832,0.337058662825775,-1.205653406192646,-0.351182718100269,1,0.161750860962240
0.762044380359420,0.337058662825775,-1.003064162418014,-0.377982701296689,1,0.117636989790720
0.762057551096142,0.337058662825775,-0.690196226199547,-0.426763814592553,1,0.191160108409920
0.763414136978518,0.337058662825775,0.006296065844736,-0.477342741645007,1,0.939240836571572
0.763418527224092,-3.640111163120599,0.224976705058951,-0.552244676612831,-1,0.838163552258880
0.767300601872930,-1.415260567703028,-0.064870677893857,-0.552621423309503,1,0.573480325229760
0.768325724214467,-0.281774166223622,-0.554636510645080,-0.550055136733518,1,0.970505165773440
0.768595724317270,0.337058662825775,-0.273743569580779,-0.456593598680444,1,0.764640433639680
0.769383773397808,0.021576521699454,-1.080241180225359,-0.548117138159561,-1,0.411729464267520
0.772134262249940,0.337058662825775,-0.327767824421639,-0.455144645393416,1,0.632298820125120
0.772389994054627,0.337058662825775,-0.338879233341524,-0.425479729202293,-1,0.249978603305280
0.772460237983812,0.337058662825775,1.218076983681863,0.696716691658046,1,0.014704623723840
0.773036457715403,-0.242741135094875,1.286918206188822,-0.549139978591113,1,0.544350492437690
0.774846336453298,-2.950452529030501,0.701479429177669,-0.548475984913156,1,1.470462372383999
0.778012801073569,-3.979630958206667,0.610662952812564,-0.466625103622107,1,0.088227742343040
0.778854630662390,0.337058662825775,0.304826623770015,-0.548170932199021,-1,0.852868175982720
0.780601948400855,0.337058662825775,-1.205653406192646,0.714833318257235,1,0.499957206610560
0.782777315082787,0.337058662825775,-1.205653406192646,0.081716100007250,1,0.823458928535040
0.784965852501442,0.337058662825775,-1.205653406192646,0.033945862444144,1,0.249978603305280
0.786355365225624,0.337058662825775,-1.061999138536907,-0.550539848350018,-1,0.999914413221120
0.790289025259957,-2.036796426113361,-0.542500608226775,-0.503823163752376,1,0.367615593096000
0.792031952752848,-1.053392512007799,-0.538687069446023,-0.551831753189096,1,0.411729464267520
0.792552196853370,-0.237560328819750,-0.676459058878827,-0.406234464086939,1,0.117636989790720
0.795063417321717,-2.679715177503950,-0.453180050388926,-0.474256508827727,1,0.235273979581440
0.796567076430823,0.337058662825775,-1.180900958519374,-0.551311335896667,1,0.794049681087360
0.799420736053944,0.337058662825775,-0.922029360352351,-0.271583555438170,1,0.029409247447680
0.800052931416605,0.337058662825775,1.428005972779753,-0.443797965686674,-1,0.102932366066880
0.803415859526313,0.337058662825775,-1.205653406192646,0.717631361990964,1,0.367615593096000
0.803437810754183,0.337058662825775,0.129214216380135,-0.551975235364398,-1,0.499957206610560
0.803548664454928,-0.598382569583666,-0.644873581946811,-0.551813759035791,1,0.352910969372160
0.804352079394976,0.337058662825775,-1.205653406192646,0.664920740138406,1,0.779345057363520
0.804574884357858,0.337058662825775,-0.458263012990343,-0.474821958608529,1,0.323501721924480
0.807021348703987,-1.066424974998023,-0.327767824421639,-0.550754930297630,-1,0.749935809915840
0.807122324352190,0.337058662825775,-0.297493909860352,-0.538777889963873,-1,0.426434087991360
0.807196958526949,0.337058662825775,-1.205653406192646,0.629563642048568,1,0.397024840543680
0.808341715060377,-1.207239933134373,1.032957065933893,-0.551221553550599,-1,0.661708067572800
0.811329277173506,0.337058662825775,-1.205653406192646,0.752027515768209,1,0.514661830334400
0.812088789657814,0.337058662825775,-1.205653406192646,0.665052634455821,-1,0.735231186192000
0.812813180177529,-4.520140293630863,0.362000735228127,-0.519563054751751,1,0.470547959162880
0.815374888469977,0.337058662825775,-1.205653406192646,0.736237881769123,1,0.205864732133760
0.816232083918307,0.337058662825775,-1.205653406192646,0.369383258902531,-1,0.264683227029120
0.820036231708206,-3.566003108141620,-0.184438813699204,-0.552369976214375,1,1.724046672978120
0.821863671428397,-4.979462211464106,-0.259182066874440,-0.551221553550599,-1,1.793860187881501
0.822298305740226,0.337058662825775,-1.205653406192646,-0.331152681796297,1,0.102932366066880
0.824745867647749,0.337058662825775,-0.528426332505546,-0.524185196895326,-1,0.544071077782080
0.824756843261684,0.337058662825775,-1.205653406192646,0.797917317205887,-1,0.279387850752960
0.825617331394194,0.337058662825775,-1.205653406192646,0.738517769255865,1,0.132341613514560
0.826218795037837,0.337058662825775,-1.205653406192646,0.624457447760080,-1,0.367615593096000
0.826269282861938,-0.146831861163113,0.682190507886075,-0.551418923975587,1,0.060353929508885
0.830740747979090,0.337058662825775,-1.205653406192646,0.463668853808767,-1,0.749935809915840
0.831080992011078,-1.799814762677540,0.204286676977744,-0.550109024983205,1,1.661622480793919
0.831380626271505,0.337058662825775,-1.205653406192646,0.705327506380698,1,1.014619036944960
0.834414285963162,-1.106873878649164,-0.823672717185247,-0.547363456345762,-1,0.382320216819840
0.835099164272710,0.337058662825775,-0.591984434298287,-0.550952394932846,-1,0.544071077782080
0.835298920446329,0.031181929607063,-0.829416728290786,-0.548460346015520,-1,0.514661830334400
0.839223799989514,0.337058662825775,-1.205653406192646,0.976869642869752,1,0.014704623723840
0.839386239075753,0.337058662825775,-1.205653406192646,3.624648064971852,-1,0.029409247447680
0.840428922399586,-2.304492869608859,-0.585969156276714,-0.549875666251607,1,0.911686670878080
0.840761483501819,-1.638839710557545,0.242859252242173,-0.535484017806891,1,1.205779145354879
0.842755752553823,0.337058662825775,-1.205653406192646,4.565836493021187,-1,0.158482552035869
0.844526119081551,-2.679715177503950,-0.453180050388926,-0.480962298555775,1,0.338206345648320
0.845030997322565,-2.252057317898808,-0.252086988507489,-0.517651058200370,1,0.382320216819840
0.846873802902265,0.337058662825775,-0.020506685655067,-0.542732929492009,-1,0.323501721924480
0.848590388921712,0.337058662825775,-1.069194295960260,-0.539168202933194,1,0.602889572677440
0.850053438259258,0.337058662825775,-1.205653406192646,0.514881533056400,-1,0.647003443848960
0.851480268070819,0.337058662825775,-1.205653406192646,0.920503664220270,-1,0.029409247447680
0.852402219641365,-5.582656084925232,0.224976705058951,-0.551742065053254,-1,1.617508609622399
0.852474658693337,0.337058662825775,-1.205653406192646,0.444779703350434,-1,0.088227742343040
0.853665512805293,-3.308201682842402,-0.317902136388009,-0.471806477671520,1,0.088227742343040
0.853842220189648,-0.509761821250141,-0.292929778156593,-0.549732089866079,1,1.514576243555519
0.854072708082285,-3.120180247652571,0.381758447889178,-0.551849747342400,-1,1.352825382593279
0.855619172085737,-2.991802442468620,-0.627533568595657,-0.495202268535464,1,0.352910969372160
0.857286367842476,0.337058662825775,-1.205653406192646,0.738027876076895,-1,0.338206345648320
0.857497099630030,0.337058662825775,-1.205653406192646,0.991849068919004,1,0.058818494895360
0.858348807271392,0.337058662825775,-1.205653406192646,0.480541905415189,-1,0.382320216819840
0.858915148950442,0.337058662825775,0.999269928817457,-0.481747540795527,-1,0.426434087991360
0.859496856489001,0.337058662825775,1.428005972779753,0.489444771840688,1,0.029409247447680
0.863901370361149,-6.098725529877638,0.052213917117119,-0.551024183125610,-1,1.338120758869440
0.866294054198997,0.337058662825775,-1.205653406192646,-0.300881993847333,1,0.044113871171520
0.867119420366915,0.337058662825775,-1.205653406192646,0.729539534648986,-1,0.470547959162880
0.869291494364667,-2.588294863046599,0.284442100176768,-0.551616388610803,1,1.058732908116479
0.872610520018636,-0.306519756444567,-0.247960044260639,-0.463258030118960,1,0.058818494895360
0.874301862126032,0.337058662825775,-1.205653406192646,0.740401973790362,1,1.146960650459520
0.876608936175186,-1.003724347500609,0.949159291813749,-0.519423152565065,-1,0.323501721924480
0.877167594924481,0.337058662825775,-1.205653406192646,0.864476842386998,-1,0.544071077782080
0.877942473268298,-3.471879764323332,-0.427525574378356,-0.551472812225274,1,2.455672161881279
0.881656621023929,0.337058662825775,-1.205653406192646,0.096981925145745,1,0.617594196401280
0.881661011269503,-4.395141275148081,-0.127106682678353,-0.411237027126029,-1,0.014704623723840
0.881776255215822,-2.382285411038162,0.829446304742559,-0.546430398260279,-1,0.896982047154240
0.883638816900605,-4.113221748586708,-0.234375629183899,-0.551670182650262,1,1.441053124936319
0.884415890367209,0.337058662825775,-1.205653406192646,0.673833027586578,1,1.543985491003199
0.884637597768697,0.337058662825775,-1.205653406192646,0.192700457600467,1,0.573480325229760
0.890794917186277,0.337058662825775,-1.205653406192646,0.632663158507816,1,2.058647321337599
0.893615649967593,0.337058662825775,-1.205653406192646,0.737764087442066,1,0.794049681087360
0.893634308511283,0.337058662825775,-0.707828575741767,-0.550862706797004,-1,0.367615593096000
0.896642724290889,-3.685306457613858,-0.238186534305272,-0.542592556254189,-1,0.632298820125120
0.896720651149828,0.337058662825775,-1.205653406192646,0.697216005859687,1,0.176455484686080
0.898264920030493,-3.253143549073824,-0.461357562760635,-0.548547867316147,-1,0.529366454058240
0.899547969299504,0.337058662825775,1.413373361270182,0.395507754773334,1,0.014704623723840
0.903108458460045,-1.555818094471670,-0.060583080424890,-0.550808818547317,1,1.485166996107839
0.903867970944352,0.337058662825775,-1.205653406192646,0.299863648397724,1,0.161750860962240
0.908496387340776,-3.238373424351570,-0.620396351678642,-0.553410905009458,-1,1.058732908116479
0.908879436267110,-0.884919771303305,1.190739599328129,-0.554487548901492,1,0.141086219432162
0.911003217563548,-2.679715177503950,-0.617783761574701,-0.551688082593340,1,0.544071077782080
0.913764682029614,-0.017858745941338,-0.747625802617419,-0.551401024032509,-1,1.588099362174719
0.914211389516772,-4.791456865734757,0.517605232315953,-0.551813947456245,-1,1.279302263974079
0.917051878403171,0.140043219226642,-0.695913900711296,-0.551490806378578,-1,0.617594196401280
0.918644439985151,-3.685306457613858,-0.143337925430960,-0.549139978591113,1,0.691117315020480
0.919757367238168,-1.484396979393145,0.153654575416999,-0.481040775674637,-1,0.176455484686080
0.921507977660814,0.337058662825775,-1.205653406192646,0.584973941739693,-1,0.720526562468160
0.922224685250775,0.337058662825775,-0.876445983821096,-0.520681141722522,-1,0.823458928535040
0.922301514548320,0.337058662825775,-1.205653406192646,-0.529451642779472,-1,1.102846779288000
0.927126394434182,-3.070125936093820,-0.626827747882092,-0.551706170956871,-1,0.499957206610560
0.928278833897365,-3.397996961791096,-0.585969156276714,-0.548817025933900,1,0.558775701505920
0.931319078957382,-3.883126374237078,0.222772332158751,-0.551867647285478,-1,0.808754304811200
0.931420054605585,-0.865885939553384,1.098798550408203,-0.550647342218711,-1,0.985209789497280
0.934946519362927,0.337058662825775,1.413921162421008,0.295722166830900,1,0.029409247447680
0.935341641464590,-4.451470476294717,0.374542221190793,-0.548081244063179,-1,0.823458928535040
0.935430543937464,0.337058662825775,-0.857401992851747,-0.462528842964110,-1,0.147046237238400
0.936228471070544,0.337058662825775,0.503915470864054,-0.428730924126567,1,0.294092474476800
0.937304081236182,-1.271887385350078,1.116125395462462,-0.466002374023455,-1,0.264683227029120
0.938232618175090,0.337058662825775,-1.205653406192646,0.260194548230689,-1,0.615179576709612
0.938640911013475,-1.124926253309696,-0.958747839413984,-0.414687947730960,-1,0.171709034767721
0.939124935588012,0.337058662825775,-0.059758745039271,-0.104137124764212,-1,0.676412691296640
0.939505789391559,-2.814480498499160,0.729280337582101,-0.551598488667725,-1,1.676327104517759
0.940384936067759,0.337058662825775,-1.205653406192646,0.763031270249672,1,0.073523118619200
0.940525423926128,-1.299159020866659,-0.845774386693584,-0.549445219725701,1,0.661708067572800
0.940669204468678,-3.128369783037787,-0.519803731698791,-0.505386676675102,-1,0.455843335439040
0.941043472903864,0.337058662825775,-1.205653406192646,0.378587598053549,-1,0.529366454058240
0.943598595827951,0.337058662825775,-1.205653406192646,0.705506505811475,1,0.529366454058240
0.947127255708079,-1.396886403832861,-0.166050603915218,-0.551347135782823,-1,1.779259470584639
0.947500426581872,0.337058662825775,-1.205653406192646,0.699656050731861,1,0.602889572677440
0.948807622201540,0.337058662825775,-1.205653406192646,1.015109573897371,-1,0.742833915539536
0.952684209043410,0.337058662825775,-1.205653406192646,2.322794625951746,-1,0.011679700672955
0.953159453126800,-1.271887385350078,-0.682529643747358,-0.541224623762144,-1,0.499957206610560
0.954581892692786,0.337058662825775,-1.205653406192646,0.639785451648215,-1,0.896982047154240
0.955014331881828,0.337058662825775,-1.205653406192646,-0.288479217499006,-1,0.852868175982720
0.955267868563728,0.337058662825775,-1.205653406192646,0.180840332158075,1,0.014704623723840
0.956399454360435,-3.025284609731159,-0.591133762318879,-0.546232933625064,-1,1.514576243555519
0.957728601207974,0.337058662825775,-1.205653406192646,0.735776251658171,1,0.044113871171520
0.958596772270238,0.337058662825775,1.331561366321783,0.235634884225786,1,0.088227742343040
0.960514212024697,-2.771135491961301,-0.605908591434914,-0.552190694152917,1,1.617508609622399
0.960651407198886,0.337058662825775,-1.205653406192646,0.028554211168680,1,0.294092474476800
0.961447139209179,0.337058662825775,1.428005972779753,-0.551831753189096,1,0.288163503115016
0.962535920111539,-2.378037793470977,0.374542221190793,-0.551688082593340,-1,0.749935809915840
0.965036164965950,-0.248018478132892,-1.012946705871670,-0.541383273783949,1,0.911686670878080
0.966232506884874,-1.522995595088884,-0.806614505387643,-0.551688176803567,1,0.602889572677440
0.971653362607410,0.337058662825775,-1.205653406192646,-0.375786660911733,1,0.426434087991360
0.972685070317308,0.337058662825775,1.428005972779753,-0.477244574588759,-1,0.044113871171520
0.972797021579446,0.107204630383372,0.038018493064458,-0.421960035131852,1,0.014704623723840
0.976414583932448,-3.215156332876391,-0.142948143842872,-0.550916500836464,1,1.705736351965439
0.976471657124911,-4.410651515052495,-0.073833020760500,-0.551239453493676,-1,0.617594196401280
0.977338730625782,0.337058662825775,-1.205653406192646,-0.119848564275116,-1,0.542204796455253
0.978282633424199,0.337058662825775,-1.205653406192646,-0.261639666007362,-1,3.484995822550078
0.978942267821698,0.337058662825775,-0.886422285548644,-0.510755340655244,-1,0.426434087991360
0.979939951128396,0.337058662825775,-0.987995680281224,-0.447556953732996,-1,0.661708067572800
0.980967268592720,0.337058662825775,-1.205653406192646,0.673955500881320,1,0.602889572677440
0.981146171099862,-0.824037252840330,0.018442502900556,-0.547242207783967,1,0.097541070178185
0.981645561533908,-3.152214363471753,0.723222921010465,-0.552513552599903,-1,0.632298820125120
0.989781784143983,-7.369664192252707,0.111176283293553,-0.551311241686441,-1,1.588099362174719
0.993062395149179,0.337058662825775,-1.205653406192646,0.606670556954427,-1,0.102932366066880
0.993174346411317,0.337058662825775,-1.205653406192646,0.693146124065173,1,1.220483769078719
0.995653737599251,-6.784506603991631,0.119672468450118,-0.548314602794777,1,0.558695763711906
0.997410933390258,-1.509271285297944,-0.784267905557062,-0.550449971793722,-1,1.808668718032319
0.997553616371414,0.337058662825775,-1.205653406192646,0.799000734813223,-1,0.749935809915840
0.997691909106996,0.337058662825775,-0.069563858907185,-0.404016755349836,-1,0.529366454058240
1.000855081043086,0.337058662825775,-1.180329770473263,-0.428245741458935,1,0.073523118619200
1.001023007936293,-0.275869334226816,0.793620636210397,-0.535008256161931,-1,0.499957206610560
1.002026179049959,-0.994488997184080,1.161980038909751,-0.551975329574624,1,1.176369897907200
1.004189472556564,0.337058662825775,-1.177334456988370,-0.548442728703122,1,0.455843335439040
1.004933619181362,0.337058662825775,-0.356084930064351,-0.446430199421366,1,0.352910969372160
1.005345204703928,-0.298893352176212,1.304068596064691,-0.550414077697340,1,0.325965320029658
1.005881912225353,0.337058662825775,-1.205653406192646,0.928916637466800,-1,0.220569355857600
1.006786302813604,-1.106873878649164,0.953083444288418,-0.551742253473707,-1,0.720526562468160
1.007302156668553,-6.341579846389300,0.313765263702247,-0.546771627701477,1,0.985209789497280
1.009352401351626,0.337058662825775,-1.205653406192646,-0.349127993055400,-1,0.720526562468160
1.009939596697153,-2.953960031415523,-0.584507475321385,-0.553033969892331,-1,1.426348501212479
1.010243621203154,0.337058662825775,-1.205653406192646,-0.435028877783124,-1,0.838163552258880
1.011456426542981,0.337058662825775,-1.205653406192646,-0.016850407601365,1,0.161750860962240
1.012222524395649,0.337058662825775,-1.205653406192646,0.516737474522879,-1,0.382320216819840
1.012867890495032,0.337058662825775,-1.205653406192646,0.657515816317833,1,0.044113871171520
1.013995086046165,-0.863649504546419,-0.623475099492660,-0.551867647285478,-1,0.676412691296640
1.016440452830901,0.337058662825775,-1.205653406192646,0.572999821922964,-1,0.102932366066880
1.017523745926293,0.337058662825775,-1.205653406192646,0.692590283727497,-1,0.308797098200640
1.019417039330095,0.337058662825775,-1.205653406192646,-0.209291753527695,-1,0.411729464267520
1.020293990883508,-3.238373424351570,-0.499724712593505,-0.549965448597676,-1,1.249893016526399
1.020520088530570,0.337058662825775,-1.205653406192646,-0.489159153542198,-1,1.176369897907200
1.025089236611744,0.337058662825775,-1.205653406192646,3.659609480109446,-1,0.014704623723840
1.025460212362750,-1.875242153416023,0.608092501258687,-0.551867553075251,1,1.180033901724799
1.026395334670019,-1.003724347500609,-0.862132045096381,-0.537223892274046,1,0.455843335439040
1.029603506623243,0.337058662825775,-1.205653406192646,0.055510583341464,1,0.352910969372160
1.030411311808865,0.337058662825775,-1.205653406192646,0.736718353925420,1,0.044113871171520
1.031222409678667,0.337058662825775,-1.115962292480176,-0.551903541381860,1,0.588184948953600
1.031873263585018,0.337058662825775,-1.205653406192646,0.215051833890939,1,0.147046237238400
1.031946800198383,-4.489779481701786,0.218671724505691,-0.519844649119432,-1,0.323501721924480
1.032381434510212,-1.773041900435894,-0.173258929635466,-0.540915896849167,-1,1.499871619831679
1.033205703116736,-2.237255014255591,-0.371881619019427,-0.524866242624320,-1,0.617594196401280
1.033965215601044,0.337058662825775,-1.205653406192646,4.702196375182745,-1,0.029409247447680
1.034524971911733,-1.140549119437483,-0.736085107218762,-0.552011223671006,1,1.073437531840320
1.035148386783246,0.337058662825775,-1.169074774444036,-0.551131865414757,1,0.852868175982720
1.037577290147079,0.337058662825775,-1.205653406192646,0.602911568908106,1,0.602889572677440
1.038981071169376,0.337058662825775,1.428005972779753,0.415602796133746,1,0.014704623723840
1.039297168850706,0.337058662825775,-1.205653406192646,0.697592846766587,-1,1.279302263974079
1.042063023562347,-1.322971422379662,0.957710783817272,-0.549139884380886,-1,0.632298820125120
1.042372535875316,0.337058662825775,-0.518610684000116,0.601564362665940,1,0.029409247447680
1.042581072540082,0.337058662825775,-0.402708602050299,-0.119427444561656,-1,0.470547959162880
1.044521561083805,0.337058662825775,-1.205653406192646,0.517444051223316,-1,0.794049681087360
1.048765830992500,-3.110687465968334,-0.582721854262442,-0.548709249434527,1,0.499957206610560
1.050843514710411,0.337058662825775,-1.205653406192646,4.277383620835021,-1,0.044113871171520
1.054283272117665,-0.383363019705446,-0.459837941298968,-0.527416230831082,-1,0.352910969372160
1.059371566737969,0.337058662825775,-0.789811758549799,-0.497515506442467,1,0.338206345648320
1.061310957720298,0.337058662825775,-1.205653406192646,0.723368764798508,1,1.294006887697919
1.061379006526695,0.337058662825775,-1.205653406192646,0.826453594880846,-1,0.808754304811200
1.061992543345666,0.337058662825775,-1.205653406192646,0.315514793363525,1,0.647003443848960
1.063555470770021,-0.168166485761925,0.798724668086846,-0.551239453493676,1,0.802112501460440
1.065619983751210,-2.429652782696460,-0.144128023244652,-0.551257541857208,1,1.573394738450879
1.066457423094457,-0.136164548863707,0.111176283293553,-0.549714189923001,-1,0.970505165773440
1.066897545213254,0.337058662825775,-1.205653406192646,-0.424368048526939,-1,0.014704623723840
1.066928276932272,0.337058662825775,-1.205653406192646,0.434897050566996,-1,0.323501721924480
1.069023521632479,0.337058662825775,-1.205653406192646,0.556258664633957,1,0.647003443848960
1.070960717492021,0.337058662825775,-1.205653406192646,0.910790589844938,-1,0.220569355857600
1.072407303408664,0.337058662825775,-1.205653406192646,0.703462143891545,-1,1.249893016526399
1.072776084036883,0.337058662825775,-1.205653406192646,0.544680227769472,1,0.014704623723840
1.072809010878688,0.337058662825775,1.428005972779753,-0.550898600893386,1,1.751894359140087
1.074757182352165,0.337058662825775,-0.924728861215797,-0.547829985388504,1,1.161665274183360
1.074884499473812,0.337058662825775,-1.205653406192646,0.988410395643547,-1,0.088227742343040
1.076694378211707,0.337058662825775,-1.205653406192646,1.167645351987587,1,0.044113871171520
1.077024744191153,0.337058662825775,-1.205653406192646,0.871778134958174,-1,0.558775701505920
1.084237917669288,0.337058662825775,-1.205653406192646,0.666983944103681,-1,0.411729464267520
1.088370236315845,0.337058662825775,-0.554636510645080,-0.483551760847535,1,0.147046237238400
1.088483285139377,0.337058662825775,-1.205653406192646,0.912759583583487,-1,0.661708067572800
1.090529139576876,-1.106873878649164,-0.637238603407170,-0.551705982536418,-1,0.249274407074337
1.090728895750494,0.337058662825775,-1.205653406192646,-0.313487322183119,-1,0.426434087991360
1.093175360096624,-1.258597490992146,-0.121204652010076,-0.548781131837518,-1,0.397024840543680
1.095403409725445,0.337058662825775,0.421948090012296,-0.437899463391431,1,0.308797098200640
1.095808409879650,0.337058662825775,-1.205653406192646,0.783823467287848,-1,0.397024840543680
1.097089264025874,0.337058662825775,-1.205653406192646,0.533987367036200,1,0.720526562468160
1.098025483894536,0.337058662825775,0.769591128036653,-0.492445583091268,-1,0.441138711715200
1.098698289028756,-3.778850580854802,0.489156443704293,-0.551293435953590,1,2.763463478479172
1.102772436921458,0.337058662825775,-1.205653406192646,0.254081246618513,-1,0.999914413221120
1.105353901318989,0.337058662825775,-1.205653406192646,0.686494882058399,1,1.602803985898559
1.107546828983218,0.337058662825775,-0.700275240642875,-0.553141652181478,1,1.607265008090264
1.108524756184834,-5.578183214911303,0.111176283293553,-0.554828486290986,1,1.411643877488639
1.111809757435604,0.337058662825775,-1.205653406192646,0.262970923612271,1,0.014704623723840
1.111874513557821,0.337058662825775,-0.711842272635321,-0.452316454387135,1,0.441138711715200
1.112248781993007,-1.533807712532626,-0.826898949924488,-0.553410810799231,1,0.720526562468160
1.112266342975303,0.337058662825775,-1.205653406192646,0.394264179780565,1,1.382234630040959
1.116373417709810,0.337058662825775,-1.205653406192646,0.178915617226086,-1,0.747429296444289
1.116608295848021,0.337058662825775,1.428005972779753,0.402272049052178,1,0.073523118619200
1.117351344911426,-1.180821039023325,0.870515589098254,-0.454743309827568,-1,0.058818494895360
1.117920979274657,0.337058662825775,-1.205653406192646,0.705478242743457,1,0.749935809915840
1.119556345750984,-0.145625151626982,-0.297493909860352,-0.543511388595436,1,0.507439459808237
1.123685371713361,0.337058662825775,-0.741981870568281,-0.119123145529335,-1,0.208352652620934
1.123994884026330,0.337058662825775,1.428005972779753,0.339994378675712,1,0.044113871171520
1.129905252130371,0.337058662825775,-0.627947053118156,-0.479726825642506,1,0.205864732133760
1.130565984089263,-1.084799138868190,0.129722512640277,-0.551257541857208,1,0.926391294601919
1.134183546442266,0.337058662825775,1.428005972779753,0.330845623558461,1,0.014704623723840
1.134339400160144,0.337058662825775,-1.205653406192646,0.115156962085505,1,0.044113871171520
1.138305987036282,0.337058662825775,-1.205653406192646,0.644260437417645,-1,0.235273979581440
1.138360865105957,0.337058662825775,-1.205653406192646,0.178950475009974,1,0.147046237238400
1.142981598572626,0.337058662825775,-1.205653406192646,0.420171992129901,-1,0.558775701505920
1.143245013307068,0.337058662825775,1.428005972779753,0.306999130969865,1,0.044113871171520
1.143420623130030,-3.824013696427098,0.352285165779097,-0.552513646810130,-1,0.632298820125120
1.145747453284267,0.337058662825775,-1.205653406192646,0.613783429072154,1,0.014704623723840
1.146340136436761,0.337058662825775,-1.205653406192646,0.263820699857329,1,0.235273979581440
1.149523064477934,-5.186195689194221,0.363902237299745,-0.505661582116685,-1,0.393064136731114
1.156580384238191,-5.590636457324185,-0.169458559151609,-0.548242720391785,-1,0.029235499305019
1.158303555625999,0.337058662825775,-1.205653406192646,0.514288008628033,-1,0.352910969372160
1.158720628955532,0.337058662825775,0.577552587100123,-0.366131054774702,1,0.161750860962240
1.164790143461632,-2.046562728625788,-0.564120318068759,-0.509455522157121,-1,0.911686670878080
1.169103559738118,-0.375768794358056,-0.815482036516643,-0.509104777483025,-1,0.288913248353926
1.171814536380083,-1.589815124469627,0.070567889329178,-0.544966182916522,-1,2.588013775395839
1.176413318618882,0.337058662825775,-1.205653406192646,-0.269579703915732,1,1.088142155564160
1.180441368933057,0.337058662825775,-1.205653406192646,0.965253521914577,1,1.294006887697919
1.181121856997032,0.337058662825775,0.986230681232165,-0.554039004591032,1,0.233461630143261
1.181451125415084,-4.155456582351325,-0.091412697115141,-0.509990070983558,-1,0.352910969372160
1.184326736266075,-2.845468799387027,-0.332387262972357,-0.477899053033817,-1,0.382320216819840
1.185523078184999,0.337058662825775,-1.205653406192646,0.180868595226092,-1,0.323501721924480
1.185786492919441,0.337058662825775,-1.205653406192646,-0.403939502963922,-1,1.220483769078719
1.185885273444857,0.337058662825775,0.141800474552244,-0.440006004060998,1,0.014704623723840
1.188936494118809,0.337058662825775,-0.652584936608442,-0.481745562380766,1,0.205864732133760
1.189748689550005,0.337058662825775,-1.205653406192646,0.102979348179050,-1,1.235188392802560
1.190473080069721,0.337058662825775,-0.760528099915005,-0.521752500420837,-1,0.588184948953600
1.191087714450085,0.337058662825775,-1.205653406192646,0.177219833145039,1,0.779345057363520
1.191219421817306,0.337058662825775,-1.205653406192646,0.399379795091725,-1,0.294092474476800
1.193425520218257,0.337058662825775,-1.205653406192646,0.706910238189675,1,0.573480325229760
1.193612105655153,-1.934387010146967,0.968927539112316,-0.513708454422162,-1,0.308797098200640
1.195006008624909,-3.770886297916331,-0.218031139077997,-0.543054092154914,-1,0.647003443848960
1.195752350372494,0.337058662825775,0.709735951330747,-0.546340615914211,-1,0.808754304811200
1.204082841349221,0.337058662825775,1.375751537041562,0.378078862829235,1,0.058818494895360
1.206716988693640,0.337058662825775,-1.205653406192646,0.260732488625288,-1,0.485252582886720
1.207408452371550,0.337058662825775,-1.205653406192646,-0.350149231913097,-1,1.764554846860799
1.207968208682239,0.337058662825775,-1.205653406192646,-0.463794086309025,1,0.529366454058240
1.208484062537188,0.337058662825775,-1.205653406192646,0.067843644122014,1,0.485252582886720
1.209757233753657,0.337058662825775,-1.205653406192646,0.821573505136498,-1,0.132341613514560
1.211919429698868,0.337058662825775,-1.205653406192646,0.607320607518829,1,0.014704623723840
1.212062112680024,0.337058662825775,-1.205653406192646,3.238753555284166,-1,0.147046237238400
1.212413332325947,0.337058662825775,-1.205653406192646,0.523426400620344,1,1.146960650459520
1.214125528099819,0.337058662825775,1.135377445522751,0.414359221140977,1,0.132341613514560
1.216309675272900,0.337058662825775,-1.180329770473263,-0.500231869909624,-1,0.308797098200640
1.216792602286044,-0.313019898479197,-0.817357201994471,-0.550844712643699,-1,0.602889572677440
1.217571870875435,0.337058662825775,-1.205653406192646,0.268804420851074,-1,0.970505165773440
1.220085286466568,0.337058662825775,-0.469121590609846,-0.433383025122241,1,0.691117315020480
1.224245044147964,0.337058662825775,1.428005972779753,0.370801122814740,1,0.014704623723840
1.225682849573459,-0.181955153394792,1.186138596393065,-0.528923029197319,-1,0.426434087991360
1.227438947803072,0.337058662825775,1.292946652507290,0.443960074377927,1,0.014704623723840
1.230402363565544,-1.184923851446173,0.304826623770015,-0.548206826295403,1,0.896982047154240
1.232860901087002,-2.413981648187226,0.767552675677328,-0.552154705846308,1,1.810741491210749
1.235703585096188,0.337058662825775,-0.599492997187738,-0.203232151744752,-1,0.088227742343040
1.236241390179007,0.337058662825775,-1.205653406192646,0.620915143235226,-1,0.279387850752960
1.239665781726752,0.337058662825775,0.640623461907754,0.552169940794098,1,0.073523118619200
1.241718221532612,0.337058662825775,-1.205653406192646,0.614998740996905,-1,0.632298820125120
1.243221880641718,0.337058662825775,-1.205653406192646,0.692251126911287,1,0.779345057363520
1.243419441692550,-0.500928707445655,-0.530915140618676,-0.551078071375297,-1,0.794049681087360
1.245065783782812,-5.026089467940241,0.139393309879864,-0.545829148593321,-1,0.426434087991360
1.245406027814799,0.337058662825775,-1.205653406192646,-0.052085974498728,1,0.970505165773440
1.246251150087800,0.337058662825775,-1.205653406192646,0.850825780534566,1,0.014704623723840
1.247304809025568,-5.820635294910923,-0.094578355688665,-0.543379211647341,1,0.573480325229760
1.248171882526440,0.337058662825775,1.428005972779753,0.411391598999144,1,0.029409247447680
1.250059688123274,0.337058662825775,-1.205653406192646,0.928313692015761,-1,1.558690114727039
1.250081639351144,-3.999115294850076,-0.422674373802289,-0.547704497366506,-1,1.661622480793919
1.253582860196434,0.337058662825775,-1.205653406192646,0.960382853192902,-1,0.502005516961928
1.255569446318684,0.337058662825775,-1.205653406192646,0.168558144899955,-1,0.882277423430400
1.262088960996122,0.337058662825775,-1.205653406192646,-0.554056904534110,1,2.352739795814399
1.265293840265165,0.337058662825775,0.694663518704888,-0.323861752350060,-1,0.764640433639680
1.267467011824311,0.337058662825775,-1.116073169540031,-0.390686008268269,1,0.617594196401280
1.267697499716948,0.337058662825775,-1.205653406192646,0.670187091812326,1,1.279302263974079
1.268652378129300,-6.263739036578552,-0.033674982549929,-0.553626269587751,1,1.441053124936319
1.270123110396601,0.337058662825775,-1.205653406192646,-0.070218616836461,-1,0.088227742343040
1.271001159511408,0.337058662825775,-1.205653406192646,0.741645548783130,1,0.955800542049600
1.277795064537222,-3.319641289244931,0.600283701200033,-0.470680382831478,-1,0.073523118619200
1.278662138038094,0.337058662825775,-1.116376830466426,-0.327742271588857,1,1.323416135145599
1.279836528729148,0.337058662825775,-1.205653406192646,-0.494514722300826,-1,1.352825382593279
1.280462138723447,0.337058662825775,-1.205653406192646,0.394414916143325,1,0.176455484686080
1.281208480471033,-1.710695241069078,-0.669166456058453,-0.549803972269070,1,0.779345057363520
1.281406041521864,0.337058662825775,-0.085455359599905,2.178351506337195,-1,0.044113871171520
1.281987749060423,0.337058662825775,-1.205653406192646,0.526648390374334,-1,0.058818494895360
1.282931651858840,0.337058662825775,-1.205653406192646,-0.056921785436515,1,0.985209789497280
1.283151164137542,0.337058662825775,0.479888596349689,-0.342075415482777,-1,0.088227742343040
1.283249944662958,0.337058662825775,-1.205653406192646,-0.090924140466050,-1,0.514661830334400
1.284292627986790,0.337058662825775,-0.519419217429461,-0.087060579068064,-1,0.441138711715200
1.292502387210230,0.337058662825775,-0.937596920941456,0.543634494252826,-1,0.014704623723840
1.292677997033192,-0.167490728421692,-0.958747839413984,-0.551670182650262,-1,0.779345057363520
1.295147510168585,0.337058662825775,-0.641297072510167,-0.550055136733518,1,1.911601084099199
1.298176779614667,0.337058662825775,-1.158455333096144,0.519761622800747,-1,0.058818494895360
1.300031658369696,0.337058662825775,-1.205653406192646,0.112611401759399,-1,0.647003443848960
1.301063366079593,0.337058662825775,-1.205653406192646,0.515239531917954,1,0.308797098200640
1.301864585896854,0.337058662825775,-0.700204131839642,-0.501518687396459,-1,0.588184948953600
1.307363368478330,0.337058662825775,-1.205653406192646,-0.223668234125908,-1,0.161750860962240
1.309064588638267,0.337058662825775,-1.205653406192646,0.398400008733787,-1,0.999914413221120
1.316495079272317,0.337058662825775,-1.205653406192646,0.747995318064385,1,0.382320216819840
1.317274347861708,0.337058662825775,-1.205653406192646,0.136083879747897,-1,0.073523118619200
1.317351177159253,0.337058662825775,0.637908159088033,0.734108730645141,1,0.029409247447680
1.317570689437955,0.337058662825775,1.428005972779753,0.378229599191995,1,0.002352256703118
1.317790201716656,0.337058662825775,0.599232871107823,-0.441283494735387,1,0.132341613514560
1.319436543806918,0.337058662825775,-1.205653406192646,-0.004690693637987,-1,0.191160108409920
1.320786544320934,0.337058662825775,0.617650051144978,-0.392992274618493,1,0.808754304811200
1.322235325360364,-2.057841440423501,-0.711842272635321,-0.551221553550599,-1,0.252084737658910
1.322762154829248,0.337058662825775,-1.205653406192646,-0.552154705846308,1,0.955800542049600
1.324386545691640,0.337058662825775,-0.928426518983875,-0.528201944121967,-1,0.838163552258880
1.324880448318719,0.337058662825775,-1.205653406192646,0.653200987933834,1,0.117636989790720
1.326680449004072,-6.173557610578296,-0.017293621212720,-0.517481762422946,-1,0.955800542049600
1.328930449860763,0.337058662825775,-1.205653406192646,0.723707921614717,1,0.676412691296640
1.330280450374778,0.337058662825775,-1.205653406192646,-0.393055395470399,1,1.102846779288000
1.331531670363378,-1.079618332593064,-0.409429700785437,-0.535142694155467,-1,0.294092474476800
1.331937768078976,0.337058662825775,-1.205653406192646,0.652089307258481,1,0.676412691296640
1.333990207884836,0.337058662825775,-1.205653406192646,0.912533479039347,-1,0.529366454058240
1.337699965394893,0.337058662825775,-1.205653406192646,0.410298760369136,-1,0.779345057363520
1.337809721534244,0.337058662825775,-1.205653406192646,-0.457905005036454,-1,0.499957206610560
1.338051185040815,0.337058662825775,0.664982177503869,0.320649250720030,1,0.073523118619200
1.339697527131077,0.337058662825775,0.012906550885956,0.457168348164752,1,0.014704623723840
1.343725577445252,-7.234448366364009,0.046414599164622,-0.530989718940982,1,0.602889572677440
1.345415821991255,0.337058662825775,-1.205653406192646,0.546347748782502,1,0.514661830334400
1.347314603202024,0.337058662825775,-1.205653406192646,0.344488206490487,-1,0.029409247447680
1.349125579501312,0.337058662825775,0.657178644763974,-0.460615433259328,1,0.159442142883371
1.351990214738368,0.337058662825775,-0.834989551536692,3.140558235968847,-1,0.014704623723840
1.352198751403134,-6.719714346631590,-0.041944672999902,-0.550952394932846,1,0.627691851891441
1.352879239467109,0.337058662825775,-1.205653406192646,0.526064286968640,1,0.499957206610560
1.357719485212480,0.337058662825775,0.152651151193611,-0.396018307100896,-1,0.088227742343040
1.361363389038927,0.337058662825775,1.319773106941503,-0.512957316284484,-1,0.220569355857600
1.365621927245738,-2.029041306161154,-0.490801874617547,0.568571941266895,-1,0.102932366066880
1.366181683556427,0.337058662825775,-1.205653406192646,-0.219370363582720,1,0.161750860962240
1.366412171449064,0.337058662825775,-1.205653406192646,0.406709350730919,1,0.794049681087360
1.369836562996809,-2.328643149791980,-0.364860283115087,-0.551742065053254,-1,1.055411061331879
1.376871931529196,0.337058662825775,-1.205653406192646,0.579415538362926,-1,0.617594196401280
1.383907300061583,0.337058662825775,0.289730488209745,-0.326232081654458,1,0.249978603305280
1.386113398462534,-0.109874370436513,0.020981350541886,-0.500793174440451,-1,0.279387850752960
1.388495106686446,0.337058662825775,0.434052388518054,0.178600955068825,-1,0.294092474476800
1.388539009142186,0.337058662825775,-1.205653406192646,-0.215033866846575,-1,0.749935809915840
1.391370717537437,0.337058662825775,-0.565526692177131,-0.171495552667950,1,0.735231186192000
1.394784133471247,0.337058662825775,-0.944298003865314,2.210326457287612,-1,0.073523118619200
1.401007306572438,0.337058662825775,-1.205653406192646,0.261527622938846,-1,0.573480325229760
1.401446331129841,0.337058662825775,-1.205653406192646,0.388093409930087,1,0.014704623723840
1.404596332329210,0.337058662825775,-0.629540417042434,-0.523956642885292,1,0.852868175982720
1.405792674248134,0.337058662825775,0.516902045261767,-0.464319779374149,1,0.166986007870266
1.405825601089939,0.337058662825775,-1.205653406192646,-0.135639140376469,-1,1.926305707823039
1.406352430558823,0.337058662825775,-1.205653406192646,0.256746453932559,-1,0.514661830334400
1.408503650890098,0.337058662825775,-1.205653406192646,0.905957605213952,-1,0.426434087991360
1.409096334042593,0.337058662825775,-1.205653406192646,0.488116407643868,1,1.426348501212479
1.410062188068880,0.337058662825775,-1.205653406192646,0.639936188010974,-1,0.367615593096000
1.411499993494375,0.337058662825775,-1.205653406192646,0.207791051717255,-1,0.088227742343040
1.411960969279649,0.337058662825775,-1.205653406192646,-0.450113819286308,1,0.573480325229760
1.412257310855896,0.337058662825775,-1.205653406192646,-0.054960328516104,1,0.308797098200640
1.415132921706887,0.337058662825775,-1.205653406192646,0.051534911773675,1,0.088227742343040
1.415868287840538,-4.751056230465062,-0.091412697115141,-0.550324389561498,1,0.676412691296640
1.416208531872525,0.337058662825775,-1.205653406192646,-0.514315733543630,1,0.397024840543680
1.417679264139826,0.337058662825775,-1.205653406192646,0.354526306148021,1,0.455843335439040
1.420423167623596,0.337058662825775,-1.205653406192646,-0.185298292985408,-1,0.691117315020480
1.425548779331279,0.337058662825775,1.271240031905800,-0.500905944081841,-1,0.132341613514560
1.426328047920670,0.337058662825775,-1.205653406192646,0.735861040862224,-1,0.279387850752960
1.426657316338722,0.337058662825775,-1.205653406192646,1.267885033222834,1,0.029409247447680
1.427491462997788,0.337058662825775,-1.205653406192646,0.910507959164763,-1,1.390239168094922
1.427831707029775,-4.901363970285650,0.244768655291928,-0.487515656136983,1,0.367615593096000
1.428753658600322,0.337058662825775,-1.205653406192646,0.475972709419034,1,0.852868175982720
1.428841463511803,0.337058662825775,-1.205653406192646,0.102548807442917,1,0.279387850752960
1.430180488411883,0.337058662825775,-1.205653406192646,0.782391471841630,-1,1.235188392802560
1.431069513140624,0.337058662825775,0.616554448843325,-0.450283397694413,1,0.588184948953600
1.436875612912282,-0.887140116849787,1.223449648814966,-0.554003110494650,1,0.370095798800819
1.438401223249258,0.337058662825775,-1.205653406192646,0.665834579337638,1,0.896982047154240
1.443351225133980,0.337058662825775,-1.205653406192646,0.700927888792647,1,1.191074521631039
1.443471956887265,0.337058662825775,1.428005972779753,0.455255880562238,1,0.014704623723840
1.444042688811889,0.337058662825775,-1.205653406192646,0.887200349073033,-1,0.647003443848960
1.445140250205398,0.337058662825775,-1.205653406192646,-0.436081206015641,1,1.338120758869440
1.445710982130022,-0.333340887067658,-0.239977422682973,-0.553087858142018,1,0.985209789497280
1.447478055973570,0.337058662825775,1.428005972779753,0.389638457648375,1,0.073523118619200
1.448882934557260,0.337058662825775,-1.205653406192646,0.756672079945744,1,0.617594196401280
1.449519520165495,-2.550790330663618,0.470312610847746,-0.551562500361116,-1,0.882277423430400
1.462525622678566,0.337058662825775,-1.017534803875778,-0.550270501311811,-1,0.808754304811200
1.466432941239454,0.337058662825775,0.281089451787337,-0.454542642044644,1,0.249978603305280
1.467146356145234,0.337058662825775,-1.205653406192646,0.813235900071348,-1,1.205779145354879
1.470493918395434,0.337058662825775,-1.062741567115839,0.454313778294989,-1,1.058732908116479
1.471909772593059,-3.671759131888217,0.470312610847746,-0.553357016759771,1,0.828430953724495
1.473270748721010,0.337058662825775,-1.205653406192646,0.131991387498969,1,0.161750860962240
1.474489041867803,0.337058662825775,-0.987252461604478,0.331941288495271,-1,0.264683227029120
1.475696359400662,0.337058662825775,-1.205653406192646,-0.150748576538602,1,0.499957206610560
1.476058554660520,0.337058662825775,-1.205653406192646,0.220219264826798,-1,0.294092474476800
1.477639043067171,-4.372052899356758,0.476641294335416,-0.523263915088184,-1,0.705821938744320
1.478890263055771,0.337058662825775,-1.205653406192646,-0.030531616726348,1,0.176455484686080
1.479471970594330,0.049749167003012,-0.715668979712968,-0.516563872183965,-1,0.338206345648320
1.484696362827429,-2.207698675350601,0.538719279557175,-0.551311241686441,-1,1.073437531840320
1.485837826676677,-6.256981463176214,0.163156818456332,-0.551778053359862,-1,0.882277423430400
1.488153681216979,0.337058662825775,-1.205653406192646,4.356181054467691,-1,0.205864732133760
1.490239047864644,0.337058662825775,-1.205653406192646,0.309105671639433,1,0.191160108409920
1.494464659229650,0.337058662825775,-1.205653406192646,-0.275728805414064,1,1.176369897907200
1.496956123592913,0.337058662825775,-1.205653406192646,-0.342996791500146,1,1.132256026735679
1.499326856202891,0.337058662825775,-1.205653406192646,0.718931463119767,-1,0.705821938744320
1.500259783387373,0.337058662825775,-1.205653406192646,0.526167918218037,1,0.382320216819840
1.503113443010494,0.337058662825775,-1.205653406192646,0.170627943581101,-1,1.367530006317119
1.505714663513108,0.337058662825775,-1.205653406192646,0.299337013230332,1,1.044028284392640
1.506351249121342,-2.165753451874656,0.663394080898349,-0.552711017235119,1,0.764640433639680
1.506768322450876,0.337058662825775,-1.086713924881060,0.756653237900399,-1,0.058818494895360
1.515559789212875,-2.588294863046599,0.416680771254352,-0.520064441578381,-1,0.485252582886720
1.518161009715489,0.337058662825775,-1.205653406192646,0.583607893452183,-1,0.441138711715200
1.518358570766321,0.337058662825775,-1.205653406192646,-0.196160732126784,-1,1.470462372383999
1.525262231931487,0.337058662825775,1.428005972779753,0.526111392082002,1,0.029409247447680
1.525602475963474,0.337058662825775,-1.205653406192646,-0.025256786132023,1,0.382320216819840
1.528247598921829,0.337058662825775,-1.168029738402460,-0.522352525354847,1,0.808754304811200
1.530596380303936,0.337058662825775,-0.627188559217011,-0.333599321384342,-1,1.661622480793919
1.530629307145741,0.337058662825775,0.283973308807311,-0.506035785137236,-1,0.220569355857600
1.532407356603224,0.337058662825775,-1.205653406192646,-0.498475320232339,-1,0.205864732133760
1.532593942040120,0.337058662825775,-1.205653406192646,0.371259926618890,1,0.264683227029120
1.534426869567279,0.337058662825775,-1.205653406192646,0.159676004724336,1,1.029323660668799
1.539793944781533,0.337058662825775,-0.871808109654726,-0.350510057081453,-1,1.058732908116479
1.540441506003703,0.337058662825775,-1.205653406192646,0.382798795188150,1,0.220569355857600
1.542845165455486,0.337058662825775,-1.205653406192646,0.891110073482115,1,0.014704623723840
1.545720776306477,0.337058662825775,-1.205653406192646,0.453908674320072,1,0.499957206610560
1.549496387500145,0.337058662825775,0.279493454203679,-0.519183670168730,-1,0.514661830334400
1.554896389556205,-3.800233473835059,-0.334678546632063,-0.544382550561961,-1,0.369262105150677
1.559396391269588,-4.710607326813921,-0.203464369052900,-0.533503718841135,1,0.485252582886720
1.566870784359378,0.337058662825775,-1.205653406192646,0.582138213915275,1,0.294092474476800
1.566936638042988,0.337058662825775,1.428005972779753,-0.493167139217754,-1,0.264683227029120
1.568374443468483,0.337058662825775,-1.205653406192646,0.350936896509804,1,0.279387850752960
1.570657371166980,0.337058662825775,-1.024911947162218,-0.426022380108228,1,0.941095918325760
1.573126884302373,0.337058662825775,-1.205653406192646,-0.080521447231092,-1,0.279387850752960
1.573159811144179,0.337058662825775,0.478368974888022,0.393265551377282,-1,0.367615593096000
1.574641519025415,0.337058662825775,-1.189594510109799,-0.550844901064153,-1,0.485252582886720
1.575607373051702,0.337058662825775,-1.205653406192646,0.491762343418120,1,0.058818494895360
1.577034202863262,0.337058662825775,-1.205653406192646,0.580357640630175,-1,0.323501721924480
1.577978105661679,0.337058662825775,-1.205653406192646,0.725403705695764,1,0.029409247447680
1.583334205261999,0.337058662825775,-1.205653406192646,0.116008622535098,-1,0.661708067572800
1.583959815256298,-1.519423734861933,0.688732517783442,-0.549445219725701,1,1.069984479748078
1.584300059288286,-2.819741752076695,0.550120391008746,-0.549373337322710,1,0.794049681087360
1.585628108574430,0.337058662825775,-1.205653406192646,0.615978527354843,1,0.470547959162880
1.587340304348303,0.337058662825775,-1.205653406192646,0.646625114108439,-1,0.161750860962240
1.588119572937694,-0.854752032900006,0.111176283293553,-0.486264167485170,1,0.117636989790720
1.588701280476253,0.337058662825775,-0.669166456058453,-0.214147348613094,1,0.279387850752960
1.588767134159864,0.337058662825775,-1.205653406192646,0.165028087704575,1,0.117636989790720
1.603364700693521,0.337058662825775,-1.205653406192646,0.607226397292104,1,0.132341613514560
1.606876897152747,0.337058662825775,-1.205653406192646,0.637986036317770,1,0.617594196401280
1.608040312229865,0.337058662825775,-1.033103417928636,0.502577677446133,-1,0.602889572677440
1.608314702578242,0.337058662825775,-1.205653406192646,0.692910598498361,1,0.852868175982720
1.608720800293840,0.337058662825775,-1.205653406192646,0.538980509052618,1,0.367615593096000
1.610312264314427,0.337058662825775,-1.205653406192646,0.513298801247422,1,0.779345057363520
1.610915923080856,-1.779976457903531,1.068869645225560,-0.515984479289607,1,0.126223511837646
1.611706167284182,0.337058662825775,-0.281863141446151,-0.541138798245598,1,0.411729464267520
1.612584216398989,0.337058662825775,1.428005972779753,0.432127269901285,1,0.102932366066880
1.618598852835413,0.337058662825775,-1.205653406192646,0.650600785676228,-1,1.117551403011840
1.621704951579041,-5.941756753417602,0.214816047174875,0.127573869967841,-1,0.102932366066880
1.625590318912059,0.337058662825775,-0.816090411833186,0.608545340466252,-1,0.105408160766624
1.626226904520294,0.337058662825775,-1.205653406192646,0.013656748016679,-1,1.308711511421760
1.629245198352441,0.337058662825775,-1.205653406192646,0.695840536549504,1,0.176455484686080
1.629365930105727,0.337058662825775,0.963241468513114,-0.538734459049353,-1,0.779345057363520
1.634557395497020,0.337058662825775,-1.205653406192646,-0.250964705217168,1,0.808754304811200
1.637334225822595,0.337058662825775,-1.205653406192646,0.247358404839427,-1,0.896982047154240
1.638267153007077,0.337058662825775,1.428005972779753,0.384098896316953,1,0.029409247447680
1.645642765571452,0.337058662825775,0.443710017460745,-0.425795333461821,1,0.441138711715200
1.650230572196315,0.337058662825775,-0.506451078647401,-0.272638709977489,1,1.102846779288000
1.650856182190615,-2.461107677938296,0.682956902765356,-0.506572971850021,1,0.338206345648320
1.652052524109539,0.337058662825775,-1.205653406192646,0.067607176452935,-1,0.764640433639680
1.652293987616111,-2.880833433525931,0.226688583655283,-0.498920934604748,1,0.397024840543680
1.657233013886897,0.337058662825775,0.336001249838911,-0.495273020415735,-1,0.176455484686080
1.660975698238759,0.337058662825775,-1.205653406192646,0.274478702806712,-1,0.676412691296640
1.661831796125696,-0.517243420374157,0.154210277545962,-0.463859091365465,-1,0.279387850752960
1.662951308747074,0.337058662825775,-1.205653406192646,-0.282346131739218,1,0.514661830334400
1.663807406634010,0.337058662825775,1.428005972779753,0.271345270665843,1,0.041808605518167
1.664136675052063,0.337058662825775,-1.124928322469949,0.296008565920143,-1,0.691117315020480
1.666002529421026,0.337058662825775,0.212472090327590,0.125358987537540,-1,0.808754304811200
1.672401312345178,0.337058662825775,-1.205653406192646,-0.220474507439935,1,0.514661830334400
1.675540337930611,0.337058662825775,-1.170063450174903,-0.250234575960050,-1,0.941095918325760
1.680951315600606,0.337058662825775,-1.205653406192646,0.094960173680230,1,0.926391294601919
1.688074489044474,0.337058662825775,-1.205653406192646,-0.155415751170551,1,0.779345057363520
1.690796441300373,0.337058662825775,-0.987883223025742,2.634413792889555,-1,0.018688625685309
1.692936686017714,0.337058662825775,-1.205653406192646,-0.249345231419768,1,1.073437531840320
1.694286686531729,-0.112995725769975,-0.274562637647639,-0.518117869873792,1,1.294006887697919
1.695109857576860,0.337058662825775,-1.205653406192646,-0.464470515736909,1,0.823458928535040
1.698567175966411,0.337058662825775,-1.205653406192646,-0.107480645710677,1,0.676412691296640
1.708511082191594,0.337058662825775,-0.580285719336892,-0.512857830285063,-1,0.999914413221120
1.708565960261269,0.337058662825775,-0.925476820479425,-0.488251155377024,-1,0.161750860962240
1.714317181963251,0.337058662825775,1.428005972779753,0.319091955672268,1,0.014704623723840
1.718015963859374,0.337058662825775,-1.205653406192646,-0.086721422251855,1,0.941095918325760
1.718125719998725,-0.368625073904155,-0.289442813138833,-0.515040304397371,-1,0.249978603305280
1.721067184533326,0.337058662825775,0.903431064016651,0.473636295796257,1,0.014704623723840
1.722439136275211,0.337058662825775,1.428005972779753,0.424939029602179,1,0.014704623723840
1.725314747126202,0.337058662825775,-1.089119772723751,-0.248060203927241,1,0.455843335439040
1.728069626223908,0.337058662825775,1.428005972779753,0.344046360527148,1,0.088227742343040
1.729134260775610,0.337058662825775,-1.205653406192646,-0.235630106613163,-1,0.838163552258880
1.730725724796197,0.337058662825775,-1.205653406192646,0.594121754754677,-1,0.749935809915840
1.731000115144574,0.337058662825775,-1.205653406192646,0.481860848589337,1,0.529366454058240
1.732975725652888,0.337058662825775,-1.205653406192646,0.072391171766023,1,0.632298820125120
1.733754994242279,0.337058662825775,-1.205653406192646,0.580875796877162,-1,1.058732908116479
1.738386703322883,0.337058662825775,0.192748615238466,-0.464790830507774,1,0.352910969372160
1.738397678936819,0.337058662825775,-0.988858203727837,-0.309121620276689,-1,0.014704623723840
1.738979386475378,0.337058662825775,-1.205653406192646,0.320049131575792,-1,1.573394738450879
1.743402558891215,0.337058662825775,1.428005972779753,0.249327398577977,1,0.058818494895360
1.743973290815839,0.337058662825775,-1.205653406192646,2.318837796429302,-1,0.403279942737394
1.745542803608556,0.337058662825775,-1.205653406192646,-0.023654270175434,-1,1.088142155564160
1.746135486761050,0.337058662825775,-1.205653406192646,0.219668135000457,1,0.588184948953600
1.748824512175145,0.337058662825775,-0.951693319401468,-0.305236390526556,-1,1.896896460375359
1.749581829536666,0.077551754715492,-0.941713330550790,-0.551400929822283,-1,0.720526562468160
1.750009878480134,0.337058662825775,-1.205653406192646,3.040949763252656,-1,0.426434087991360
1.750196463917030,0.337058662825775,-1.205653406192646,0.473918926476432,-1,1.073437531840320
1.750887927594940,0.337058662825775,-0.777683757109631,4.293371096310230,-1,0.014704623723840
1.755168417029622,0.337058662825775,-0.139940504832086,1.228147159590290,-1,0.029409247447680
1.755815978251792,-1.066424974998023,-0.896538171223277,-0.518296775094342,-1,0.411729464267520
1.756891588417429,0.337058662825775,0.558174121389644,-0.464698504485583,1,0.660287805129404
1.765968421141741,-0.547861663670945,1.248066463030221,-0.550956917023729,1,0.461386986708319
1.766308665173729,0.337058662825775,-1.205653406192646,1.027036588600738,1,0.205864732133760
1.766714762889327,0.337058662825775,1.428005972779753,0.352670364681541,1,0.014704623723840
1.767900129194315,0.337058662825775,-0.519419217429461,-0.138382542178697,-1,0.102932366066880
1.767955007263991,0.337058662825775,0.073191014070634,0.048798104687317,-1,0.529366454058240
1.768646470941901,0.337058662825775,-1.205653406192646,-0.065861393850437,-1,0.529366454058240
1.771445252495346,0.337058662825775,-1.205653406192646,-0.372873680701400,-1,0.691117315020480
1.772444033363439,0.337058662825775,-0.857230804992114,-0.115246394699607,-1,0.279387850752960
1.774276960890597,0.337058662825775,-1.205653406192646,0.498715058150414,-1,0.029409247447680
1.780620865745074,0.337058662825775,-1.205653406192646,-0.120519341089397,-1,0.647003443848960
1.787096477966772,0.337058662825775,-1.205653406192646,0.163724218166703,1,0.617594196401280
1.790795259862894,0.337058662825775,-1.205653406192646,0.116330821510497,-1,0.220569355857600
1.791969650553947,0.337058662825775,-0.278307701284538,-0.477411891951423,-1,0.117636989790720
1.793319651067962,0.337058662825775,-1.205653406192646,-0.353935540925169,-1,0.426434087991360
1.795415993329563,0.337058662825775,-1.205653406192646,0.595968275198484,1,0.441138711715200
1.796063554551733,0.337058662825775,-1.205653406192646,0.731141108503308,-1,0.499957206610560
1.810584291787844,0.337058662825775,1.428005972779753,-0.520374487434532,1,0.437775795960326
1.813920878424109,0.337058662825775,1.428005972779753,0.291851068614775,1,0.058818494895360
1.820659905380248,0.337058662825775,-1.205653406192646,0.461671597002200,1,0.426434087991360
1.825785517087931,0.337058662825775,-0.764723519305708,-0.481879623533395,-1,0.117636989790720
1.836629423655791,0.337058662825775,1.428005972779753,-0.505437738617986,1,0.279387850752960
1.844048938675905,0.337058662825775,-0.786280021322597,-0.094876259477158,1,0.499957206610560
1.846266012690791,0.337058662825775,-1.205653406192646,0.167920341665028,1,0.691117315020480
1.846748939703935,0.337058662825775,1.428005972779753,-0.511694522405464,1,0.117636989790720
1.847835525483508,0.337058662825775,-1.205653406192646,0.079681159109993,-1,0.367615593096000
1.851819673341942,0.337058662825775,-1.205653406192646,-0.042212742737963,1,0.808754304811200
1.853026990874801,0.337058662825775,-1.205653406192646,-0.098384648320392,1,0.705821938744320
1.853114795786282,0.337058662825775,-1.205653406192646,0.286486738305062,1,0.867572799706560
1.860698945015423,0.337058662825775,-0.352495252330811,0.051686590238702,1,0.161750860962240
1.871608705266893,0.337058662825775,-1.205653406192646,0.376855071984079,1,0.441138711715200
1.874561145415429,0.337058662825775,-1.205653406192646,0.195722721673801,1,0.544071077782080
1.876975780481147,0.337058662825775,1.428005972779753,0.601564362665940,1,0.029409247447680
1.882803831480675,0.337058662825775,-1.205653406192646,0.032902955234300,1,0.706891041309517
1.883714807437287,0.337058662825775,-1.021297249664578,0.631127531812200,-1,0.558775701505920
1.890036761063893,0.337058662825775,1.428005972779753,0.434454262501389,1,0.073523118619200
1.897236763805306,0.337058662825775,-1.205653406192646,0.655000403264279,-1,0.191160108409920
1.901934326569521,0.337058662825775,-0.891992475135170,-0.354948300862461,-1,0.823458928535040
1.912053842617665,0.337058662825775,1.341182124033170,0.644571331165837,1,0.029409247447680
1.914896526626851,0.337058662825775,-0.011320481741211,-0.427060576806736,1,0.249978603305280
1.944980684422907,0.337058662825775,-1.205653406192646,0.484998049139275,1,0.323501721924480
1.949524588592031,0.337058662825775,-1.205653406192646,0.232846261514730,1,0.426434087991360
1.986940456496721,0.337058662825775,-1.205653406192646,0.569664779896904,-1,0.117636989790720
2.031238034338706,0.337058662825775,1.342124974090842,0.421321356895944,1,0.029409247447680
2.057777068833731,0.337058662825775,-1.180924213731690,0.284399039680839,1,0.308797098200640
2.111272211153314,0.039097944164089,0.976520379101893,-0.510348352475793,1,0.467510685059383
2.112984406927187,0.337058662825775,-1.205653406192646,-0.436979971578596,1,0.764640433639680
2.154560032513273,0.337058662825775,-1.205653406192646,0.490744872969491,1,0.249978603305280
2.425482086886805,0.337058662825775,-1.205653406192646,-0.250612358969217,-1,0.264683227029120
